Z1_mass,mass_4l,lepton_1_pt
93.1912534324665,98.71804734119851,24.07804269930577
90.5191466705535,82.29447309897498,100.30364292752564
92.07634472080008,98.4112819114514,49.50237080636348
87.97905431596915,128.65505891984412,37.3882766132786
90.52936882593212,187.54421580752884,15.088746113870387
84.80296656642861,99.02818465849056,15.087888757438154
90.92397368931448,155.9714570858117,11.79516305826042
89.02837501678032,82.53413834979919,70.33692593439818
91.6898562974158,228.09215922540736,37.57246460881794
88.41683445616648,126.80932115397768,46.93750185113771
90.9680200771426,165.76340436072695,10.623979239974158
99.01257816262246,128.19428681689345,115.10672425474937
90.7261056636757,144.9791469218526,63.59288630064025
89.67808133454032,124.59602489806662,17.16062875746841
91.4785877271121,124.66591266451276,16.0203696624899
83.6273224830086,147.38819778424875,16.078342684967712
90.21035593113328,115.80533148656616,20.882611883814317
91.0365443255004,97.19828026725054,32.31783492582564
91.68975023076024,87.64416593453295,26.9661120034101
93.8507679951917,265.0605991511419,20.326689776618245
92.18646128706672,89.98086788566312,38.39112621699396
88.33177861417597,137.43296818479038,14.50703586182016
86.4943443509489,123.3901541742549,20.36546536007207
93.71116144639493,124.9498939264011,23.68831654662541
89.66735532364117,124.88874648700347,28.26804063579325
91.9242321319865,125.0657201476669,56.13808033092736
94.9556500730784,126.10871917856322,16.68207586386071
91.8879915182508,103.28811944244518,31.660874650993836
87.32525914396791,102.80656235982124,36.92514163929282
92.01674438479756,83.06036146669445,11.426915492692256
90.58637338860362,110.33797296935178,38.0599906194883
87.69471002513177,126.51317580568468,15.608837559322492
93.61820526758912,193.89023893914185,12.017917926379129
92.0642437972886,124.44659007301642,99.21063380520792
95.97065930853,85.69962217766016,111.11891027383518
91.2818223647988,126.04647675137358,59.5699471843863
89.41428240482819,122.98423114891337,20.89863579906275
92.08908766002324,84.39164237105882,13.083319450075187
90.48462111174736,130.5734247917651,44.58252289295985
94.4290373652318,127.65242692783102,27.40272527756195
91.454941797334,117.28039700133132,13.90456701863346
89.5714375184209,264.13386185100296,30.506416844024503
91.7035325483504,125.4968406788733,11.049811643304372
91.9905058231484,132.19188300688938,82.01268662179072
91.7595447188203,113.14206057920768,18.983733305220586
90.49079708844394,106.42249763643396,42.58767395694941
91.43337977835124,122.724401508931,21.206397449728712
89.7876884756288,85.66177504463647,32.02332687727686
91.8121872531656,124.46364008764591,33.73671393945393
88.89595898284789,131.79030258272206,16.131657985237172
89.2458121449238,202.92731328234044,114.7842139820868
96.10920273965549,103.20048564414438,54.76736131414423
89.8970199016107,126.59473751974514,94.15283257874746
92.19279841796876,127.77296041553892,77.5645599260259
87.1389802492689,148.2248277600297,37.33163237149825
90.33568042101156,123.66638722809373,86.48306137808216
93.42435186500336,105.69507681351683,12.779663768593467
92.17579542739536,123.45612871077648,16.544040838938024
87.10242106065735,125.07959041253253,11.388458970604958
89.58534641859738,161.31107588191338,21.805962604092606
93.54543473512588,125.25026956080772,24.76390875382656
88.32808293616183,89.01765593665368,19.49681329626477
92.45217059160582,124.74394457584464,62.93673595722802
91.82678920065838,124.89481484651986,23.236809985896105
87.10075816240179,169.08240593106848,19.89408520402748
92.97978811241477,88.69326715476899,33.47221249623238
93.12823574233084,238.8391640979734,14.556944434618869
90.97436270913958,82.46322119330077,58.614507873241934
91.87114010774124,92.97230176847204,12.32427606433927
89.37429032912006,100.275391883372,140.0243901876196
90.55101759303857,88.73545191282481,54.38451328724534
91.72008929798682,108.21728306001064,16.646183215176578
93.79235179687052,126.37554663972765,10.166122611278064
92.34599045723206,125.3644102478681,60.69690332458378
90.20233601531726,114.76306586462456,46.81287722161134
90.39862786866516,128.52006193949342,49.16988726363997
91.50634816476853,124.29960555004378,54.256435781305406
90.6178190703756,124.68767530113551,12.30787796541389
91.15298937432948,123.79575954293708,23.31678017248697
84.56740546276977,101.41619781622438,13.69450313813349
89.01710015188218,327.0221509770313,69.65588714974669
95.5359164378427,125.5575086952487,39.28903575137122
92.29755378730322,101.0359436295621,22.05456403753903
92.5012643853387,125.70392902834564,11.970041974143486
92.33074664841888,82.81704686108556,21.174650512310613
92.09549161625378,186.9377563201013,21.79942639552394
91.56724843983048,194.4808696508512,49.23627351873223
94.1627513544111,124.14208879703632,40.4466807677806
92.47944439137316,167.30002641423692,75.46755737204545
86.8766892719334,81.19821246818059,29.17198400128929
89.45883527251968,128.29441788402403,13.821171808465056
89.71184931071362,112.81687533835384,47.47379032949798
97.11280214629537,126.81210540261314,52.911782592305926
91.49572961483145,125.83670741113548,34.71662484657486
94.61102100314623,90.0854688777332,54.21669900164093
90.65422075934394,135.31172886460865,30.424441945308335
92.05115445193042,130.15122465680082,32.190365163318006
91.34992148246496,123.6630286643928,26.73442581725282
89.9020947231041,122.11205184498117,10.772433219703412
88.91956133792357,103.59203619244946,13.425023055755975
91.19653208021188,84.61578013311983,10.958010438791614
89.248138503652,102.44367688171728,40.35188652782648
91.5623793748684,148.68615215196104,21.321901263852997
90.12125211433695,232.2932070780313,31.3131153140257
93.26765984230272,88.27711308070462,81.43796589537926
89.1722053568327,145.6596609101873,18.60216468949895
90.94274508712694,83.29005222559147,25.84845924648018
90.47462728485164,124.69677908620604,52.2624744261575
90.2945074327602,86.13403306180939,17.79415470752182
93.2068217056696,196.04024697110248,12.403128356505292
86.84939121801314,96.49929256444108,20.26420911661171
86.4907536870073,95.23217897770373,15.274250755001884
90.39534419315218,118.0962096152874,89.64850257641874
96.0320424378232,172.8658816940749,59.52661241453709
92.08719403727946,124.11857119393704,40.10482571561593
94.84216594354449,126.06251807092418,71.54559191562439
93.8800543958094,107.00305461450928,58.839068222216696
87.68586066461103,104.72952783945917,16.19486429075917
91.15828591098315,197.38399056462964,76.92440215706684
89.00765328417458,135.92349248275735,33.25299705898516
88.60755780769337,125.1805339914803,59.42044873910699
86.96988432759522,126.03638692479092,77.92727947858694
88.87604766175657,128.60053491814384,21.481921492549557
92.39918292795409,147.0464140007643,13.497764803715524
92.80561313402234,125.72858237855786,17.76060238418144
92.07543676658617,125.83414475012307,26.71173078245843
89.00240721579803,88.3037562794917,61.11489179916836
90.08970001957262,125.5221871986226,69.14034915639499
88.64711056910755,124.69174613297922,10.20929227544952
94.57296263079397,124.74930830853975,31.446284780156677
92.7908772686304,189.4088022468349,26.208199627560138
87.28660755585832,98.8052575351193,17.535020148274736
91.90240294169884,108.23934510700434,13.830411746369403
88.51094965930359,125.65598193860832,22.35725739587297
92.15039061450972,125.41776833673248,95.8936336807345
93.0842911025546,111.7237870210434,21.711514086444232
83.89321033876247,124.80611572867394,31.94358417280456
96.79265192807112,149.0792730317877,46.42260930642565
93.96917096386304,124.89854127539296,23.55923496900887
89.25995149400667,177.4054835952346,117.033944148751
91.09097831317284,118.54003683574622,108.46029593624192
93.0517904020933,116.19743434948202,18.70183884976616
86.16228218910055,146.1141689707694,30.629778353915416
92.23265900933784,205.30468549955603,20.7379138023714
92.38403928937004,125.00853347378587,20.05749029143245
93.42575691492264,198.62127508148544,11.127534332965675
88.86278604334913,131.77870341836507,38.21476212947779
91.94362950569514,126.71480953654768,30.955588984889157
93.60972385296792,152.74720447020377,11.585532621411774
88.82717612704319,135.19815720568943,19.79877763031108
92.80158463137188,250.32303475963408,81.66582853268021
88.80446471704823,122.16572850283396,18.21581656426231
89.84852583486614,90.84011226742524,14.695925829564093
86.85542761323798,229.4729687790255,30.168163284209086
85.09559299139165,96.2219042074952,137.3211094784578
93.28955111986326,99.77222910182904,18.314344406791783
93.887845947349,83.75440803192184,43.4546503089188
92.23469590021854,124.18805721413236,53.01662878718388
88.5891027165594,124.64328677876011,18.13999517007417
93.15897864982811,125.10746347568984,49.08246785476948
91.79322493567976,126.2413090394988,23.75568397792912
92.47757525256505,93.0832793640542,40.01511243195314
92.23673833213236,92.53012570070504,40.11513481412915
89.56031832582588,131.6899458588371,33.02155749857046
91.44533930931594,316.815558383453,12.838874764348628
90.28413260601026,112.6904845634458,64.10934382738891
91.53403893081304,104.8471108624392,21.604308810021895
93.09436725902836,124.57676892069878,16.192963198226696
89.69253997372189,126.43130632610163,11.248892793830356
93.04479898137308,148.97072286004547,36.81335213783751
91.33513273126704,107.29950044526998,43.95555202802046
90.84414020129074,95.6422408214234,10.50180842675412
90.8552500212225,121.97695369914726,31.52891753648465
93.0617599126963,125.60313058534766,17.70472441164873
90.7591041625528,233.76501419144185,41.08373024643076
90.92120404987048,126.15809947433809,15.748126676174014
95.22300975392136,92.6183781041671,45.226375827031575
93.28169097947372,107.06322186028947,24.668761029433053
94.16495674065352,94.0913658340798,92.81031453412922
95.30191363432613,139.4773028950533,14.438332403178368
91.83101259346714,124.75093799731124,22.51397301985515
97.10712781668276,170.7513091552807,13.613328551109891
92.41849180407496,149.6410506603121,87.58571191452171
87.9003618783556,82.52443225918852,72.95001121482983
89.89558082649143,195.46420423660965,18.94982110184467
87.18792452556947,125.6510585991977,42.36288217131744
94.11447104581498,104.45477046681054,60.98452217917664
91.74879019559714,84.55948537756504,34.30397082059524
89.96690877082891,122.78220734232733,32.62838230581838
91.65039951582048,85.10538607377187,18.30631136313709
90.741535704296,118.89976558588788,12.93178421424822
89.02289354253976,125.00571659375606,78.25369675583569
96.68441569576194,157.84983576933058,79.2032328294528
91.5768159568758,217.78673992817963,40.08009758448654
91.4190764777891,136.18848965518137,22.42139529433972
90.9558231814187,80.79485173147316,22.88702847434932
88.27980430159907,105.12288643473909,48.83396289181354
86.85612740970271,124.79400620622454,78.22292047321757
94.35825557545722,223.47701308419303,75.4339770818984
90.04264088718948,159.41031107932912,55.4068657579271
85.63441973580481,94.75704741439895,40.81932080703115
87.5210194678369,125.9271720416356,12.636751785882522
92.69000175781729,144.41504638559175,15.288826440502344
92.93438689005671,179.51624879233805,78.64691500532517
90.05397645917846,124.44859059757296,37.974818408967685
94.02391085863589,103.12813908666382,10.277188168329833
87.70084965544153,122.0441666610162,13.20990704307848
95.20364551693746,102.75346432670996,42.67487161870723
87.04408189350765,81.78393612558607,10.15223311155391
92.54319995045516,101.9853466131752,15.25947448312597
91.81281175217968,125.90917718045084,33.87093538416795
93.26060710574096,80.60176982524693,45.31945859964438
86.79231500525171,109.30595648390477,41.663244464057456
90.51425418108256,96.21346290031528,17.618496019240734
93.82203553599813,137.99878485799826,47.36251866695616
88.47911929473034,112.07816694945711,18.12471277158418
94.78427023408186,103.02226647984712,21.80904726754253
86.21900696112279,100.85679971809816,51.17072654997372
86.93178911445153,147.31340370113003,41.46321442908304
89.035132360316,127.7368124912436,66.75868232390204
92.79647629053842,180.2460082441522,42.15439864509287
94.72359698781878,125.834436930714,35.20132916761772
89.51340142536733,133.47515615101497,12.950711843452314
91.75419202309293,111.00246578165708,23.7524892162106
94.3308244395839,92.82542812990914,19.244804435764934
92.72665645892177,124.81008314792648,18.39100610987264
96.5310964046807,104.24250448995204,118.36928218488777
89.59033012275223,126.85521064276044,24.98162491120071
94.40378642358388,129.92926660786148,76.78165633745569
89.30734648571251,122.7919687954972,39.920031572094494
92.07669144361756,89.26544731353462,57.514757580652
91.4030395848823,85.8703832854246,30.953059731663117
92.08693944591742,82.88280486772736,35.804677079247554
88.42738104960233,126.54686997296352,30.348803000250804
89.84349527839623,98.24586744740436,16.516446859757153
88.85013724190351,133.39741326814172,48.45285409197411
89.61203498755913,116.93688624516297,19.88732105098789
90.9639517588468,127.61898884691084,10.73849443242066
88.71794171626071,165.59998328384626,41.10906358885822
89.36047752380072,84.13430565087863,15.84800710674468
92.66032751754808,109.3371405878906,94.63249441819907
92.00609503855136,94.12679387108784,102.32687238364068
95.46029179961558,105.32922414336537,83.90529653901524
91.55957466561276,177.42459989270748,23.868621894921
95.5901062161541,126.58923162755303,10.467319461158333
87.41934832273529,85.98705904390899,89.06570371995669
86.52208063262992,124.99983537853268,26.76814831159184
90.285406756016,317.4623145397748,112.02526048366168
90.06731475689757,188.7921458288196,109.41206428390616
89.28055736489607,126.03689238970291,67.52161051538258
90.13635370568944,178.27138619240577,20.46328204516481
93.04887156905006,85.58153721003724,24.58875796296081
90.11171159342068,125.30793734448014,67.1417995743424
92.9300660266316,157.76036035312114,21.434386942921517
94.30206277566693,182.58313098603588,15.571558488872643
93.08838867900012,124.78079944553376,34.41210976180683
90.66649550431988,83.45435741815933,92.53880412421124
90.13067225667815,139.68692942789505,45.72476793273812
94.46175353377215,123.35620468258205,35.32337009306967
95.36796576744116,124.95350617545328,13.066845920479686
91.9784657876285,126.00719256662232,38.63592146553153
93.21721609511772,84.94054395005759,148.31709243538953
92.75046870238008,108.22764807364344,14.527617599267924
89.57328840545934,309.9831508707111,31.91485974944511
91.4959596131522,118.91755254472044,72.95825913702383
92.10071681049916,126.60906072582146,50.5010274506101
94.6283494419659,124.49811569477964,45.8222327590502
90.82103229350405,124.45043093900053,46.3686266867347
88.25218850568147,125.13073918639374,23.36477026944847
90.83345198954856,87.09642499336799,20.42686252801285
90.73945779046704,126.05626796954684,59.721235217791374
89.32275057129212,120.65391895666671,59.83984597261086
93.73468564324604,251.6347598322643,70.53850142103744
93.93036376497844,107.13768045093414,83.33847885509908
84.95431897247039,178.19699797495386,31.48279710798711
94.38681338412891,125.95576285623008,30.885531326535972
91.95230302715774,308.3450662260861,58.02849796925462
91.46394439849342,103.22172393648864,41.49157224663401
92.45530759689284,123.04550550291756,46.31651945534551
86.84157345844905,115.9892506755003,57.65858424862615
90.01040449797316,124.63730800334838,76.21970429040302
92.90785723599416,124.31689171301026,22.374472214129625
92.54934199624115,118.03644805881764,24.12810366182669
90.35004815340122,81.54620725595872,12.960881175620816
91.33718056202456,129.90108204397217,35.90242079828304
91.54290931941354,124.15319357186245,11.09812312632571
92.19808769854912,125.58865725653418,28.79820844546329
96.64221396773016,126.60007238455516,33.46883757061378
87.44884891383703,88.29300995233068,20.12891980943568
89.09227952737962,125.32157709474764,36.80897590438526
91.215452350198,127.7198290943086,10.929251863044236
92.36905269531114,106.9979685672731,11.141904978483682
91.31062438360016,121.63527851567927,61.88054108614408
88.78480505242052,126.0265713269602,23.39755072623234
92.40670054692,94.55087228448306,14.07667123892284
92.02324665402476,164.04580176074796,32.15960764837047
91.80690433892455,98.97008614694803,54.089438213372055
89.77699778498231,183.7441586886635,17.2935401028971
92.39255869638328,123.30420277185588,39.25658855969479
94.17147996852232,123.83331036733551,12.67633086969692
93.30209801802516,125.3775858423517,11.591952877309282
88.36124492317668,101.08469809033971,32.73726821876563
88.79777400970869,136.4451201316652,33.33731328084227
93.06251117541724,186.54899854969392,40.43612344613848
89.69085929944737,124.46006320840532,48.848816887500526
88.09703349123393,243.75893846977613,121.70671026099978
89.74037989571771,130.11816733569847,31.788733576910687
89.48683619143033,125.6908235402162,21.700591423179365
90.52201573008368,124.67746213539492,57.56961939198059
90.7267768938561,143.5531276562523,19.47554396308412
86.75676765820047,141.7676650619354,27.33950293819904
91.78044293991448,83.69170740738653,12.451155057510096
92.390874803251,171.1305394228468,10.770328286244233
91.55953373696173,125.49534320368056,108.62139769805806
92.60487810736002,124.43959778330112,64.23302926345187
92.52346279303006,114.2576883092932,45.71928198398025
88.09514653026116,125.82330617808282,25.775789333954258
91.14426783679676,170.63550678571664,15.709196084263262
91.98960524237988,179.16702843909866,15.103622247185625
91.9651828069218,123.65632483184206,18.64017967379751
94.73092530284124,87.09317255429,33.90371944939944
92.22089475637613,125.14929743450142,47.61547863330327
91.37193284448792,90.57046345687218,42.38171049090396
93.35607277591868,90.94430991188024,19.85236784166988
93.47474123720636,138.02070881123936,102.9431049566892
91.36081305161905,125.46741690685802,50.17052214625679
94.48966208853258,86.13107493172414,34.24691445793994
91.65733966598192,88.16104064507188,38.38091416112305
89.92551792357374,123.8045347246648,26.321135965961545
93.5281133295874,90.28987193872896,18.539838768221905
89.43049267200182,136.80442300833153,23.20042387969337
94.83374239030135,137.5714567720006,52.5454554327014
90.01535349958732,125.86719055250474,10.434942391624128
88.71794210027294,123.37761560419251,13.701411767199282
89.28864677877334,125.11730225751302,11.412831308575615
93.14794649368942,99.67083519904924,11.247443557518771
89.58161398461662,86.17325337663117,68.02609100846976
89.2798048887559,116.25167717642698,46.48721835102065
90.29591213189038,114.42450617059988,29.28353783238677
84.57001054336551,93.36717562126948,13.088707553434398
94.33715037717354,104.91484522654852,30.295538973917
87.57753549083748,93.36350893601976,29.243509962831137
94.05265437419077,123.72730701402784,15.70584138400675
94.1324400153064,116.80372274745804,27.066973939069715
92.6803015028395,184.7121129603197,25.25009843749621
91.27037193850585,182.73141332622188,38.70167298739403
90.9945939886437,112.86320899377742,40.24343608122736
95.26996086625054,118.17759201414847,11.390869720616042
96.90694287611431,99.9857425153577,24.081520139651843
86.33719032488281,118.6667342769828,39.49374984348185
93.0198037680144,127.64306683416208,30.98318357823369
90.4783321197072,129.31258688326338,68.24048359526316
96.68457250723088,82.12385628366766,42.24924292164994
91.87085930704548,116.8809826687617,15.33558606301922
89.42094187246057,82.64210554186411,12.195473087687226
89.04837065493848,125.69080602140936,40.85182441326673
91.05520324739656,125.02094986069343,10.806072180021832
85.85029514967849,100.1683877840336,36.44042133421872
88.319967616536,115.32933153883928,94.51766366161456
87.5843904804938,139.0622677237552,35.70347336732634
84.60675580559989,176.86777321990587,24.739020766717218
92.80545217578047,126.42153127889569,40.92481473534946
93.02843050917306,87.60399985571961,28.388679221532737
93.47601371215826,124.55364152339676,33.664430817289606
88.53356906602363,137.3554431573412,95.14381438698996
92.38279112888402,137.53818143877766,24.63782582050561
91.1403999821774,123.45141929769684,107.4727558452026
88.59774827268672,115.2945913197386,80.72728551309757
90.1947221761842,201.02802244135205,16.5368878282135
87.85622907137453,202.43528285112893,12.15652465909471
86.79909083180922,88.09515433338981,13.186760064448906
89.07431903665729,124.68635630213218,10.551696635417011
89.64547857598963,120.1361232166348,12.976150349672624
93.29095264142246,125.97237127561318,44.46624617731501
89.44487808961794,81.05158318622715,12.215488808392813
93.73345834140164,124.5384976749103,21.52471564884605
94.05618853575832,124.4387138774264,65.90578120291832
91.62683306888688,124.59711920136884,10.706410095421344
90.0701129106952,124.24679858405528,60.53591518557876
88.67837196133391,126.2842570913424,19.93250400518888
89.00514123898381,156.1576620763014,13.772503594873228
92.90027559164864,98.29279829960744,45.7946622531974
93.28067228778043,82.76328193192349,39.74197529299661
90.35477238784226,215.56206359287896,72.9824744226084
91.60520134839598,127.0549672982084,49.84880736293201
87.42660597774362,139.88822963507255,58.80987417981935
89.81661743703684,82.34993764732437,19.94001586920216
92.15593544170832,289.039776944217,15.859998881213407
89.56466684401533,117.63773285140002,51.66269188016274
88.12739419796014,86.38104582550287,59.32627549730259
88.94519128969428,120.12799578827008,149.71014670420692
87.56129867827804,98.6728257047212,25.96238062457815
88.56366941050669,85.61451507808269,23.95731735885198
93.20982479210484,126.3754283862806,54.938635100307614
94.7483506170943,99.61154850509624,22.502010127922595
95.42950664262396,126.03460831410716,90.1041377319798
90.69353938882772,149.52789642785876,68.64517471498748
90.88950831591272,151.4155982108546,26.81066828326479
93.09860565497382,98.33108217504244,51.69354149486383
88.04502817139311,83.29011843806025,52.13898960565052
89.18761521603075,124.35325602690482,13.26512556420154
89.47944438783955,124.89315243976203,79.85337042602896
94.61539712167384,164.37515873798722,31.11122469270263
89.96122717974922,125.53670680655378,62.5399767256999
94.21714855307933,123.38279715733331,21.572062784935248
89.45155906046668,126.40717464119275,77.76371543637778
88.55428249784421,107.06453366156406,24.789653621805137
95.44922668671104,121.09821179912886,10.326904198455264
91.67570881535528,181.5472568149168,80.73721890887361
89.45710863010187,88.47473244990921,12.871768316454258
86.92051171172982,140.33674971651104,21.539609001551167
89.7426555997781,208.0149389144896,99.90917149564856
95.78302476263396,155.06013934465474,100.23848620311968
90.28367757248438,122.7944068461599,35.55991873165792
84.87238707914902,112.66785964727023,39.97690241171574
90.16799733021708,86.31627722398534,27.85043990868573
93.19687222215664,89.32197697321358,20.41068336238591
90.50563106744156,83.64476438413742,21.954590036511693
92.60369304102107,102.5692750434818,43.48970739785519
92.21855485688562,205.9504564627939,51.87513620989232
90.55489858277484,300.15573330022164,57.04586248663446
89.31156818993345,82.02852818811442,56.764930955462255
89.85383802348088,99.65290439336088,12.869108396209583
90.0069186461565,93.31397579066768,30.46148789720068
87.2252147803993,169.20799189494784,11.778451193462134
92.38748836508935,181.02993678370976,33.923839470861786
89.47608803376194,125.20995791943643,27.476658249618502
93.98823810819135,90.76482645179632,75.59855992662403
94.4210757884248,125.73151953390852,22.965748584036557
90.15823847662436,84.22763042830023,13.735179326573526
91.10891728715094,121.37406888598564,14.62922963626358
89.85297183221252,85.86713503831551,53.00291641237281
87.35391946810249,162.74283533619507,38.88717039244105
89.74282310043237,141.75180840348662,13.198261367361564
91.19226506066175,125.36477303261437,12.635665650058153
92.57835517452536,125.45288678832804,46.21625414959299
95.71979778323126,95.44138798534546,12.266382685773914
89.64001798072644,124.9866235620512,61.75557561425744
89.03327215025335,88.80096252395109,46.74999259390015
93.42191998093436,125.2571792519617,12.545462517409362
84.32227586267585,127.28633146670022,12.6596160333342
88.69724467932598,127.40229541963346,139.46375686174275
94.0017599808278,125.77692583271433,24.065127476568687
88.82361386394884,106.80958510629932,23.89165781425937
89.84579907266931,90.74943957887436,60.26726209848031
91.17683019713654,126.49019764879452,98.26493613889733
92.89003133280036,126.22185187533536,138.06321818805952
91.08481075220718,122.4055791545649,51.99697690349025
91.05296754593093,107.79823494219843,24.160629988573767
90.32962547237628,309.7106874966412,12.615819810938715
90.4966256084516,124.62389090345305,55.03727621363877
89.0921569162389,126.58058674213436,34.52081222684479
88.60011989765157,126.32363962340732,26.560993759149213
94.33645652095312,125.18387457603733,81.04713026434271
89.520241778871,89.04694053964491,13.536406239156408
90.66053537627374,124.10620979727254,30.355153281188628
93.5995532092541,130.44204467640554,10.34255768297625
86.01981794592754,124.96910444825332,28.97063108748779
87.44258678037754,127.35917507358228,11.738512931977771
91.10917193664596,91.21671045563974,13.794729877935136
91.19175276833234,125.82863514832565,13.750786960223689
87.2691768713711,125.80904830071069,41.427051592209146
86.58111281754385,120.2614280697666,51.117931527894186
87.44734416373493,124.11611749380783,36.26661331608605
91.92372387042586,268.7364215931938,108.24160627307133
93.13337913152264,110.65950405746196,24.093897337608016
91.65338125040402,168.20428206811124,20.09407472261676
86.65589458481072,124.32685739826782,70.8850761451069
87.99040143934583,147.26099237085378,17.592462031955602
90.6651024820206,81.0848358466596,109.08610318755731
91.16309894889456,124.18046077548006,10.36686833076908
89.72628268403791,127.1760043304379,115.07580768638444
90.26295729513632,185.4509503231364,11.323569958555057
91.92921691953782,130.9716009216293,76.53163687480027
96.23057802786752,125.72495410785464,32.504297510481706
93.75537765842404,124.18157255855392,158.704858237781
90.27909816338638,122.43142158189671,12.299841278633648
90.76692754817286,202.39220476809,34.21328991200046
90.91015849250816,153.47214341474282,114.50725663768016
89.76103212511876,271.3633147405676,32.21331799543132
94.37591889449422,167.00616041688534,39.77884871143562
94.30964209304662,126.9697285017915,45.69703714350322
91.74238026391792,125.32444720382443,28.18383267030853
94.97349518317908,142.04154870157004,39.630225190240665
89.81174717225367,125.4519644049764,36.33477585417267
92.47403163299234,123.82516052251472,79.42698308447942
94.32527662157108,125.69062193851973,11.395343852304428
92.7065097589469,134.97255574171837,19.895281776962754
95.3437652251346,105.73165109909309,100.11988017582792
92.51415086427394,126.09436506368684,76.29027485360459
90.75551613859884,126.40360603175364,28.2452578587886
88.40436674562223,88.08553767761393,39.03799086216932
90.08720146433048,94.99698417372215,19.746202596853905
93.34688682201336,155.71403280579318,16.252124843081937
93.7350865443018,126.585504952543,28.691757964122964
86.16213688144757,124.68185228039316,23.078606038502
89.81415464462238,123.82298550775027,36.28731118019929
92.35975535679998,125.84779477092025,12.427668532995543
91.6758601835129,192.00195055519777,119.94880367567704
89.27895428027081,86.90704809755621,138.51596726657615
94.98153216667296,124.833654465291,45.93591645738368
93.43821153034273,143.00057088040265,33.0423530323627
96.68241198834842,86.75427365497025,21.1113790466308
90.32233744177483,126.29257743537208,60.4272150246399
87.28476421324505,124.8995443466573,44.62988750946447
91.55556273884784,126.0913606687046,15.324209623014651
96.23295504820508,127.43835104652082,82.54903275997383
91.6729294679068,83.43986094562871,61.86983534101814
92.70577620094626,186.40516839000884,99.75215575100307
92.40854715150157,129.40034444059393,48.80812012588403
87.924090817564,124.8233877721256,38.51212058774118
88.81407970341158,250.98895316823547,26.2510751977934
89.79419823958031,128.12850348661692,90.97055084641354
90.51746920919258,84.68000096380992,70.31177140140761
93.66871101343166,122.54950649104796,11.388188159593684
89.28181524995176,166.29469495367266,10.80162450599534
85.07442068196313,126.43931093908552,24.170432847497885
89.03202710902572,126.58724099716986,59.90943168988259
90.05472435753363,143.1157728576158,140.92826404660502
94.55651197166078,99.08933333646232,14.89028529803439
89.1579760676039,123.66532228848124,37.05172390647207
82.91456391779477,123.48040942247616,24.384210992742883
88.81853322645543,104.3774709849171,115.11125663127888
91.23636378083056,99.85327069823188,65.37739622300904
85.34288189590254,83.51851620063746,64.66570139409572
92.65776497587248,127.31417546322132,28.97246713419321
92.336495536886,98.8232994554572,26.07504808982047
91.2393197732332,83.84813983830679,19.58166676450184
92.44946876944988,94.4067843711028,11.740808915345086
90.03350017853994,156.7489308982597,70.0127842000993
89.5432279439375,122.94522760996716,60.28352317749769
89.63029615536897,405.15071037454425,255.17336793454248
90.39296908007483,125.74580748588772,180.84620202233
96.2329482448371,122.10024437631236,34.319547779241816
89.3057066624225,126.56386585529096,53.95849270618783
93.1050742295846,114.21607951412533,96.88515048623309
88.76786091784196,88.68939497380283,66.84316044127738
91.1436954860288,125.05128065725752,18.5245733374344
91.01770041032192,154.28125375124364,27.964804821995934
82.70672463113253,125.90185091624576,14.14889032939266
91.49410986093127,140.53651264268345,102.40671359325128
89.42583219880137,92.08728157463275,37.95543107765855
86.84209533097113,121.36196366183404,17.78811176255451
91.76154568069292,127.67054386291976,43.41488617519751
93.86625589103151,125.737255520244,38.88011304229215
91.23712946721182,123.62954966612756,23.302613868913184
93.77922018613744,86.61111804329151,13.616173641954076
96.546186479021,125.12418870854748,43.40323850557306
91.07093804966692,80.86284105311775,32.038312725581136
91.76426552458456,123.12019232066385,54.39421242881545
92.00290029342436,133.69816210063937,32.029295812705456
93.2897211897436,109.96066781167283,67.35310333925452
89.40359025070616,97.64441330120512,34.08262357064463
93.82972816600818,137.74168564547023,34.69343742940441
93.8661523842409,83.55408148336144,72.78275929689315
92.0465316127206,86.09325510587172,25.49941941964351
94.92600383476652,125.36467360792253,14.316638661708968
93.8598710086312,91.49881949406088,10.87615064296284
88.49574008236348,89.65019167918344,52.21172357987757
91.28015340840555,341.8307557704399,39.05196901182039
93.28173276091516,106.1488743322785,46.529960433936296
93.86423098686028,90.09790769257783,17.184444804803306
84.80103679163352,95.73186274637123,14.39837653684836
90.9315392242797,123.8353914567307,10.439544287970064
94.30001580049604,126.212981864047,22.95061784545208
93.78537111107784,126.1867088478382,36.741921269948335
87.39162763352351,185.5915048170832,24.93945602683452
88.88961231120554,125.5195754858171,27.259586884852936
92.23015611834076,94.46257458278308,80.35184568944325
90.91850395816844,250.762415364278,22.84307843275335
90.62603259092852,136.98594412811454,31.645750842169637
91.30002923022548,83.98875499574714,55.92615213159105
90.60019343590956,95.61708202604711,25.15240393897539
90.36571639188476,107.28103525721052,39.19271426059256
92.67805279494443,150.60194934742637,69.49421931052919
93.18765588798551,179.71697242337808,99.58571246124004
91.40088509462576,162.76180806241445,14.772456379445078
94.45764797493052,124.2221897665252,88.34988289126237
89.74694058291105,118.37267164125402,30.32508342986592
91.39744368399028,125.06926721122169,18.962063630541877
90.69412762549916,123.92689036176232,28.437609021120924
87.53218159970025,122.55686412825766,127.40959292741776
92.60020965221022,97.51317972346804,30.354738780020792
94.07002935403844,124.68952653350476,21.958480963014992
93.3047359142871,125.26121037518789,40.10458821872979
91.84863195035696,260.522474243228,18.238854031468087
87.3813104150313,90.9088718291269,12.366859149287052
92.91918671733822,125.10166304183834,14.139256591372476
95.7870258384736,152.80268924399638,14.110552722010214
90.92411376524888,125.77099624608852,14.94279704670019
91.49730847005776,126.2932837017962,14.483801982025495
94.37495290725676,149.34614144892126,40.72252153227419
91.43370175493703,147.64848422707416,16.022390711034447
90.75607695973274,112.85982492802452,22.72417947384416
91.20096917272278,160.63915786666928,78.12922375385074
93.18468507058012,120.86924576938996,29.27143424939781
93.50986189555724,126.12040248771996,43.03867250957141
85.87223069138363,126.49519596245658,15.673855513396497
92.89030406223496,122.7903870477176,16.406529429852853
91.5921615916431,131.95138169988428,11.25181638152696
89.22507000239813,144.54283144860565,15.551420321967427
94.77744951740034,126.52905643158124,19.796443558934364
92.83574350848409,182.98344162597172,15.844354524493236
87.93030292102634,148.18589718073113,12.786577235811029
93.04866008778674,186.1244588758545,13.856686404800575
94.12504563724004,120.83763114483416,28.52888030096137
89.26716492766477,96.21398000034849,16.932766190352897
91.7399974261033,126.5252644086316,23.58943346532756
90.9932636339044,164.05097024361297,31.000155541429912
91.24130447849882,123.67559128248764,45.173723020376265
90.40273851910064,126.71141047754304,11.203171903000465
90.09482764320124,124.71904714642685,58.19482731478359
92.75037404683466,118.35243379734904,39.6578107110189
91.4841499641304,124.14485458859102,12.558862911290028
93.1340006419233,127.54934518396205,72.04404095464272
93.88602939030926,126.0301352375856,86.10080639136784
95.2233961943192,172.030886455551,11.890684826804902
89.29971214870936,94.1408486151831,19.725305293859524
94.47026335554555,192.0745644298794,59.22805549679928
92.35263173814674,102.85329437791474,51.38071720642925
91.66588466324464,122.51647444579882,16.119388961854014
92.01946491736558,97.99228296132132,17.046970935445998
90.869354648003,103.98376210025882,23.88355330073109
87.20533866010236,126.65434658043092,29.87987694005843
93.27247240209476,147.4490557193744,38.89005502175656
92.65630340374642,164.570523723175,23.809376890010533
91.9774234224756,87.94218271689091,28.62673327662753
87.52878981084152,86.94687658371386,51.28686821169527
91.63921158170804,85.39307972926298,11.121188569644351
92.32596920295296,124.06900783969098,18.728098656471914
95.85020627543928,126.330588407233,47.484756248680775
92.16037557002244,97.23921696207074,77.6730026299184
86.83853026682526,99.8154383558872,31.503373366252024
92.49395096893176,82.95269933337543,32.78588507059207
94.13987258531134,83.5059447647885,13.400840156219902
90.3770543233784,105.52497074196332,27.794297382506524
87.34535439621345,125.28170670017448,32.8182039716587
95.88673568867326,119.19374729610644,18.3307840978196
91.5037074048524,123.91226033812768,19.41023835635632
89.85826845621928,124.99521508374484,24.20994954407416
93.19558647230376,131.62685681034964,10.608260822509436
88.86886433933847,82.32454682415612,21.661742837684077
88.85547088735913,138.9754217524744,17.126708068708897
90.24857782812784,139.43634789936846,21.90247690695948
91.79838697100108,120.18477951752337,13.826893098543438
89.67967060269659,124.7128023291663,76.36239699829073
92.5991371222382,81.99812154893812,37.01196441638679
92.92773782279892,115.61485153755464,44.09898873679095
91.1340941029531,91.92847893219916,56.70127097133373
90.70450444826189,123.43370978600886,30.701092655466557
93.31699715091187,141.39551797160917,12.727962835523677
92.68892744273788,179.6879592323842,33.10775089884468
88.52218338997946,84.8962523733642,36.51769173614121
94.2554048180885,149.65974802209465,51.04649946425228
93.12741306402184,125.99046979394228,26.951039481489463
89.85748103754031,95.33871117244055,14.094540001879366
87.09440994129939,152.54732468260093,20.01286540785112
91.9242982021315,109.49396051319349,23.533444764238705
91.76983782045552,101.725550428047,41.146738348655845
91.86086320784698,111.48238100242187,35.37345163604259
94.65110463681856,82.1484959675237,23.206202789554183
91.12735332250928,124.47500576098788,139.18587316509436
92.16627832144776,125.53055422488252,37.92499025401628
92.60658493497104,136.04376131167598,18.123835862704
90.08768347780436,122.4006675628456,13.220290138746606
93.1439296530509,215.8106273152343,14.976648777694775
94.60180062831088,125.801450129969,18.469205481854228
90.16434000315498,134.15903845997858,15.25494624862882
86.63511305437044,128.9128377871182,16.194752363637413
89.21803045823869,125.27032072253066,20.0681754464634
91.36392020136093,123.99384911296164,15.712073009886607
87.26293140508238,113.5127374702183,78.12254348067746
89.89572392283415,153.47697023146446,12.509071377760003
91.2795873103739,92.26521417287576,32.302370503381084
92.8042327938974,126.55771236477904,25.84916669467907
93.65936592188888,150.05339222732863,131.15926498047762
92.07934483119556,139.24524525651054,13.564820370922147
90.77261659000104,126.41333687011256,25.21773981227291
90.19151478611268,125.579904958366,114.67178992380146
91.0629009268575,98.52647820653932,70.18732185904464
93.20442517795216,126.72515006800027,60.95989102108538
92.52738162354576,212.23245164768733,18.94825250600514
91.27239760878,199.14431448159584,15.621985983594628
94.49933914110612,198.0218512415612,43.1367879604535
90.38006992531022,107.344615970342,89.51155284879866
93.92404692443066,173.17464778919174,34.409512657142265
90.10029549874837,85.59370503202975,35.43182684375759
88.42652004139804,104.87776748105016,19.854250924319523
91.3878511791442,124.23880029393224,54.02421275236266
86.6852300682107,113.12608796500982,16.212339464382126
90.46537481910092,111.72517200918332,21.73263439357698
93.21508683313904,94.47148959097764,26.62433650209492
93.17743939430515,127.7121464490742,31.254548879340955
94.546986509322,168.80504888810998,18.328377507088177
89.43989549539072,210.29689668183727,13.659498164324065
88.5290451067471,80.54799686266973,38.29598972288069
92.83820051109808,115.6706242872062,20.21690105309625
89.33819843497228,114.24761053048977,36.11359204877331
91.74150792130352,188.57302524001503,15.029942583120397
88.63663515238575,82.09155990790785,29.683641340855825
90.06417290330022,156.3449722117606,32.81641744387234
89.96607855498789,92.1523568450758,11.59643954371364
91.16583130247987,88.7901827435355,22.311508041412697
90.91439276430876,80.6345714712432,14.330479804957948
91.75452481408384,124.46193213753808,11.964167763175746
91.75900526481954,125.83250099055358,148.03603934185972
92.38234186606748,126.15502968700908,21.67390067558261
90.35154800105596,84.96670863511522,59.80211841309696
92.41869241441714,126.14015380173512,18.81666502880204
93.77774825476888,176.44132216094033,44.32424053061055
88.29170708044511,90.25007660822756,52.84198668484626
88.71052714098606,84.71394014578604,37.16339782507419
92.96452314187738,233.05246755012868,29.135699321358157
93.1740889542234,124.29975536467953,25.92273440516133
90.38426349928692,120.74037143979528,22.871299051119244
92.7079363630934,126.03798374580568,89.57668144662343
90.24272475698491,104.02442234625956,63.268212134253936
91.1479373990067,123.13127871599958,110.59529168247074
91.14579956384412,130.20514484461796,13.981856255083166
91.49862241193117,107.66758204131486,49.376540903815226
94.67200699308025,126.62374729925897,93.5838179578372
97.39882541412064,198.9060536563545,15.998674291023931
87.78160265530639,125.59142878985509,12.064309524174906
89.78244682546321,163.7479550822075,50.541794595658665
89.46464879094434,125.61101508974444,35.63281432596009
94.64696353282248,174.63560253148052,65.32231423964433
94.1743259080125,187.40758677699344,14.516747392425778
93.4273359965099,126.79417367599868,57.581503330956046
90.21554555984578,186.33410687678773,16.755393192010686
91.73160759769183,93.38102094648993,15.36145596896554
87.22929700939738,145.53995519361837,15.383339696798522
93.02623862102716,207.8656221263109,60.55309847692026
92.17778881612917,223.797260731255,42.82640917047907
90.04207858018135,101.62657753982502,32.211278690381334
93.15093408625896,99.06261293912416,23.33384205034204
90.69957938815526,86.39977005306713,72.91608001882997
86.57628913591614,125.56316512192431,24.949382490923348
94.39478760326298,113.65494684385666,60.88247988544209
95.53370026838653,90.27635495122696,27.34824643341641
87.78489134906773,125.14571313426704,24.193586974532117
91.86762045887102,145.05578676508742,28.63483179698808
94.92741631032636,208.382430175972,20.759358262919264
87.89387597859267,104.9188262416234,51.30331938810818
85.89680725667334,85.07352514342108,30.95808447086788
90.6087302357292,104.61347903582754,17.927275929911957
91.42257099955434,85.99951249022934,78.9501954865175
94.41878483101245,126.34489440809092,24.52995227076134
96.9075615019868,125.748666042178,33.5284714653329
92.88614332019569,205.90075622787455,81.08486826128879
86.83178636364582,127.33845890972474,39.36397911571992
92.33182583430916,144.9602823016067,13.729438475733392
90.84759085821524,101.30665862506218,94.31850051796629
93.59293328425667,190.6330732764685,39.64230786804479
86.47387848890449,105.89217213872384,22.234789466539283
93.5155710499952,84.75526581646014,14.499304618492774
95.15667855382824,133.41911098707075,57.40004187040801
91.7524820340782,98.1029431080883,39.033265226885575
94.12006823510012,146.4759159012326,32.872415741470846
93.16103789077576,164.69548186048922,77.29909991609335
85.79778982753935,126.76527978216237,56.61970041088216
91.60778933299852,83.87423215413736,14.934739603790227
92.04299620903411,202.2585685447796,21.206876541874013
88.54252396652579,98.5041035628737,18.570088556465137
91.98708418730207,124.01123833223414,50.87104185605234
87.08867338807639,126.86903824930516,11.023226195735138
91.25796521958333,142.01752421537125,35.31140669158429
92.31405706560037,114.70735441152924,53.12241147579336
97.30682937382518,125.24668599510258,72.81002033157813
88.94069113756197,149.38359063598926,22.56023780635278
93.04955670647384,135.5575611261626,61.65423890623009
88.15620719781118,122.1966421101998,13.51731655296332
94.07152600240433,118.2572276869179,66.21231871635064
91.07144638836812,127.27373518225646,14.091388915842124
92.63128233501152,113.80226919916198,25.18943893629593
88.9366583793026,156.32283293911263,57.880160899794696
92.54589344307004,88.84120121923414,14.872653697612485
89.72252190474616,125.03586160726688,17.81179067334253
90.8840033473228,123.33963350895692,48.431292929347165
88.42365383514017,83.47113283883317,48.19288515975084
90.31321597887585,126.0120776581508,40.74532626212172
91.8870522313964,93.51825095868138,45.52005127262851
91.15467726916874,124.3001952940514,33.47407303586915
94.2927467642662,270.3854748263358,18.702510977782296
89.75765255626263,88.36752095990101,22.725495813797902
95.1924978361571,87.57810605611098,16.012038235495954
90.34708316517872,123.1329128924122,81.72628417970955
95.2793115223528,85.09705178945191,36.26827163909796
92.0302651569945,124.70059458586518,25.36736978437067
96.3619185699794,124.5087663936824,28.597225189634894
91.59693019171463,124.38650148235423,98.28471210991631
87.29044941156639,94.64701205142076,14.99408650385502
90.60601757803724,90.3565589021316,36.47333827325662
91.18262414538924,82.78537851016233,31.14983322379532
95.27584149978355,115.658090912817,38.36032954009218
86.79834621130004,127.38509501358396,10.548285412194916
88.94044282207317,124.18395890123996,71.7008056762209
91.7484483236392,125.33509753323648,90.69965610073756
91.98560080443818,81.76886560422719,34.98146391830193
94.32633393811828,248.5000417433789,45.78612221577875
86.28897148861185,108.64759506555656,86.72408073536879
89.4156597876266,100.81925406114372,46.851923601775546
93.30818105258524,181.5747268955443,14.96531527372365
91.04449970961508,96.84084417774812,35.761064495576804
92.97225711761136,126.34011914399814,37.99662571102045
90.87347780597491,89.341293591456,26.556235117684636
93.79311702333952,126.3353709045334,50.004709116501765
89.54564564775436,256.50084613202694,91.71030657287425
90.57369179681244,108.01383226736311,87.93628639162353
91.06418929622946,124.67770293732951,27.98092888910853
89.38785565527144,223.57300174329248,13.605361136553526
91.48949224552368,126.18666397675776,135.6752196736212
90.10915535813128,153.2546030893225,64.77154332455328
91.98930461902972,132.6360792438831,13.994378791511902
91.86268456412267,82.75421801300259,86.08923822889828
89.34042353424233,127.6650136096306,71.1827179368059
92.57456587800108,127.63361190479424,31.94654157905948
91.80858566242588,127.06530547141864,36.84141360487224
89.72640947042034,114.84319882064788,25.274945302270407
93.389537644773,275.52607255788865,11.689544477298814
91.48530603410634,90.26792617881178,22.247946589022234
93.8829352967941,86.96364158483426,58.71423733198536
94.74715094704932,137.15902572035358,10.139283521990286
88.46180591851243,352.2739765770491,22.17141689770506
95.41495275939371,87.39032968913854,25.233342845640344
92.57963525257234,84.09343464786912,33.12649072371646
91.9759079056473,154.3603418621564,85.71776428459125
89.4849602203733,123.86157951634854,22.7553133267237
92.04904901477128,129.18428049157689,22.78319457875486
85.64834750326581,97.11612057130684,50.12526854996697
88.44292969240092,126.82808135475284,28.056333204770183
86.5440723357829,86.52685612436706,17.63147421108176
90.85260871824497,104.37278581032103,28.06847051728465
94.59660165936464,113.87077940042457,14.554597657941612
91.850673932697,132.35235721981215,15.821635096242902
92.68227403601342,125.33740239734016,30.69664128408453
90.61984360180162,125.93006335128872,26.28628648768021
91.2285283774166,127.28567532846606,83.89878205758438
86.71762176492837,88.9482299427959,23.50103749119185
93.83316049340516,125.72137263464197,36.06707151355816
92.47578219411318,122.84965773462176,40.01172317553544
93.1571287841696,81.57647376767383,10.395428344769776
92.06082718040466,92.71584000594429,42.67804591107967
90.05365371476205,124.80255993389646,15.881759205977446
92.4821727783638,126.59623494197184,107.3799481681728
90.45663034148076,82.76792329226038,14.828407129305402
90.995950440286,193.44434700763532,26.065033436098204
94.03530911885574,88.95105207108944,12.676403129515094
93.72175402182694,102.42558266631433,183.0424484545228
90.00603069648874,80.19681051535747,30.92640596974678
92.14240681322188,180.68970272564468,37.14457972266837
93.89291156866574,198.32128830930856,12.082961524847626
87.51768181953231,321.22039596837203,51.58408765647997
91.48690798326096,111.53528913595032,17.068085147507897
91.49029252481355,183.0491476597849,78.49944570434891
86.98447736531037,92.55887916645229,16.887664844825
88.79857988545146,100.93032909687167,16.347112894264477
88.13827515603568,127.31075750576268,11.117030255730166
90.87783850450288,125.2631306352742,29.16357379886392
91.7344194471236,82.23549339970874,34.96132311028542
87.65556486095305,126.01805595366648,12.039008205374694
89.40971616115289,183.42658944203495,54.820077807951165
90.7213763650867,274.33728308352,28.11503950880865
95.79596061545791,124.75159094508396,32.294729637777905
89.78910351628896,110.88502193116408,27.435444153627408
91.0570599933114,114.10388029994368,25.36294603824764
91.99210437814904,94.0100290544062,34.60490371413624
95.5428151403066,124.97935386071356,15.061090202828664
91.58494774520472,194.1253882545798,16.024152586258765
95.65297423948688,105.54486208546784,69.36847984888422
87.42114095392378,84.08027057254466,97.62735127794056
93.00764122205057,80.01384032409536,24.01906562425416
89.18268696564243,116.54995804384382,19.471940970779983
90.57825811444174,126.75609374065168,40.98469795283371
90.08851670919756,124.64412277533704,25.764687028217388
88.52205878382006,123.2604223583102,10.77142446197941
93.95093663034534,117.03646177782817,15.093508098985318
88.71740165170966,124.78978414408812,47.76049779559136
89.56868446724388,103.83015517501455,42.26949346952607
90.61105384259422,121.73884358557872,10.824095736533202
89.5131286633672,85.2615725879823,17.52978921600115
91.9286828396056,116.79589891778264,17.88284736852793
86.4759411384435,130.8480724120802,43.43244168483555
88.93728020295565,124.90912525955072,10.597221438764182
89.29918725699842,120.91761631208053,13.298081758041183
89.0331611550267,125.75399579964842,58.270552818887246
94.63643685193846,88.36078570591168,15.90033128355356
90.10775000288206,96.10654206976628,41.73097266761731
89.97979215852017,173.10745114612757,18.16145866626986
91.64021864133188,214.3034498749976,13.14220100454614
93.74487585894994,125.90283752199336,18.35858549234342
89.57943124505078,125.30542693604056,48.43284439291096
91.83194357808064,115.96412083712268,68.07509012361788
87.99845620271813,253.61533516932576,63.19752999926693
91.99994436661018,146.95563854284143,25.184274684252653
91.09759297624662,125.2799874177407,43.08630335213785
88.56697404304789,121.76090830775738,16.88180230986942
86.89524705423109,125.19221479991532,20.408007658375503
94.18300219965523,91.44648029724011,77.99795885892713
93.48353337096646,216.23860445828245,10.39261565188855
92.52018510428736,86.33211775354441,12.681614188913477
94.43340164207468,85.71432623193843,16.991508407194456
92.54226672182789,126.10431629454224,10.806716056729506
88.85485367366276,140.3306701392317,16.006090098708185
91.69717044941125,93.1413254020734,36.243061862331
95.01020097161546,118.85674675262366,26.415589551034014
89.85064142110286,108.9838019796304,76.95589062465483
90.45048132235476,125.10536933068352,61.02087709058435
92.15848813736062,154.49269046853473,22.548184155070963
94.9833869730958,126.29927895494924,19.00978756441836
92.88277963225762,110.88174048213612,24.326194243256133
89.06386395252248,92.81789289079464,36.76953250429916
91.46758692783293,270.3881330078236,19.361851294458184
91.45701929445376,87.79342264130683,39.35686736641263
92.82789985898812,107.69405740952774,25.79908117839433
87.75803167127413,99.05409914096138,34.09202099544534
87.832774933757,138.75371050955505,27.187761852733363
90.93076248539856,193.7292284718345,20.463999257869997
91.14988139172767,125.77815256766134,98.9580166345661
89.07816852492437,129.08180325893088,53.26763511197909
91.38239576467384,123.88170204259154,14.528634943690626
91.25930419354798,110.09200952757064,70.85514783157971
95.78597480032543,280.98354866961904,30.049609889857493
90.20914656370354,126.30867492815736,77.4861847086923
88.28745770161258,173.53008971836803,58.26143361789701
94.84162375222012,201.80251410585203,26.61269857775822
89.82235981615239,124.49858750890505,10.681767684326203
92.24605765282334,124.5263692546614,19.3870164332946
94.02342035442982,90.2564309196058,33.402632670393885
95.42464466164394,127.51944339481292,40.11091995803609
91.58246144015447,140.2512772830984,18.947640397868167
88.28465108509674,84.21505216215064,14.502232564921467
92.2259814020016,202.88300308950156,64.04161261487175
90.90310655457712,124.13102161180213,134.818724895617
88.55086733456895,103.49516061763408,32.37683640916261
93.58753943725468,80.75091588443665,15.650645909802218
93.34613289928552,124.86268121510642,19.536294151867985
94.61959141456856,100.73580457888276,10.55685662232298
91.74059152377306,125.28066604184114,83.70665583080671
87.06073107760629,151.5133869342449,13.75843131538609
95.88485563993125,121.65107213735482,35.77722006604468
87.68418462944229,124.4285888663966,19.608439858083788
88.97133572609182,156.37231397364243,34.23506546220956
89.88972376833586,125.39632934610488,41.61665901958081
92.69722948627752,124.32952681569874,63.11317577267081
90.44839758656634,122.81178305482555,16.936075825136076
92.76628588950015,104.95587480197162,10.331701888950915
88.38185681924013,113.60344800517302,14.416242120621716
90.60996579952088,107.88460703944013,79.08314586559544
93.46195861091137,102.70775698313702,72.11804056159367
93.9983814768564,264.3729844215678,37.295329305894775
93.1980028452277,124.40851389162452,37.52751155516041
92.35445016442678,124.77077841668628,42.812026882225375
89.55856492937069,83.38072717432317,15.784660859156563
89.1886345161929,114.67519300947023,83.74628682313904
93.12270557607744,164.64798302200157,26.27828903038954
91.41314889596038,125.50802551078498,24.49332397983605
88.98404046933135,85.33195797411943,31.95150797868043
93.42059789469688,127.88711748269488,11.443139928759315
89.73883017233892,124.78771885818878,15.45585115147817
94.70208179805115,99.90934865093496,50.1861727127189
89.98512128636322,186.33202388845464,12.592848270155308
89.56391013782206,125.226066595754,37.72606656955347
89.72761040903403,216.5203557326269,18.44500100801322
90.43245063102374,144.99831174626505,24.79426770775565
92.73361139031528,138.62967862261198,20.219565758624377
90.86137503381934,95.87399867134376,23.186454331685603
95.25211763937004,137.78100076852013,48.0869195991606
90.98707749177107,123.78950637980329,20.577146188166527
88.61693827674206,90.16582884046474,35.069305921171065
91.74457165128408,103.40579120644988,29.39079360070785
96.26772400465768,145.86656813759936,42.68997769278035
91.16562807048632,167.77646639186077,92.85764942538908
86.8681579476193,91.97790751563124,49.56715813765128
89.04308770214351,110.0419877998341,17.25986839732142
92.02153293312848,83.11162034165065,10.950390364727737
86.47928510339912,91.69843736880549,19.12507906016764
95.248996440825,100.02277664782348,37.12181955619292
90.17981772636185,126.31597470747349,11.58385834299324
83.94916387223944,122.29566321354044,30.577178680785664
97.34976921914422,113.9232118983997,37.2528651996268
94.87916835291476,93.48888561349963,22.204956338143013
89.7226502810843,125.71768868857968,54.20949877440204
88.96125612691026,88.56586697271145,13.38156744294034
90.96411886385162,179.7404200336026,12.34331517376741
95.310121919303,103.62141796993782,49.07942230649178
91.234238565084,134.96900830389455,30.525106799892058
87.65276486102523,86.1745243665108,44.98127967199423
94.43768495311078,134.74175744074785,27.11871997386572
92.45085097406984,85.85274755652694,18.48688761275595
87.72278675285929,124.1318307051971,61.29471095713588
89.46776189919828,98.56042674850735,58.1956469188057
90.77227695489904,126.91693977645636,45.59346459127365
90.80875539789164,83.73178949340004,19.52960844964096
93.51123678162628,111.92777845533956,36.76482639170393
93.95015364264567,90.73740490293576,23.434299267394664
92.14167661126704,179.19128958211866,12.881522038199597
93.913388118036,116.57848617385432,84.78099530612924
92.37088722590414,179.61496835488862,14.4139134645856
88.67143322618742,198.8645018081077,100.01471959368288
91.31565165627298,104.28680208762596,27.71803038372617
89.90499135596932,124.61171145177155,16.141908457403975
94.08952735111538,124.1573945409001,33.4200953845521
89.48040143724563,122.79139048289576,71.89425382846176
92.05904169507644,85.08362102596135,49.52823337391421
89.61235945899739,123.82617397582312,59.28381478221272
87.14743767411717,85.7330990435097,42.25713145511208
91.41895011098624,255.29886887083384,45.356615084245966
91.94517240977814,82.2558742446445,66.75315964150838
93.765621328576,218.64012019311767,18.6171854662036
92.98524252721728,121.63959574181776,30.16652998513724
88.15084373904419,122.17195186322616,17.50039387318367
91.13640540507322,125.77725986846696,141.86675252215989
88.53069173694298,82.73042350251968,96.50391361961243
89.16301570565251,122.22812947712951,11.206753036161372
91.9404642193904,359.6607302791514,46.68194689587187
92.4865720865312,169.37930941307937,87.80750672425766
87.25950572255609,81.20726935013248,15.9745847616355
92.00833778521844,124.9709515377922,35.17608752937707
91.9473431694238,104.53787609951834,84.12595792376591
88.38319755050269,94.44518942663728,11.036065706326356
90.8600817355316,124.8375778892895,45.86231370678656
88.52993232037183,126.40818299006584,20.586848942356383
86.62091393868053,125.18938339464304,87.46746014067027
93.7852773711996,88.44585907776064,116.2740976786676
93.46073461302792,93.590547244444,96.61521043722924
90.75735616864586,83.8639296363978,29.28584215595375
92.31008429658208,106.50916303623816,69.42432120206075
88.39838852292856,118.45024697167422,65.84281819897237
93.34963213952608,102.30928868612416,21.530215645586036
91.631543572467,95.23230153808215,62.96792624183959
88.08817604180228,99.06103450034216,11.131293858067291
91.98283248666009,129.80445724415816,37.21025920863421
92.13992976120088,127.60811144356174,17.84128723591857
89.93755123481951,154.09733856976118,13.85433302414932
87.40244113431113,101.92372965750432,12.402260299131482
89.98401108730687,128.12680132371338,45.75033849064711
94.02874299192696,125.30122242963076,22.459780392057013
92.92821921135574,86.5633771497381,48.70409311661133
91.99028962817168,125.94955194665891,12.02769806468423
89.46926303206266,100.009606775781,21.362811442530344
89.7543777844661,100.07701335805244,33.26270543200148
88.92905468770883,122.93810257975828,56.92292000013963
91.62675134383493,122.58751319605264,21.51488821120477
91.74392608364938,138.07533608704534,39.49627259206488
94.03858331432392,136.9711263618544,75.14084976172809
87.46910839600366,92.8686399331867,38.702695272162586
90.64090966068612,125.82986097413286,17.956469288975484
89.53353196624218,86.72477648741798,10.741102412324656
91.32009070760311,124.31798504579189,71.22945059122544
92.8664136859003,123.92037292101244,10.64496592480784
89.49279508967187,101.40453406158272,72.31173299812511
92.99313361902492,292.346051433172,32.58291161408663
92.63800003847508,101.80791890666583,93.93975528377987
90.41698908992858,98.47782777986,58.10117569069376
93.55962137646831,144.96262301755468,195.46583232541977
92.41766643690691,85.46227220215569,22.956358505448517
89.49004365656899,99.01629547820484,53.72575777334374
89.31062476439503,110.9658472860818,25.421470078688223
93.34852195648456,125.71290933941977,29.61061912855574
89.83111572254477,150.01900987531235,39.62598722884346
92.86258703159012,82.85742236671348,72.0674219209717
88.43728523341917,85.82195162725677,134.21191110523927
93.68965440893471,123.87699751729056,53.86591331017675
87.23157641571336,81.46086290368878,26.22652580773425
87.22779156138108,148.43108662580832,26.412087274570723
90.02082801348266,107.77663030104318,50.13453327920997
94.36127245686076,90.34958921964824,18.184873601787828
93.84740194141185,124.5887044503925,13.512000087419844
92.91780630808994,99.94396912749788,23.137579947823497
92.56920191670896,125.8355129627864,20.15827319253478
89.41417714239653,100.74465216087025,20.54244069196917
87.52168202846711,154.34147989194088,17.981834978784903
94.51359058960335,123.58088131106284,11.29014342812042
94.05736125162292,118.84572700659518,10.541068084958471
88.76701163363195,124.22808664702389,141.99933937336905
91.71055426537312,132.71128271558285,26.74659240676306
90.71357644237187,125.24340628859068,24.55116182365953
88.64115973419848,124.0354123538735,44.14997945879341
87.6721442319109,112.45062564886712,17.386757678228
91.89066001329358,116.93503950596084,99.84868761219327
90.79510115120397,122.72974852294068,56.30178345626759
90.06819496595203,89.78362014429875,12.809909159230209
90.93815326860064,124.43810230449064,26.21694322100169
91.02125812426226,125.92129386332796,73.3882888042256
91.99475725694784,91.56618639388408,96.86684809362497
94.2482494781708,96.9223912579052,28.89962329304177
93.53583154593046,161.8278420514229,38.5118251772931
93.18526208991916,121.28484735684468,15.482871677703956
90.04071612748066,125.96890832949369,151.88334058278437
89.4438879328491,200.1946331306769,17.9061449505305
89.50197805652034,144.82312429936593,95.80027994481664
93.40884732188348,131.54543169120507,41.4643917840568
93.11616197926116,118.99180583081562,38.07466668616582
86.92776151506598,105.5272830064486,31.56555257777324
93.70023214319072,81.20495012217295,17.86705084155888
91.85108380900708,125.86902128694634,15.826773100701018
91.25297925429018,91.29260614536132,17.472546958615204
93.95949481214844,102.82959886094751,16.190003906636505
91.89534465739496,92.72166412733898,55.36722272718389
88.9811035042046,123.94963544479172,22.92926923219223
89.30754959390026,127.29422088343829,11.787490249983057
91.7544944495521,96.83960154706487,114.31252649580324
91.65472840160896,86.26514647423497,74.56962910078002
92.74056225967956,91.94659147619222,88.82963661420263
96.969136468445,87.61071286379803,168.4014930714912
94.3360210740772,126.14870906816068,15.73101089728556
88.9668496980569,168.83495602585464,25.13745564681642
91.35559923138732,166.49174127835067,52.59410426443812
90.47382983811754,100.84887058484996,45.72386207264013
91.86333654186906,105.13475537687168,15.013386543805206
88.7120258341557,96.80647296259092,60.75739008958946
87.5988465576066,124.89465966410351,17.62512001721759
87.82664237539083,123.39483005909516,17.601032619089292
85.0126081385894,270.1010516923733,33.09918952872511
89.36612118477434,148.56991683817566,36.96383572560757
96.49840195791808,107.85949151177184,36.031175365884025
90.04281505154087,98.02025190634522,12.878377089130412
91.95751223474072,125.28096519097276,72.9797443387427
88.46630631068997,83.22788329619364,19.261044930010467
89.1848908018422,128.4093457313055,14.16113982908201
88.70107521255953,114.0675278953302,75.878742954401
89.64045255091102,123.48004188713853,103.47029058259838
91.1363915298881,125.673854232897,69.44280353424887
93.93206898616398,222.4022363944001,59.74562409200837
94.601536277038,96.28839313142043,41.9473750359586
92.85819940623254,129.4379995191902,34.01244344709696
93.03873776851104,92.54272976452806,12.730146902570525
90.2418658931968,97.96168614640932,25.750434997307945
96.39091294391255,162.42614916211917,23.989362358918484
89.29617744262904,87.15702363746732,19.02317270428853
91.03483257794824,124.21071444951892,48.55766739991205
90.1961485909903,207.3085067218251,30.547974517529607
93.7125552979782,127.85627137960677,12.535583417066755
90.09282063507858,96.9037829861372,17.460887835412493
91.61864896966637,93.51342070833525,44.490103827917466
93.54251842131949,212.45638380039296,12.37554520584737
88.54000328252903,228.8520486526583,67.15595869132615
92.709821362581,122.31905692488274,30.50461132936235
92.0589883498788,117.4737012347276,29.65165412306773
89.16632367009348,125.68212888850664,36.92464229764224
89.79578770398341,122.75207689453929,62.2344373883343
90.9113896143664,138.5166029988005,22.822544018356457
91.7354684354598,134.90305061379289,43.99761693768553
94.79730330874938,96.24852270343128,35.0228002310492
95.69050143953636,123.07800908015837,19.319444368032123
89.32943085974844,122.98888569303776,73.26734306321075
97.58383467092727,108.01286766500482,57.89950401258198
90.05827614704104,126.82234454936466,42.227997081546285
95.78632484151844,184.31945550022024,67.03017155624819
94.7930629624108,156.2905555574141,70.5886191466159
88.68307531321312,85.51692677305836,46.96735962727933
87.686316675167,239.67334453410328,64.42260551862798
91.5010045000474,135.2015044577685,45.86738993115952
93.46272456714136,124.84348664025924,44.196228751865945
91.26792372361368,172.80065754979896,38.91809257066565
91.3129319593121,143.55195586578304,51.916611748781925
92.3103565613996,85.11094115658274,15.180825263838368
87.29491744559675,124.972779679488,73.8263895415646
91.4830808689662,116.08020023882806,71.63509966428806
89.17910633579984,127.738580936875,10.89050534629066
90.28389249774835,91.74696235086364,62.42942128825941
88.00724789863325,127.53708218054987,14.138917222112669
87.9237160180815,175.80604325423286,22.24440947527925
92.01329196426302,99.5556012395053,50.81976409482225
90.86242740497386,125.57716571806878,15.257753041886897
95.31076810817213,109.61853729086803,61.10702266475717
90.24825688069288,134.73817480705293,63.53770891036672
93.07134870182848,265.63522980177754,31.24585915928791
94.15179387004294,82.524514654634,10.192190458522456
91.64761245073588,127.6168654260722,20.14982028135565
91.81214257896542,229.37867497115457,38.78588483091215
94.27468420522337,101.80445738720309,129.19490403923226
94.53098196366584,112.23242600724458,39.9749724726719
92.71172885850348,91.38301858081113,19.02519091030351
94.68672533571215,126.9448164480358,40.154125838246514
91.69359397826446,126.91403693847307,33.29491020333014
88.48922326450922,126.83863817020332,55.40275690388397
91.99076307974848,123.9651046390633,13.39441051887487
89.53537871388299,126.29175653452027,52.942254422094486
94.3297064171102,126.56865827427484,33.37858057209668
90.52669912524212,319.64928936744826,108.89863833302998
93.45046930309334,137.60401664346938,22.55068269967333
89.19427115901516,112.2779156674715,40.04091092035069
88.58483869024863,117.70493416435912,90.65982926705654
90.66807646157706,162.70643088025798,13.244589929958238
87.92277003663152,132.91394421229504,93.04761780516306
93.16704095060844,91.83040773390732,44.93157650673907
94.24780283733762,125.22114635663289,12.107429508733247
92.66007373185737,222.49591646689967,20.741572492847197
94.69624869331864,124.50704672160803,46.94772985363937
92.92528278478903,258.74854380867,12.09177782184284
90.16095160637342,127.21889973305473,36.18045187284891
91.48023707835928,91.98112358999548,22.734073945340835
91.524024357932,123.87406590913156,39.09988571424505
94.17360804848856,84.56055349443105,11.404637178338646
91.41832459070282,123.10316924002672,71.56338534630737
88.47622360634826,125.23382014893278,118.90583125433024
87.87415278852359,87.51921143793088,114.09506993475252
90.73935893939937,92.04696641322472,51.5470797088369
91.34436978115262,122.84491201204985,14.180835965014172
87.87230558566068,95.00398641465874,52.5971719348108
94.00030837575112,123.66411276071824,10.74682666847534
90.70845889074468,123.75243899194,10.671158432034217
93.43850917715356,109.49711562204332,21.729573106516906
89.0794794595636,123.28389932926407,30.120630247650404
93.51840426104198,104.21522649774272,54.1434676775157
88.65884374248776,122.78055860659543,44.49357180672457
89.82042101750083,85.17118765339211,27.71244962187125
90.158319872033,94.13348652475456,19.590734876752208
90.5119226246692,124.30302150281425,185.54586284970935
93.91275767680224,126.3138167815122,26.663253703301024
92.13260347911311,180.4072859523292,28.01086145273629
88.73168083156952,80.8557390509809,15.360303773636671
88.5059299659103,193.1039908327729,57.51450101911925
91.59494169895925,125.15191376501976,45.493967141097215
90.60408034270716,140.65973635275273,17.48345588359528
91.71298694982036,80.37132551082432,12.57919170707136
87.08375411360271,119.65698342373598,44.22987462211721
96.78087419102827,126.50092581350388,41.88385283269429
86.92951500918537,124.45372679633024,19.575575460212196
90.66571365475843,94.09781495515338,100.39463219155328
89.35967639452706,89.433247666769,14.912928495839529
88.11566871984496,169.7448870542485,26.98670417510235
92.7669248656681,96.6346479822101,96.26705298398964
90.69724897953569,88.95082122831877,26.327714280806504
88.31757469056893,83.16200104978847,40.52695053190308
90.05822335466516,95.83602710222893,25.20472909027419
92.84876870621812,160.10306179324868,19.61505190200644
93.64396002162684,114.71701282971628,134.0131158739532
95.14607188108616,125.69796549647864,25.7951372753627
92.0239732792838,124.51029421682978,77.35757520544396
89.92942853180635,86.12804972311162,17.839174374516713
89.62453482862227,125.08521348437692,17.189802441365735
92.48211964848956,134.86943836153202,10.94887147286665
94.50049963592312,205.0646471131668,41.63787576627969
86.26475176558782,144.07155239533753,23.79097162516604
91.15224335736552,163.7836726732511,69.93214176480382
88.0336420944408,124.84537515184256,29.22859344108441
91.38729565147696,162.31788869857607,113.44247023602402
95.50611386252396,122.68105673132384,16.15636534782515
86.76144283716175,93.99598242376427,70.89056514189731
87.05013808754371,97.4199132053364,54.963319140228926
95.0021420404055,124.05496219480182,54.21076131670109
92.01947680387008,125.9882979515356,65.88797832443767
91.15309280830633,124.1293644765842,52.94176337811181
93.46803068913776,113.66351133969388,39.52266251270692
95.59383699972204,122.1950057490236,14.220819577827474
91.88082908449236,193.67278683993533,10.99200740049957
91.1732704312571,125.4059564399704,86.09149905442793
86.48405910439489,122.99306483499856,38.764230682923404
88.97153113218523,153.89280717226433,57.76817616794919
86.55819508750818,195.0671669662256,29.70575080809384
91.27896378015424,95.33650454686403,13.74337492522024
94.74783729497088,155.61031832334407,14.012312473490152
90.1545185929826,123.19100385457028,44.70936444834134
92.33832749828262,118.20178952072588,26.879671597725707
93.38780102710096,113.30313490775676,16.713990246749084
92.18812960265458,102.27647276309654,30.294280402279927
90.97801030674636,104.741919408242,11.99089152380379
87.79586084552567,150.3723565734797,36.16616296974852
92.9856429767284,190.738904723879,19.39998389837372
94.18509999355916,121.68474620902737,57.91921870095885
91.2691033911944,88.60263607011268,21.147651915405817
90.3577499869167,173.58055421569924,28.221205275859376
93.23339274252582,101.04799401737692,10.350657581527926
92.06691122426652,83.61457916009601,12.256156669200935
95.23762452450951,126.023536272203,24.95177491257152
90.06018414738666,124.58973884185428,29.61426546340038
93.07284237206736,134.06756171395938,37.4902631047574
92.25762457959404,116.1217759445242,20.345041452233744
91.322176999859,85.68788953769075,45.62152343167558
89.71973550654758,151.98038495695027,69.00962513209306
93.0893484858151,145.54380941477987,55.403519160927125
95.19417662012296,104.2337955014284,11.212750491931097
86.20880390887655,98.6615956902886,29.64705524506325
91.60278271279071,126.37721258951017,13.325606524286384
92.66637103088016,126.2597293918086,18.31393848354155
89.08515077590451,123.56665262836492,139.515479656883
92.31441064925043,124.82282719715226,14.61186706519176
92.09944500917716,100.67037133011009,30.727778686270224
93.01219799349248,137.2754344353999,38.8822730488386
90.35072086563672,166.85687477314602,46.36669944573215
87.90379777900209,109.38956845030266,34.605472721143315
91.26665912571326,122.53240720325398,10.294566861536897
94.45559524185582,90.01184526846204,21.856295079935805
93.41127498926264,122.60355102192852,31.876392807180498
87.92229109576849,81.15687161598738,12.759067513121522
90.79392534336654,111.37967872094988,22.95243673251048
90.92531636893018,124.96280398473912,11.013005371165722
92.680823097114,196.14073353721776,12.455130688242615
90.94662445051596,103.23221639268854,25.17132560606785
90.78370522559068,124.76295422396272,14.27165517773984
89.74596231361329,123.01123987765249,35.14802211754362
97.24693845505072,125.06151272420534,45.08375689475302
86.76552842038551,97.94286207250464,58.37127157332278
91.27223966281235,128.2698954490933,16.699941227735415
91.52647201664011,90.18419442305944,15.49903405405231
92.82668294766631,182.6384149358964,13.31346451855227
90.19316101293629,145.37557404795837,40.35352344112391
90.12156882459988,125.29052534561804,46.77384818534799
92.53126842374913,179.45991215654217,10.962872402080963
90.27592978067486,124.39756658660431,92.56582163346728
89.52109384874606,124.83478265801897,11.60111457037024
93.96661471675046,145.03529068096856,33.38052664286866
88.64806250783779,85.3992950936874,47.03920012183717
89.41182630707854,119.77300844226318,71.43110657364284
92.08588526250712,252.0296272428052,47.562024186160784
93.0326581449213,117.03161660968736,58.54347617790178
90.6018057296292,169.32711958767652,22.440482474393008
92.37467583119324,107.67812302612948,60.5936370804377
91.71517427392082,120.77360175717384,12.50519349274488
90.47490013400363,113.10910074072632,77.56150956355648
88.75949911047715,112.75566524371524,33.79515048636789
93.66849390905143,227.14272235319712,60.99692828996556
88.72400454306901,89.15392926101387,28.061829158051392
97.90777884411958,125.40233576907578,40.94917005160266
89.90141475166092,129.7366255399422,32.42193441876309
95.20559142905508,128.5854038673311,49.45713504960762
93.93283937553709,125.83306522371156,12.554646996668684
90.47203558991608,106.94708157137664,11.867500939570451
93.78387374157636,99.2520168209205,18.514814726197493
93.6390192858162,97.69589979377612,15.214344595454502
90.36399653286315,118.7354704238857,71.62106671007194
86.90434792373074,180.76739744539896,17.423624745416618
87.42164549244717,234.10021631658125,121.7230842830228
92.68356520355871,125.0094246325057,22.32469372994288
91.15185483352438,123.62728158260674,16.031113119365585
91.66077621445466,124.76354854059775,56.77639292783042
93.7136260179615,229.66399527152785,42.25048616024556
90.2638040979914,105.12494975501608,30.68635326170301
93.07518408529702,109.34681371894392,34.31494897346862
89.63480437686198,126.81866809667308,48.10356819186899
91.42926552280458,148.43213472005766,17.780798370601204
91.66070102006216,123.32691667090153,178.25893696143115
88.5308322212139,123.9032231933094,120.41919933670285
91.1838783431172,124.47570650959612,41.52259270397671
93.33448326051824,121.42742733239864,16.6771533540668
92.4784444716083,124.66781506655444,44.20443385826106
94.83918543787496,117.05512118124764,12.248121155028798
90.03014006438484,84.10144723272411,10.933963495708584
94.97921622868812,134.5263989178412,18.93936259416689
91.74858860141906,225.82940380191275,28.63165905620317
90.0095669936274,84.48496980606579,70.81059775572521
91.60871219911344,99.13703584511096,48.96708936453667
89.40572496053464,332.7066320890391,50.72613714247966
91.9775062684072,115.71123221482932,26.627307382222416
87.0954512278846,125.01518753987727,22.73645598068448
94.30231876404258,124.9438361224646,23.91056951641891
89.59183590637305,110.5563496273172,141.82191674549512
91.2906109206248,84.66616776313667,11.22807226131786
94.1985579786326,173.9239647500582,70.52928975267216
89.63104881056424,127.33798865760566,35.93055224057987
92.89157682698144,84.00132776370873,27.320472431039786
94.09372537197862,126.02585572930144,48.75764702466611
91.55388741144128,134.17324911223093,30.00502910797642
92.17757282648382,96.38035897039646,72.007190238033
94.46696701426676,126.67485141841688,79.28885438861124
88.31093344389085,123.9736723896954,26.430961040620744
94.1887155628513,90.03686432548085,19.72323721255426
87.08843323154747,87.73636075021186,36.92041365822728
89.89922378608821,86.43892355819631,83.03667818570797
96.1545031310579,125.09264681529991,17.096826968500736
93.61497048256014,149.3740547638403,39.262643730987264
91.241836796069,164.62981659436758,39.9543400067663
96.34612155427725,124.89028153083603,49.62790045380567
88.45224305374587,101.85777350044192,14.231968891079813
92.51591592872964,122.99306634272436,47.744947273813295
90.94224666363657,80.94519230368735,81.91759618867735
91.2581278233489,106.6033437743906,15.941936823404337
93.0834351671218,99.84833754564424,18.13628775061486
92.80505504064188,85.62453330182335,116.62531116584536
91.46786825259298,101.59017014801468,15.989291642654738
93.090269562291,127.04937433371715,67.80369303269973
94.64262053153683,175.93235076853244,30.334628276606477
92.05933050459562,157.18066219657285,18.519909099831118
93.25546930763016,91.67392436359566,71.38018005234547
91.7498161732817,122.76104535230014,27.680119766798672
90.01126177437526,86.62965503005015,31.696896073033543
91.32558194095309,87.75521333940422,23.35269877533424
92.92371316606408,110.59896694958232,36.96464028055236
86.80418905523119,105.20546175974997,15.356718928528942
91.96636447807126,87.74003357540818,24.882127190904207
92.9342537056216,124.16465569713732,114.61474125463432
91.4476907714398,126.8779011662993,18.957576412720183
88.80587727656844,82.45129048491214,42.077721535513085
92.97679921096557,126.01430927203889,21.79972613166781
89.60579023130765,123.9425680755129,54.54675072121495
95.46300655915412,124.55526486227582,14.208003388304103
93.85118921813438,153.72711654579177,115.018313632732
91.83583661680946,105.61488223250151,28.142527664942133
90.53635436191426,125.0114845114855,18.077606304931606
87.56449870208044,94.70098928226663,12.290131676678111
95.75640045519282,101.06429425480697,15.58113820313782
89.71601934351477,140.11142511856124,32.00495036288744
95.34322416046416,189.9312718352336,22.329552394155
85.6797094283895,86.63640887953314,62.962296523664726
91.02262463514084,88.01060252048616,26.910315720567773
89.76948695416932,127.37867514764176,18.57907710927553
88.75868810683396,102.38250168074414,38.80296749720404
92.00957351645822,142.5135814224007,46.804678208780345
95.2874800773658,82.18834982782032,15.483158430575404
90.20431273410416,83.96417362046304,15.50395810392282
91.75527427730884,84.42235851858995,11.12082184028448
89.30114766520602,196.23824945894268,49.99990362369502
88.92011447284087,152.6917109437486,42.70187575441297
85.80326049643769,120.13306206265534,29.309625089058784
89.48555883382315,126.7559095964738,65.7697747202845
90.624685514162,128.25527998541833,59.14594963508054
87.61417767549894,124.04402199655348,36.409930409077646
95.89802430286592,141.6838766784718,70.81031879587007
92.44202835868984,86.52485455051512,16.914155511117208
93.01773908113545,106.63660744258652,13.560790641708538
87.49923988790336,131.77446820488842,19.43103417184324
92.3212244465124,142.05638273461068,11.76343320189888
95.02425200302854,87.2896153193806,32.725421285018314
90.99911964685045,140.43912053286397,92.751436162059
92.06518752745232,90.72087144930929,11.204152492281468
90.57109920777928,239.92168344833965,13.907016399493504
92.30537204697558,124.23122605095828,28.055297449057928
91.22067674279448,150.11780329729868,91.48625961627984
90.49408077593384,156.99038635343135,21.40076833170361
92.2106878673173,113.06913387633251,31.231675113140355
91.18318744329233,151.85369979922194,11.27385199003155
92.0426212167333,226.48150610721012,14.817149540092569
91.02196174130316,141.10498716238203,139.44253253600135
93.92417010046124,106.33981158643036,110.67412923459727
95.91762238467588,124.88812370300042,10.148566689214828
91.85597547720596,187.1353734659559,100.97922396036446
92.5142255281886,135.95214617081822,40.57628840705503
90.18833069043868,121.75322297308902,70.73003700929533
92.80896813218028,134.05391669973628,28.194768072760283
87.30072382403462,105.8503336546153,31.74508206093313
92.51847056700947,81.72358066458877,30.1325649852658
88.89097758538946,81.53453976175832,42.9761571119675
94.62444543115272,122.25329905941314,14.512523626283716
93.28939359056712,99.23125403861954,10.912959427599136
90.85320488330336,129.8200567463238,21.042042640413428
92.74503508354698,97.6776708145397,46.590950426225184
95.97150438413962,124.26031895002863,16.76389163309831
90.96616246740383,310.5323709794071,43.57355227995937
92.029602437977,163.5269808869878,115.10891170687628
92.44515622717589,100.75487422625008,12.95819181165361
92.6357227892261,153.78640043994469,43.497372517136085
90.42544202348228,97.85085807615869,27.59613519271521
93.30966261282263,143.4347243973795,70.78094866580548
91.24123546410796,81.47300531327761,15.849432971759311
91.6721196570228,104.07444620384965,45.39069629141061
89.80775106027995,99.2365666113643,64.62612584792937
93.86921942389073,126.74884214605602,96.8029716214082
89.00351824769416,125.95800924237646,44.48908704953866
87.52748834564895,88.60688393930567,30.625378378346188
85.994015144798,159.28887163813314,38.85804566652824
93.2325714763234,116.82006185838026,70.95498728103735
89.9888809768421,90.24113266636058,35.36167276207017
89.69121878176054,123.28940832420882,10.925749532017155
91.2721948144456,92.15277567614476,90.1871652189752
88.15804737386694,86.23288417984699,45.08972608033451
92.12295446352108,148.0488680628911,43.85792631638467
96.87266268236732,125.24804274519848,17.28795994054072
93.01129980180283,84.19230627513896,42.26610981004266
92.21152901113496,139.4131460843241,25.019546946875764
93.45555409929148,91.39030020056607,41.60053407061709
97.38278401769163,174.8515795492242,13.38139206348088
90.2222374624375,93.71549050593136,42.1747695539757
90.23742913936626,139.71100416872187,233.25168729113216
89.82122703594445,145.15384750522907,11.48238996682902
87.50209958526656,115.76147855392604,123.39589337686688
91.57967392448496,94.68087660863644,25.67217047363792
91.27838650475243,98.41709247370471,71.3810038304726
91.98123851165468,285.2914164352952,55.75090170802878
88.62142187221653,124.40149551273008,35.11165317779657
86.45004626315944,92.43569581414545,50.23380357557976
86.2946151499555,84.88846114731804,73.2390730287502
91.98304021266692,80.94273192935897,25.53250235946108
92.10620246980164,85.6261055862997,21.881776743730192
95.55617320709112,126.94753588342007,43.04188951516921
94.1325563359909,126.56420340799544,59.4837352891322
87.88436624540368,282.42233104771594,53.100501064615365
88.46341045102271,86.52933691381467,57.95696429343327
92.49456201221224,123.8347079128359,27.1588749022566
91.28804096814252,107.5744761535792,61.0851431915759
93.65267895252654,126.88794224005368,13.842128879607143
94.63938423514011,84.9142500776719,33.59006885032849
92.15614022081456,110.37966101622756,10.173259165487616
91.35821884453134,141.1191033487028,21.772875728295634
88.65825693932712,124.69072966922543,23.693036878875585
88.75272502054524,95.43845548796688,25.134011055660025
92.81765773999842,83.983930368012,45.66929506093432
88.13158393801234,116.99805651301068,24.7580602813422
90.25555373866264,122.11473487502408,27.86393756691785
88.32554536343507,124.9994712869824,18.13631946195934
88.722540913597,97.3007533636808,24.01631201652029
90.74620913975065,121.97235165369844,17.734752925991465
90.48109520500556,168.51009461618384,12.280392647661618
92.68693538154164,85.76177473695934,37.74848785955369
94.32380806904634,220.98646794944267,43.09784425213207
90.5963734318678,123.87089826367414,38.98731190445255
88.17599138838555,269.61782204659085,28.680328450508423
90.3638007528457,101.9159584352727,24.330710343397
93.59057456638824,103.5990118582084,69.70638165684265
88.7276500737063,241.0358309373173,31.96174164404781
88.53350885994901,80.76507480055325,29.570631745457483
87.61896700597907,104.770706391694,10.779296618260434
94.70905962171156,95.50386837257128,22.52223644232393
85.51194388271026,136.14648263854167,24.35054094696416
88.48795020587075,215.9992900304303,25.26596542593997
88.43311294286684,103.26808598943352,36.03733164595812
90.24659203460408,125.84239699663635,32.881513130586065
89.60886556594045,125.7241354322324,38.08754074824459
91.53003455031298,82.42288532290806,53.43019386360643
89.85007769021742,300.0923848341082,60.29711204455494
88.70741172975328,177.44858716209174,47.988542314941725
90.02650040643022,149.78466343990272,103.38396175012616
88.13611079120973,103.15495514696666,10.552025337481
93.77103073485058,167.68654477118162,16.53639732137539
94.57340925081516,107.08990299917,10.22774855594247
86.5936834713983,126.99626476073011,41.27898779223255
92.3609615547185,103.01348384232718,78.4924603019943
91.43906725964818,124.49893310687328,18.370880328333204
91.43000673195168,168.0500285014066,88.53307498671157
89.92939538662893,104.5513224527836,11.86479705816162
89.43206479747562,86.15781313894132,91.74186769000356
93.5515220881911,148.4862302969055,22.998474379196157
93.5999640411883,86.65426088269801,13.208213841758106
91.4853844210682,102.90213131181125,29.958476466982347
87.22053794252884,142.47526450916666,18.90275689234516
91.36198553825189,89.32461060273134,20.05884977774986
90.17983929991055,86.3217599442644,21.01431361483836
91.04071141768668,125.06424299875108,58.7404905989627
91.51549917949488,125.0260272311763,33.24121414414781
90.91714925037395,105.32989468656218,21.18882087260358
93.66515120834512,186.38672161725685,38.27394282863537
89.53728587154819,123.92278605453228,47.77935173944304
93.64289796519772,126.44878080263835,19.54935226624138
90.32278873787854,91.88627011442796,26.009990018773063
93.21172249352652,124.9431133363296,13.899368785642016
93.45720054534586,123.76005309426598,15.99560703166416
92.24641864623284,88.47335292211056,44.28801077878511
89.73261970544581,119.73985271624552,16.006196844509418
86.65370659457203,126.6456584595896,32.343534991963
92.38487148463096,95.18651713000524,47.037729983190566
90.13669718686032,127.41804182615392,13.390926505614113
91.43656811113406,214.8564847822971,35.132166177044404
93.62896584027412,195.01825912026675,18.894128802774524
89.45918123684868,213.66743965687775,108.84588915423778
91.52997282291592,88.54554687705415,29.82305113980421
87.13881437457506,142.92417424223888,59.19576152306077
92.12094864820618,83.44383731383617,33.97033749980834
89.67179955947853,97.38133272646196,11.331491478395984
85.46696901505082,124.14065503090808,40.08417950723057
92.26586688945522,127.34569107984396,100.72601560374198
97.76925506898942,106.16986309185282,37.609852682614736
91.11646868961836,121.06800987075148,61.30906644123188
88.53386259107899,125.24507126142596,74.678395904621
92.78470871155862,93.29619397910064,17.766221975095007
90.2599360395448,93.83138815014009,17.149422825404674
92.32634794902124,124.0628157650801,38.32381194128591
88.71599142693375,125.08356301979424,25.88132297000732
87.36183691794508,130.50881431450563,64.95144946506771
92.0261740948169,109.73855668185962,79.08449061138568
89.77247108689815,127.03502432110317,23.081814352705443
89.48106111354447,177.9108594769183,18.10982843825329
93.6116833312782,126.57675925789816,55.49557887377346
90.02971866088087,86.01375177940962,19.639483682024974
92.29096757064482,123.99328874619148,61.88286776557105
89.79793769391586,123.8577445752843,26.535799022662307
94.20854389596964,108.73753656405654,43.03796509616111
95.57108874479457,125.43569695977422,13.012360518733772
92.89863419381,180.10868894119244,39.333762071961225
88.81482012715868,126.5504155733431,28.03168413888355
93.2539182361402,201.39471647091145,36.50080312199815
91.18554381059654,117.2821707531326,15.51819744769474
92.28960395947183,128.9788570033341,50.05363914245598
90.35495022961976,136.29157009189413,69.58882789635632
90.1783442784,127.1279877541374,17.32870980065618
91.81210317701792,139.70469061875477,13.01830633788403
95.92304468967488,184.32676550492357,10.71767379794722
91.93661030082188,126.0177365203922,40.81428064148762
90.6585150661811,99.9478385406027,38.025549199717545
89.49569835101057,123.58781320341822,33.73586240150697
90.33242614969028,142.0492295494825,17.916899888238664
95.08488032059684,232.82132255396056,24.87347995195616
89.95909670468187,123.2658631852798,37.07728142617966
90.15419259523836,121.85799671235304,30.60105144975748
88.34860370349169,176.07833368842654,142.1539949014398
93.04714641154251,124.9312948967812,14.40074837845982
92.64870897331534,105.12730168776672,45.63752687261391
94.5793156836804,146.7552777638274,25.54148802431198
93.08639192890494,124.56155894253966,26.768959769551472
90.87417581771942,118.70584227401564,47.93268584257159
94.95391685611428,146.64469683630256,45.37217725959444
94.48315544159016,124.04071398848464,152.1816042359311
91.53271634604906,160.4739197588015,14.122543724097492
92.1987898359281,127.50140211555026,13.298117501219664
87.10122011227921,108.05458314972394,48.65748297020627
91.92613621571286,99.70865167963956,35.91001751403941
91.4590220931607,81.16409288859184,19.612797773500784
91.02853999189615,171.24752504759286,12.482520620433924
92.36897225744325,199.818513564777,12.68652613191724
88.88887501962738,122.62537589701095,77.38355537396768
96.99084649882082,329.1999689375343,16.39087095579892
93.08912830033488,116.48501248205363,21.71898978842742
92.9743133307534,95.3529487728907,17.710954902869
92.97069562568664,96.71168233909827,23.154977044312623
93.68208373367658,119.74264026295654,12.158540821948897
91.52248478934254,88.7425037367889,31.960369660766045
89.76492983778158,97.72954151644667,12.10020539132324
87.31446291380581,89.97284218630999,58.33666126477756
93.86929696550374,122.72329241927152,17.98591923052618
92.62867673316934,124.39676708893654,33.29664073445784
88.12185394515987,124.20134780300955,73.62768449469226
87.95470743557792,200.4167184125409,41.56996121230792
86.66595135148539,126.4236451310167,32.840068977241955
90.45321589590525,125.47544126275578,21.76168127452438
94.09580133845655,124.79344091868091,22.149043036715405
87.52410310915714,112.09334075352558,43.21327451709208
91.40329838548304,151.99044747623748,164.18490024121914
87.4091455594136,123.17820393331846,42.527011808956935
87.56705242109607,93.9357537096416,34.47866532903944
89.48582478791687,89.1890742320611,49.35236572578434
95.72213618636412,124.6449181858056,28.776187839472268
89.19528742501655,118.11642028215022,11.860805304496528
87.6930857033973,124.63411156594216,34.78642780431883
89.83822418790139,124.37704903982956,104.83610281886006
89.87706539561839,85.63124089796946,15.782174888221109
90.57651618454145,112.9626067522183,45.13596275404774
89.52977440293387,83.95168422070786,16.729340312267738
89.78544940397325,99.27071048470746,33.024982780793394
92.20041925667569,158.13372085296817,13.050234511070826
91.12109359217332,119.71181933881664,27.95534973537642
88.69676116409707,122.4790211241741,52.3376997562737
92.64053570074462,124.79658538458142,22.811612844563623
96.72779232346151,126.5379414050748,42.800838186282654
92.23161202085906,119.08782232094414,57.6082792874905
94.14632791324578,124.60146158587098,88.59204078112627
89.83076002797478,81.73307111618347,18.02235063146667
91.4002262166826,123.93263077047804,25.290583987436044
88.42025217173523,120.58213146971195,14.960960359672084
85.220087749527,99.62775909799096,156.71964886144164
89.37509674900375,104.52033215430352,88.51927291475717
90.1168803802945,125.03579189902052,33.293067963973684
88.31176160337063,212.66994425396996,65.36112976185915
90.65181944698216,171.16897432188097,32.07900865894859
88.11217927868414,113.8335467593778,39.31194545865192
95.9060561172808,122.63330677676636,12.800469386290654
88.01780593545124,124.82689855495543,52.22804305467216
89.05497181425578,84.40788650641458,14.099120056867214
89.60703058243438,125.25246813745464,62.47266204806018
93.51669880906957,178.14686168525205,55.70167201055995
92.93860035074036,186.63632704296384,47.00665207280827
91.28191044515376,124.4809800932398,11.104911041546591
89.56616228232849,88.86200756089292,20.834621201546504
84.4051749462318,254.85635188470908,19.159604175373826
89.00856874930412,103.33468732871692,23.39500786058551
91.2918786348917,109.02312779416702,12.751709217171328
90.17134484605332,96.30842229551558,92.91853902676222
93.94777684582056,125.89762710291278,34.20979056289545
92.386195422213,126.9065598169884,20.937943658428065
89.4746885045302,123.2067879698698,25.17422293319797
92.87845719912724,87.409795713296,27.782908067278907
87.47730272139229,258.63060655445054,37.533330106623765
91.8797539796566,103.54254494082676,31.75024756136319
93.65334149761485,123.7138473428736,85.5447113955294
92.62481421654002,92.39603844281072,30.612775387623685
89.71916546197448,124.76868540484672,155.44789796080707
93.1942938306034,141.31544651501457,67.19995339984841
86.81850434534496,125.60761323830556,17.015160515182956
88.30409243280855,125.71689097610869,90.03398381766563
88.81188319068639,106.47074709021136,13.711383385298287
86.63764386073703,309.2438272741598,61.02188722032177
93.81475677944498,128.9866701588187,24.37124856001292
94.89703425671205,164.8741946697851,73.10571304729709
90.66309765751328,125.30928580935502,70.7614875746688
94.23544628432307,125.14827748941944,59.18537975072343
88.65416894185664,89.40580228642987,56.82378080692784
90.08455002473728,126.84285854520638,20.9014560877536
90.24138128411072,123.94099991667888,12.531439876022484
88.38460371620891,157.03672512814654,25.47414894226899
92.41707302960324,124.82944721630024,15.717550700999729
90.97196524364897,142.92522138321078,45.61849452932422
89.96314016858885,136.90443933980836,22.744012786393192
91.40362952066876,126.74807581421236,121.40770906381248
93.40528196801051,127.52353378491306,40.73065343608373
90.20343234613767,125.42488361562538,61.86025526229813
96.80647428997976,109.54817846304658,14.265046262996783
92.94144852724642,103.39564763954728,69.41819630009354
91.95784407436534,125.60426053043936,86.82404345848398
91.38694208418076,123.14553337414534,30.02800421644748
95.87778119837996,105.17577722515614,37.96139649474972
92.00318357649012,93.80179392774087,53.42082202995513
90.90010582406669,85.3635414418729,15.76528925363738
88.9423451726897,209.04671314168075,30.948776446491834
92.00780057119417,124.97036173450618,25.257994470087034
92.63292018759844,94.42243938320613,14.74786333135783
95.49283353770016,125.46685476521036,23.743884473701947
90.68657215209852,127.1036031763892,12.118220881123309
91.7827600149586,81.81754586321881,10.78452639906438
90.48315957449022,132.56835345676544,14.356540969856908
92.66443620555614,111.64139394995192,108.99860019931324
92.79542907500812,132.63192997355435,33.923882996743686
89.87728107449428,134.9142746148927,111.2853349565232
91.3372946497336,116.34984699031396,26.99532373024749
91.45046535686244,86.76706558530601,21.210976849921124
92.01301332333097,178.5488107151627,31.16520924331899
93.80334291632012,122.54769685916762,27.36840671879645
94.99704578740688,125.92222568782051,13.350235017951755
87.61734098631698,125.72300804550338,40.71847613192478
93.55786528078264,126.33744354145716,17.30184885994992
88.84228277228252,104.49857135259872,38.995008535172914
92.62648280883572,126.9645886630281,41.51190517973859
91.96695595735704,151.77264341591626,14.947118546633392
89.63058432460704,81.45209201135457,11.89936626851594
95.0295498019444,90.44865546590916,55.52786479671791
90.05327494006794,127.10349124509855,28.47449866274159
93.65723421573333,125.66759329000624,11.797717003114476
91.2903553979902,99.83975615671906,168.15795930209995
87.10711533376245,172.69158002895216,11.78551244273271
90.8940484493308,130.32104005474235,45.626770405004535
92.88919358958576,156.49870954773877,133.45894232970858
90.44331300048788,123.24383782422244,18.20075850871441
88.87993465115504,124.02282273824572,14.603255837007548
92.70898993488832,152.52602146702753,13.88225218072028
90.53505892319043,86.50103003794126,20.84094117823329
90.98785766219848,93.8436208310332,13.195696106546844
87.91417632786437,162.29413048539934,45.3453840978455
94.85113281767266,97.75938096708582,11.929493913985812
95.14048049778889,89.83261076273928,31.365137573039107
90.12063279091804,99.58756568991468,181.38639660399804
89.42697729592584,148.886971066026,60.45546330030146
97.19099094013424,124.91239408998146,38.652462298596205
91.8667213800569,119.6437632713968,20.96946499260956
89.16340116021361,121.51761290468713,39.33667428457071
91.849889916178,124.55840347581363,32.46242667638603
91.27543573811452,124.45536924594091,26.65813483950087
94.15583730040122,103.21115030288637,14.202367775810352
96.97323874232494,200.79572231326617,75.30613179436142
91.11787796323226,127.00579977863892,27.923365893783465
92.96383897676864,127.5575927830199,16.493325461842407
90.08471067778724,125.96971110432597,23.754555501488056
88.05409054176242,163.77646712880005,26.03970803860402
91.36369854465656,241.58125614402655,62.727332532716
86.53704886546679,126.35762137547412,49.684309685778345
97.55513383730784,99.86294332555444,53.99974978510576
93.8132661408007,82.63895244951217,10.332776800646016
91.99817144480828,99.84185840679064,26.143540793229263
86.76447548979912,85.31464910947618,29.69544163114482
91.46030500566656,114.77211840415607,10.58136518399339
87.66198919097876,106.74029219027348,19.02558112065479
93.14340977567124,112.76253110564984,52.84974045143134
94.22586267088155,89.85994467676701,14.424031520016678
91.31123186798,170.0685519021393,32.991551357945745
87.10772477343717,125.40319329526557,17.269862682306815
87.35490791145361,265.2683342334798,10.365844907463329
87.09055975932354,97.72515873242992,18.28056885550898
89.20104452024825,232.7610822142181,121.73365069428634
88.21443636706454,81.09570338189832,58.51459473884642
89.6651768892829,126.86763054390678,106.250426505737
94.88224974692754,89.40004223155861,30.07436872333504
89.64617705086471,125.22761496738194,13.487123625855777
89.5233242142476,125.63741268970514,33.81950431005083
91.4931279317494,152.01625085901316,28.174828932607856
92.81812347907368,93.73633295176194,65.80572662199427
93.96839934617604,160.41843154016567,13.096969482598714
95.8605366931102,110.16810448305247,30.097052068895387
89.44680717339472,145.85707740704146,14.877285511537734
90.72227398940773,81.08436750117973,21.77687785041113
86.18658003380725,125.2710457200264,50.10879634074372
88.21607709864385,103.88675777109356,29.388945798748534
90.512501790885,90.20134341695145,24.142776892647777
89.33736214574037,108.36220269253226,25.049846204757348
89.09963144259099,132.62930212887449,28.45486482750769
88.75706057243349,147.24575366618336,56.11582605683392
93.31751529895269,124.65024637436768,76.7922554897124
87.60287149778527,195.67272161455224,103.256741890669
94.9283516725966,124.16839043926876,56.38028891367093
88.43896422326297,126.97479336206388,21.367918768121537
95.03874695239656,90.44690233550726,44.95551804043061
87.73554055208707,87.7801432572439,27.26642480094681
87.98354694543266,85.58064332510125,18.81787120746933
91.70603220460706,87.9290283502235,65.14131178571736
91.10869162056548,83.4463069472964,11.175523502312682
93.18719720944482,235.10000394059173,79.61086279121116
88.79673671261772,136.4113687277396,28.56777804517839
90.26605850806676,146.4032666974446,40.41722894003672
91.09510018866013,126.73875295490976,42.307337071487865
92.54351835856282,81.59685831146628,77.64750694177062
92.33764664033173,229.64174516750032,40.37328676012814
93.17601573866597,84.67244501317859,38.55237592332616
94.3941584967819,126.84395511477362,12.069316023457162
90.89185321868136,156.2815080431057,31.919741259676545
94.88873404111844,126.41259060389898,14.881533212698644
90.81224457421592,113.5694037616115,50.11755757428235
91.52354806593866,146.94423798979756,31.53684196976285
92.10294243612589,100.59593810121878,44.20439040014525
91.34422067908652,131.70797837605764,11.276983582490631
93.04024515293143,85.02087007425243,12.658118040054356
92.07905079876252,100.74907155020315,47.7976113994878
87.49146269151414,317.42586392058854,12.24443288903879
87.01854798825397,134.34748349064634,12.217687806070362
92.01970499009585,138.13052087012144,10.36547140029388
89.02526496200966,89.8493456943788,104.05079458659368
92.373181461593,91.59336494989996,50.12608129046983
87.0876338871725,261.5783225405828,23.073929072010976
90.97877869951397,197.3397166000904,20.55213943690296
89.38305087387356,199.4815386261856,22.909793520006403
92.42113551185412,125.58160613749251,54.70348599194951
88.28335429762798,90.12915704814684,42.485470528855096
92.54017307309104,123.29126183162668,16.14421465329999
93.86431075421636,112.04507309224518,15.738786443650657
92.33727999209972,124.96652654290838,13.107384735830184
91.9715325427306,185.36601711894752,42.39101230100538
93.59203185227572,183.7080770579366,53.36511397671148
93.27354627143828,83.54381990044521,19.23843848660771
86.54704545073997,123.9340444846996,10.635022553548454
93.89383031836064,80.78609785379993,12.572347223708082
95.0381161672318,105.4687402650865,113.12965008512028
92.65455437257351,184.45106051709303,20.50565695910876
87.75329942490195,81.14267349110504,53.989121299120605
88.10784150739,123.84268135646026,39.39797516464114
85.61608253800209,96.04956430190433,24.43507467487977
93.81162211544743,122.93709233621053,16.908340568677104
94.44548599840836,120.25585916655818,13.882302671713036
92.3103573773233,99.91835520256156,38.636368854384415
93.17605186855678,142.22675367501364,54.70085675022753
90.4222251080378,127.32477265149126,40.97666900691127
92.52290134569245,112.8650624895846,32.66996883059417
91.10951495826252,146.6898745502399,11.285697619273272
91.8559206129704,81.40240323433855,113.7223458926066
91.77829978664882,126.1606889490077,58.0908834653308
92.89077690009807,124.9967581503949,20.394187859129417
88.92709686507446,91.39077138482898,127.31621718151656
88.1237509255153,197.603605243476,37.6301741340844
94.79430467409456,125.90587645743388,36.19856506134551
93.8768542651506,122.71883530649691,51.35849884615043
92.79792797011078,123.04896086992646,60.1026860153163
91.38068158576566,117.6009471998455,42.05517672244149
88.6913494924649,191.77395255450935,14.112269859411548
92.35342403955072,124.90615332084312,22.38681676946525
88.91932966972215,137.11387846185812,88.96754519272619
93.78709466470988,126.08552093098945,17.631891636128316
88.05726441378019,89.38392056895627,23.96443328238039
91.2009785707297,124.1441571136468,26.97307680156193
92.81642281621596,405.3309369981101,27.36269622769999
92.2430752604348,88.76317571950376,38.47523441656696
93.60248513639368,249.7468712340401,95.98106151340588
88.86836144151518,112.67866744208068,18.260461728225597
92.70612554119704,124.81416000169042,13.886228140148573
90.40177179488607,123.85502798643014,16.599599556815942
91.564173785838,119.9310544748163,75.39109243301655
86.53166762142571,82.58172332369557,41.13772243228684
93.83714672479398,188.45897472792305,20.102253336370552
88.70025472396863,103.62811405705683,60.775935633241616
91.99180511781007,104.65807670641448,69.27840217599086
94.57371620867542,143.84913423881255,66.22444383943227
96.72445670323025,144.02398554399633,85.37198629822696
93.1307586468684,82.11116964087836,18.720237172438463
92.6003292572271,258.5931228530011,52.20004662469167
93.36678219183344,86.84539048026565,28.515571235563428
89.97896728265083,105.29004500533348,65.35453261220356
91.20970583610818,107.91510078174991,49.11276405804271
93.35669967739042,93.33964371445076,54.94326261596778
90.66850027230689,85.25405569308444,42.02752572052628
86.49663557790088,238.67756602676656,15.859605928718375
94.29808899696154,126.1815415979694,33.625510725766134
92.97779943014802,143.42548586823003,135.33779785050837
88.31289677481388,134.50290924461387,93.12398164022298
88.28228025111234,138.11611252188248,11.324003383527582
92.01406864205538,202.60856964089623,15.403054034522649
100.19952925585886,198.46240878758533,14.237534204580555
91.34846904026864,125.48982507066566,48.83661562181161
89.78006615880116,120.61222137390791,61.077093420875386
86.67926139089556,98.71398640315184,17.205310250501586
92.09761257423762,84.49421385859578,31.14764841518587
92.88939374149368,118.36115138394844,65.10955211433411
90.32861746539224,86.92162681829143,49.59290855941529
90.79243439874988,112.17384413094648,33.442124348613845
90.45019569432296,87.14429709062057,36.77339513710097
88.69904455664536,122.83307458182516,31.30028950205218
88.78355369616162,80.40098840620442,20.59536550004861
84.31992834441434,124.64550327025005,34.97379422404467
88.5058030912353,125.34675433490628,45.02780893290437
92.18388769480678,93.189917804798,71.98342225322358
88.84077157000822,109.3842585300348,40.34206464624563
92.2510226596147,124.42649160786202,52.95401138756578
86.9079471008774,140.4770496596391,15.233160114673714
92.13229793532216,113.26876541656694,28.57223555999128
89.66682035645266,124.08667390541926,10.281262964933685
89.56014662387,113.0139401761356,18.497910020736008
94.4696674307583,125.03665637784152,48.889410568338576
85.34715574189838,143.6640394625561,154.14506322658417
92.580798358195,111.81333729073565,13.133431291332784
93.1744375892422,145.80253536289416,25.399577701642578
90.398695967496,125.97775901217146,58.29378456705245
87.66251978237123,126.8988318636178,16.846025837846913
91.37282263974592,118.12373338613796,34.296157370428475
90.04552071046919,96.2564633752504,49.62321047704407
93.78471577883197,137.28438062315985,38.712245114942974
93.37397902023392,202.69016449500876,16.2485620190035
91.1999944620092,83.6440682420657,23.17304111568972
88.52799648157455,106.94016871838222,55.94540124681963
90.8982115159371,139.64469342780893,34.2383300558853
91.56711070259075,80.98308156274841,10.157300075027347
90.86182292130763,93.23643090299764,52.93759200482872
90.5981867538215,124.48421642523368,11.078496319346629
89.68042826858076,124.54892123975408,51.08120384059132
88.03536851409909,90.2748198190867,16.787472059556166
90.60898587984228,88.78480139777464,105.15510158679358
91.53800619810268,222.9538014535406,23.7631642386881
91.39340891234411,105.71197897343828,21.87725032910069
91.08910756293034,115.12407058914545,14.836348250053568
86.43027673354905,127.07539499466658,20.94139559046572
89.21515236721459,128.2890102756267,72.78206836529917
94.18215660644933,123.637593306678,178.26238692127168
92.95076591173948,89.85570811844921,23.7806730480634
90.79831825880352,136.93048558507374,27.859421815311084
91.37528152850464,101.62577521093228,48.411681137347294
88.4086462493307,192.9607558294796,75.19827038389042
88.51932504648933,158.84795096674543,36.9715308603585
89.46312439701886,121.0460665482214,24.904017983677942
90.41162403108264,257.4844276382201,25.96259329451012
89.85364733686934,120.00285495983644,45.68416806267533
91.54175991538838,81.56403164751941,10.09670360056704
91.3300755063238,99.9419567643105,38.99511756677756
91.7245739755125,124.77032118994003,23.178088351892484
86.37906197298925,101.17704955800686,57.42512464332388
97.60357770761412,117.57916871405747,12.92807526969568
91.92724346415832,87.31313628166814,36.6166896813351
90.29872679389848,128.82284460690877,29.673974856808343
90.192237583774,90.43058784641056,40.84395989423934
91.1907316132056,125.53938864952752,12.011565355320457
90.01763199256382,96.76201983280193,36.02385901264433
89.27799858015737,95.18391621821162,34.73080961808642
90.9924363675114,108.85421639717016,34.67445679302052
93.32793969731529,138.81808487961885,37.75144398122235
90.96892319177924,126.31664581266934,43.85371173471262
91.65228897175643,259.8293040268698,59.04097930347979
93.66070979257692,125.78526462732329,19.43395558378748
93.23029282374767,234.8121336205313,62.29755066433693
95.43885191245698,161.2817673414432,30.68993848778829
87.39646428748424,214.4018494157539,12.405675623901072
88.9057753478405,86.11420578245128,11.810050782251729
89.0471986059127,99.54457316341284,22.20470525080765
86.82042809211477,125.49425067281427,56.09914568191024
89.2535871205256,101.1524792746996,46.89728152062352
92.866236116885,127.5770404345705,56.62221989420793
94.62864302073348,88.92888684665164,31.84887499645564
92.16929382396305,109.56922338561264,27.405217356937097
95.91591852858105,86.78088438834892,14.785791526806484
89.13804423887396,126.22404573481056,21.93351445997096
93.1811829767568,126.12445312206565,27.075862516576997
92.8682212387738,126.14669914387186,12.783216148076852
91.68251412016076,123.9302721591118,17.47738665941839
90.94441600952628,119.31400421857182,37.35591341376283
90.51679370118865,126.21216216669455,49.91592720729103
93.27557199255423,93.72634928177528,202.1641864190243
92.39623594292829,99.54618956456976,91.14266813212949
92.032101127873,80.73229216405124,40.86406929408618
92.5463878988041,128.22434356441946,26.406439298457933
91.03132955675808,120.2637133159707,40.33266387339563
93.17775004874429,96.3166110450562,56.20457904229278
89.48603784845615,155.24526279920036,13.77833393458102
91.47583117820224,145.13748665802356,25.824146535091867
91.11352050829616,95.16877318774476,64.94039535514091
90.68850900931744,82.84203840850284,24.527115108547395
91.40015128814096,123.6490496774118,35.45001088630136
89.73980456885818,81.03029524037214,36.58516847595217
97.62294699485844,90.00377521888593,16.11774213851053
94.14870408891568,123.3583482730176,23.493582836467915
94.12976311715668,94.46950037646484,22.21700812265905
92.78001141142713,98.30653139761058,10.796378656440089
93.6023203588408,132.20767886286984,10.734675738115907
93.56201659802888,88.46679060203064,63.45968836417418
90.54242787996736,126.86366598884598,19.567786192901053
90.50246084164986,131.8438041061316,31.89923781155562
89.23720690176405,100.19216780918568,20.64567970239679
92.97586825480104,84.68335692206222,94.74388108475569
86.9614815979504,127.48772281477407,19.004656546017827
92.18137517408807,112.7618731873908,26.84551049255771
90.37811498396977,109.15772073181154,71.84339299346779
87.11262678683383,123.8256529892517,65.34219612946384
91.89850818162364,82.38299134239374,16.17758538071686
90.52412728815888,113.52049225455217,58.68227731746381
92.21901040952694,140.10668661294278,28.385024394473646
89.91213903503669,124.25804080945244,29.789565926613776
87.58875246759673,126.00449122937589,14.29810170693708
90.81861785257884,94.90243101725828,12.5210692621997
89.02675396579667,125.29121319087425,49.05190304354317
86.54234064282895,86.91520457313077,30.582832437905505
93.32408874153737,143.08440374843485,27.22631512423394
89.68228427200687,93.59001105519772,49.22540803945114
90.84922400907804,86.9564737530428,53.51064096902156
85.67890893753308,104.4690569839964,15.191632922811984
90.13638153620604,88.40790307946487,38.26558038750541
92.95307033401086,96.31148550690332,14.363055985836242
86.09904393685079,122.03157627787893,51.75429663482048
90.846348217775,124.07790406780984,42.09682301847832
89.42323380391093,132.9438050614542,104.12898357880974
93.03584945229636,80.9933727259556,12.14352722525597
90.00270231248166,123.67332822520709,11.762410804745125
92.36742577024276,203.1532273338846,19.94638880784592
92.7617292415632,83.30654856929588,19.10238194069149
90.3623233541166,117.21383708264722,18.509856888871816
92.42513445028834,125.61364412994055,81.01517422648928
90.5616142627524,146.14112765662162,18.6123156569082
92.05709791050464,122.8298393909761,19.521555269625843
88.82795003939596,122.32827907401948,52.73836760791483
88.84000338569821,124.4862299645594,27.92092296595171
88.28465312909364,140.59712171228065,54.97859194775379
91.85855147593487,136.04150390934365,12.028013162857755
94.217248756857,125.74606215367012,30.057804763112102
93.60292695946744,150.77564950263107,11.025745748138494
90.59774912456754,96.28574433396234,11.941058545318958
90.79376728605732,81.22539271024822,81.07375354436452
93.24934962105154,126.0945756018246,14.49837397139335
94.49484513205375,173.83377488763205,32.8055884318663
85.80833237172759,85.10624544368187,25.88474265755684
89.93254726455268,124.39832239078436,22.801121667836096
91.58950374054864,137.5966604662949,79.0275981102648
91.0961214529804,100.0246068695541,10.661951480650046
91.01997535790272,123.3377708565747,42.70055142498069
95.9648773679036,125.4911366941682,109.22664938405102
89.10500982358873,94.75501264250752,34.640885808425566
89.6587817807092,124.5257506074822,92.85419358757358
88.79602747787551,144.05157136230338,11.610185148874722
87.23852126640486,125.2533484973607,26.279465568918884
89.54081036867679,102.1192492246901,19.03955039652066
88.81431147554707,124.93758130190648,49.37135689219421
90.46507436259763,126.07090312354366,129.3722853652505
93.37298026661362,122.29070084870496,18.892808427509543
89.49447474386588,124.6482793353637,41.85463779490095
93.2889017591925,127.5026289393064,16.62305245402839
93.52264574564803,215.17186969323757,34.99506226443875
90.95679753054614,122.67649023869548,28.70485504516965
92.43606981090493,124.22700484081928,117.27223392724346
93.28309853836832,136.80296895941967,38.135182841132
90.30608745946044,162.8658069679743,22.90071330258732
90.6709175032053,125.30364364661489,13.634393307268605
92.116210495273,124.95323676015728,14.919605911643089
92.34393293430428,143.9706264839105,17.65903825422647
91.05760704659828,100.0821569433816,18.669153566841096
93.08205030021648,121.9940174725909,67.03706482789332
90.74451727404607,127.07854966708008,34.71290455350383
92.57017066580904,125.1433556158502,32.231759343563304
92.16010998382444,147.455209414076,13.657195190238935
89.6260765572948,116.73787332522812,69.01333492465261
94.62501952916824,123.4771204763159,48.49202835621582
93.54436004909108,85.79164982760646,12.102000781585488
88.5789291258108,125.40449363316355,46.91310701807362
92.87185816977812,125.20845383398884,33.52750901852151
90.4024793182624,163.656039667992,12.557762364090047
93.13013969366092,125.4553832194549,28.391323618201078
93.91393650593416,126.29744023596794,29.88996455244805
92.57082184823474,181.79258900394188,15.437547328654492
94.14993979724774,127.13271901993826,97.39590782198488
92.6215340141962,91.77080643971767,66.90867424704055
90.15934610232355,239.8290396310843,43.17113170780654
85.94159525076618,158.5222290514044,28.61338719006657
88.30920934323744,138.57800656547514,25.918890152705323
89.69912375228935,125.33127961929242,41.57822002942176
92.41686944677296,170.87844569279406,33.65222422911377
88.01307926362738,123.548719924535,11.928895900813796
87.73245598778581,156.8386517886928,31.55411265802106
90.09156755646268,124.88884868018422,59.25939365104397
90.37835227499352,113.98264560650708,28.4433848539669
91.389139361531,154.10981075166586,11.60064920525348
94.31621708475542,122.97206703555284,56.29240320433711
89.87352473712899,128.50203238316186,16.74549201057622
90.7623010081059,90.60001328018193,18.977292722451107
93.33082914274856,114.17246530557428,15.39915830252205
88.85198779812015,115.71156502444212,22.02395831415143
94.03005072766024,104.76642428772418,52.41015243449549
88.66020932993305,85.02472917354811,31.980716005721288
90.06289152819458,297.70935832481337,16.877915043612653
89.33950151142062,124.43316918654756,73.07027203796463
95.04474068790856,210.65125446203527,73.50355153239502
91.42258206066604,129.7532089086514,71.3404054030731
90.67794369437196,160.86369388042988,18.18562499220762
88.16880642227915,121.9993168073822,28.00278689296879
94.0591822571441,140.91743032866242,135.97047174789853
93.18900754794204,200.75183120520427,54.35393116548336
89.46079868931577,101.45578860198302,10.826298359106444
91.2188649018826,113.13299585201376,12.022827634573314
92.1395990478824,124.47376405259122,28.704792933131888
91.9823586087451,125.52386244194128,81.97955648961043
89.95277739604532,121.13478148783553,33.211317580117615
94.95272017943402,82.3447877594564,30.66345217146676
90.61405331723329,126.9190030704213,13.343829235498132
90.69064609031784,82.0988824698631,42.08151829392887
93.61113773873352,124.73686987016708,61.79654351890599
93.0045770226962,129.6597328841092,24.361403859015525
93.4501346371782,111.66791015005391,54.83133755015115
95.90245821822084,92.2173654906976,110.12695486156294
89.5073016989189,93.84028240026984,16.835882293402392
91.54920597147594,95.34656848646031,32.22790233106407
89.1738572762045,105.39853148862004,20.154021006671616
89.86188164062656,110.04475904509894,57.230003296524224
89.19592655644226,88.07327975602618,35.853605228189345
90.984108202549,85.35531580422533,40.20143553499828
93.20625414246342,125.79823427498484,57.97188158353199
90.29627331094451,125.91137084651126,25.12396587765341
91.56362045907832,153.2766362302105,83.98492637838896
88.96352552093026,116.08741656683873,32.84463512366143
89.33143281691143,124.33303122010884,15.157648347679553
87.75687997425828,162.9104266892323,45.71187353489164
90.31461372998788,177.98418493025565,57.28899537771864
90.79481398301988,127.0389473403458,21.42734634387131
91.06609523381653,124.82754946511406,68.38494941540087
89.29180492154276,192.2203786260271,80.979569380935
91.9756992902293,122.18888288717766,19.72641878711393
90.66593476719449,123.79485570806308,133.17091366845216
89.08030569322783,80.69907264556466,14.549517711415168
91.45480856113632,124.0703870103733,16.769989489440274
91.36395794381518,125.91096584446356,16.108495008027152
90.84179919781592,162.98082295564686,77.32657342552397
93.93093458579096,123.25904015605744,41.8648716560411
92.1388753013366,83.93817402716313,14.949928787509114
97.77642522822435,126.07804825328375,27.41188584669616
90.090923304701,94.8336997238001,38.658590066438855
91.371088068017,94.66453501474535,12.61462076000972
88.30165079109629,83.21284507269765,74.2181632102682
89.95240759548167,95.29362327627402,58.82859653360824
86.45895641483246,123.49207572611516,31.108459842455083
92.40164135565584,107.44400082382056,112.45275769150264
93.55586597781976,123.03479239134644,26.226226810881844
90.5022423037335,82.38473371304411,134.2625612935352
87.04667969033584,124.17427505197163,43.07138114904067
96.55319309197564,80.32946224272698,40.20873128480562
90.09856438443444,83.55670629054771,15.444033871199045
89.99466366958534,93.64555380542171,74.09375872264167
93.10921794243627,145.91008424054343,26.73173594050676
88.75045495753014,84.69028599573495,15.310472334480531
89.38837561687679,127.15001959568346,10.380630073688067
92.89440193529587,146.03385435915993,34.61276325141627
94.4326176770136,101.60622642306366,32.485153439755095
90.54591795220632,126.76716743698158,48.11979534241282
87.62772700158234,127.57841352689138,76.28870817206284
93.53391300261136,135.44531051606037,12.482104005416485
85.3263209679255,158.21076055822846,49.44673881281778
92.42115272362832,110.72983639485564,16.225929824658074
87.85097554884221,126.02033899615446,68.59527557705675
90.28351487666748,164.32893748859476,61.288276438330136
91.96408706483888,122.76836597907504,33.347675028973015
88.76014942032413,133.2960824166952,47.16135829936188
90.05725033485334,188.7982517854416,21.32164451834189
90.0942230003198,85.18224690195342,29.11252860368385
90.90293035609068,112.34152427571726,61.71801717876888
91.61557752705713,95.15788514638722,28.44478955272248
91.19500221675445,93.71520015962152,23.285583885596687
91.26292233076416,111.89617711493209,30.449156622545928
93.87909155850872,125.54208007994716,62.85132985802272
94.80039370899482,122.2941399140118,22.24843421393001
92.36910902373674,127.15925941524276,15.726157568238868
91.9095427175019,124.56229457236498,47.34530445205851
87.37054059840618,165.58811085716525,62.45724319854694
85.23240750095613,85.47532982691693,13.182072282942652
90.33165383618248,142.57918816431695,18.22813654924406
95.03680733952709,348.4490764441059,14.593556021825057
90.57020253376444,146.91512371950722,22.828625846681685
92.9793007130682,125.72270392743744,27.954260437606365
90.69250488531873,106.27303143893177,51.44832083451468
91.59322980899326,124.99277086115696,41.593189766065045
89.60170850750025,136.16519459850053,39.10091846046793
93.08755638214808,124.95631540584326,23.03330114220913
91.260674412527,143.19841380624644,65.25009535102924
89.24178396644685,119.41310943364716,29.119295321317782
87.24119215604972,150.71756402089255,126.04727249784672
93.11308241099754,148.08853658873926,40.16531131029318
92.13135399349576,128.24122877321875,14.049335715430756
91.71508479698636,96.06679779647877,43.82679833532266
89.01701773679292,82.08873698193311,21.795900907588305
93.10090575677675,124.88297177237273,44.78214592074659
89.40809172160952,107.09241044060003,12.16554715208633
93.46965537611815,124.52301849155845,15.766845713773645
88.85938584060655,108.75873197075018,68.0835715305439
88.0997395059842,87.52046266279005,17.731256299203547
91.14926407276394,109.2736109514077,64.42772236338496
92.86098276344126,118.34011869202664,19.82497418136242
93.16856137812673,142.2450350974098,40.89066303250705
91.68030959998276,124.91483951793622,45.53987105288916
94.07711708863847,125.52807771113632,31.563474438656485
91.87573431310722,98.59449337350335,20.928716505669463
91.43186724668833,95.26571301570355,17.172257804940575
85.35706734618512,99.64716016470214,11.01257857631682
88.59562293524633,123.63958939598,20.86985835703628
93.84563231013574,136.47321825689184,41.7669923827666
88.84288940150542,181.64323056156792,93.56648337728122
90.49129655600493,108.7111523588515,71.48587798289198
90.19258224226829,89.92798557379369,53.58133074242134
88.6093149792185,165.26396458399444,56.59844030241104
89.64267802319966,112.09059044828103,42.80739051765019
91.07997664462415,122.86017181266764,19.044784398918104
88.26909462063261,124.51833228384768,81.31765276585271
90.30886792915447,128.8317610631148,43.32652652260207
89.43866975695474,86.83900390231628,34.65947463659141
91.45153894495992,130.81445849912106,13.52938593652794
93.41310124828644,84.80770004836583,27.774931701518117
94.63384258846992,124.07766187110455,28.505494744089862
91.41410862381233,101.72576185135176,69.97759575570893
88.67252067404301,123.6401405569158,33.73260696957293
94.73840145081876,93.56102828607509,24.360461693427357
92.1767207178927,150.0176472867742,122.90851481057015
89.78566312286094,108.5183897321957,13.520313988802757
90.3663025008419,168.1855592663665,26.47392095954005
89.53121992068905,116.3780303481343,11.287997749206442
93.00907307520409,123.11858366981603,50.401148489894375
93.6523192938028,96.85409844966767,85.05910093491633
92.0307527165613,123.34883001395892,19.85667744742058
93.9333995315814,305.9026210304702,68.63011886538489
91.03989287583585,121.02170671675398,20.36858403754898
97.0758518021978,170.03367498362752,82.49619353841912
90.8814033541668,199.8279079988875,52.06806674836509
86.36528728004565,118.37691413304306,59.02833301529316
93.48529366108444,116.07366736156249,10.545119392424931
90.19401205437798,101.10255288055282,108.75174917309192
93.88413371400648,93.66682550204514,48.91237156494049
91.93215991082089,109.99785489725002,20.90456084193169
89.48944713471867,80.27298217198887,63.05207114814724
90.9564754874841,117.77117306007298,19.91857232821957
87.54283410082547,92.0607692417079,71.84895392243249
89.29262521067854,113.1790168353327,13.583120274432826
92.01610700350336,93.45230399817684,46.4900650013256
93.10170173191456,148.8756227758295,33.341451129017656
93.1790020916865,170.67625366578716,13.045519645795286
89.64602667525686,240.44564229265825,18.30795504664904
93.87451165298066,102.66912017676904,10.37444825425084
91.26214206053363,115.13072538156864,28.976691299808454
92.67308163755,108.5627920545555,20.754522845115837
93.8851949525036,126.52300777823882,37.36578551246716
91.81482543746633,124.2312487783461,20.5821015983571
88.89371961432445,132.71094214859042,20.696781868740224
94.15180632526425,150.87273796318027,50.78293668481079
92.28766397853836,124.69062075973504,11.48020879719866
92.24063187710112,101.00455623353557,79.95887086573536
88.20731222152408,121.78774617636978,67.36982594842229
94.18624061503306,113.17564817853535,43.06096538540236
92.26922502032797,87.71327271897833,36.984599202290205
87.81815793528216,120.0089311163521,76.85286671329168
90.66085594569805,189.5740174756919,16.149171282519664
91.00491269007472,111.04036411213195,12.467852809723071
91.33506433937752,82.1190157346521,18.213776201029567
90.69123634387692,80.39897762991531,57.480707075882016
91.23447169157956,126.4728230321188,11.058566304859797
93.58457000971228,106.4785525817813,36.22617817658701
91.02942255740489,109.69658918971903,171.69664326580252
89.81398390823755,133.75905191970114,68.07501231507307
91.57437146949144,90.3910112978422,32.10956716026453
93.94499710228064,80.80574893025164,11.972686964575946
93.05755266857616,308.2906362195436,63.40207462980218
85.40968342971837,133.41785073495305,37.412207726311166
87.94477895057855,166.10875775336535,13.662757819084518
86.70222411685567,117.91255116110734,12.956753892233843
92.27338633273156,83.01209023823561,82.11423192353017
93.9271203655754,278.2647862629668,43.187263320641534
91.0613811389168,127.07332026861906,63.03310958567214
91.51536832424692,215.51598046944835,73.35371112264824
88.75090739105089,123.17715263595797,35.4430101119476
93.94822490036822,166.58530359678042,31.859895289347364
89.2739880601307,83.51078847156253,26.88607126283723
93.94031857037984,112.41512173013544,21.43546660340149
89.68657426850405,92.03561453818448,27.106440696494012
95.25848350585132,82.29882250650537,54.60063774000178
87.67365754658675,101.80167140246506,37.6333272345133
88.57303979639002,123.81160851784716,76.91443316888008
94.13864934193488,125.68850515260152,27.57617571765832
94.07838846110316,107.12375558190148,38.02520886295866
90.52321695441516,115.68606423604076,39.9337737907278
87.80402780325377,95.28625604913464,36.87238391978539
84.95343095112794,82.79594279635155,46.383724376589335
94.69136644416156,124.43790495776778,18.131965591498385
92.24548530603046,124.01593377858954,31.545567907072417
91.59680218754004,127.66356313027572,13.301973804349924
89.4672798373157,123.15404630962372,24.56016212497179
90.23401108441736,217.0731889519809,30.0634182600626
93.3632083359724,118.07922742725285,41.685922927578645
88.39380523144095,122.48330669159012,100.19230393695828
93.33099116937868,186.0660600229649,37.53759172999301
92.8187381576219,123.20575572441732,50.82978479069776
95.17187243618534,158.10970045543934,31.17275466567032
92.54060566601386,116.69301764834304,40.16218674152205
93.38695587173568,84.44549497397257,12.207207354883902
87.64855160570335,200.48730792042213,18.80664171655417
90.61296630889127,112.62470629518988,23.47560282128472
90.95272366502428,187.078329870725,29.187814497016262
92.13978395321833,113.6699145609598,11.401704520070236
91.48417314475893,121.45734487456492,14.525527316139916
93.7092409571598,108.09871347626756,19.722677623100235
91.54592217509374,123.49937497211214,116.76996697694771
89.02410330652684,107.5123528519349,22.07470145932336
88.65726805440235,136.55577840507829,29.73577907886253
94.9911295303911,125.59166619052422,16.54832651336929
91.91333815768088,142.28568327899407,38.30832175419748
91.51639919734242,126.57405153585,19.88360283734236
91.84921638973984,123.79055390236182,16.957680956477503
91.69800488059668,89.86384671660944,31.805625679732614
90.4358811786268,199.93351722217452,10.165630358119293
92.71368091440978,233.53301949343083,10.230806568112008
93.73737494656318,120.1252769816816,17.418047106022918
93.32492736910174,92.91245771811478,11.122376975145874
91.09177871825334,84.0909663874279,13.429540574882989
88.5669203704498,107.19991142651722,22.413719302150923
87.96857969358014,123.82436086960668,58.673518282769386
93.60592470136837,148.54158619295202,35.462372277739384
89.98844299502504,174.46935301341773,31.56427302964188
91.57578842333103,125.28034789963264,20.42248771109942
89.01538714525212,126.26628808302952,90.53897030758648
91.69575256054094,144.92472154477932,25.17589079724005
93.98790235665916,106.14374357412892,12.733630303497268
94.44720986798568,118.37369929912931,38.79681928629861
87.72350467015012,148.25504937252018,13.625678346119887
92.96369460342412,126.01798725770176,22.703823322697968
88.97322821481558,105.34048711587636,31.242460891592383
95.59773832120732,124.49041691767611,72.19723006896749
96.0571036104754,148.1450841197206,30.40968773967859
92.15432196253872,154.1520081350424,46.34591536277531
91.44867175941616,122.98733091665834,158.0804722593433
90.72698813301584,124.33206357831948,14.229254977479446
94.909080898369,123.92142860452002,19.63640149140705
91.59879600976024,125.3658963111749,25.054790945094247
91.94052620301326,84.90272138779748,26.43652556564392
90.6215846227357,171.74656622377745,25.880946322188485
91.31072073343944,128.3344543640571,81.45242148135743
92.52045236529302,125.90893126294904,47.55632848508276
92.28529530153516,252.56692506612444,38.08755002895258
93.44478324033636,125.71603130140048,21.104649694881964
91.79254633125376,144.25337274394056,62.08242981633134
90.83748067680598,104.49544335640084,103.07315181394468
92.00686757943154,110.94812998663828,61.64433432595198
91.77586038686628,241.17209024492,10.046989937441252
89.41715462233469,109.31617855008456,40.35114055201363
85.92693076445177,97.196645358482,11.574674424851336
88.7782675924404,93.35139967307772,18.93630469667427
88.0788680074604,198.49739204728576,11.841096807458989
93.42223296805824,113.6070895269834,37.77474004386376
88.8626285831679,171.353125948904,44.807282963342814
94.76872023005508,129.0968290074865,13.64766584370439
89.33450271616559,124.92951603988791,24.52740388448081
92.71182641681388,125.68286129720433,28.27722657312368
95.98021426388937,124.50890394524812,23.81600344356218
92.70626998893904,195.2414568134123,13.86996470992352
96.02520485112451,129.70866739809009,26.287439925516424
88.83766345617474,160.90441267156518,51.73053069184222
94.18865284250188,108.6636832852514,12.209643715217084
89.43368070713076,151.17078434272122,12.507318866942793
93.66637632898278,92.24246025431798,23.14451316209291
91.05685020631743,87.32278990546503,95.27782916583524
91.80278102279192,90.40110423686149,43.13039916522753
91.14539591672124,128.85020282050593,44.05859535099049
90.42997721236502,123.98190405445962,23.478747918694168
91.51881669549184,189.7440996391931,37.017009357203385
92.28700059087308,102.70205536442468,10.305485612576293
87.4474676604079,127.77074175224142,40.32595929778128
90.50198770553098,96.39990563436947,83.35452578619437
92.83678974385587,124.29211477755732,38.4468713167853
91.5944966305031,93.5371618896073,72.0725233971263
93.61979565672036,186.97008147237813,48.61770378721482
87.51311520492872,125.06877032121162,13.854044110779911
91.97747841631374,125.32187956840276,79.82272347945323
93.11336595908504,123.8314716964732,12.062624853704111
90.49290195833552,124.69325382584556,32.90499537678541
90.23790090273712,123.8012178349339,14.599330306225468
94.5710827678814,111.65630395525392,10.35327017843446
83.89795939575167,118.2040182538626,26.44722056931213
89.96490796468143,125.1999098410106,20.48845657571133
89.78636310720047,212.74610566910863,29.965989226694774
92.74951739662689,124.96125040154388,35.82567271277222
93.73843772247577,86.81125763884783,11.341733987677376
93.8756146104872,96.57644604739576,13.937561316540444
89.6539955522611,126.68993065546542,34.5369951918474
91.8478689473728,121.589051532881,22.60978048573174
89.88982320992056,146.77594000488713,49.18830515684375
93.80126608611286,122.91934504859222,41.6917366375513
91.8893224720193,93.39449128689166,66.04710698492104
91.03656507361272,168.59972127835783,45.37770592308093
91.68173222767456,121.96861440360512,26.859940258120183
93.52763926298424,109.79968096307124,43.53079123316845
92.00910373523446,124.4815177504703,19.66328559940388
90.45871172397946,257.0879394995377,20.97205443642984
90.71094417525268,89.28790986552818,56.67480447550952
93.02925347050278,100.49936989147191,27.74044386747026
88.64030331087781,111.74888963249232,58.04116690808039
93.58197339097715,111.57588941121423,61.85042302665618
86.35837708415363,103.8558689605809,68.46552496773836
91.38207242617013,124.31215987735538,84.5358865297953
89.5370133157677,104.2372277574525,26.91546612099428
98.32658536832668,152.55920525846852,21.519922724294418
85.38903741926813,98.4904450211225,36.1824828955025
90.3891663667046,84.49257516452832,23.9169454891777
89.47795246070021,90.16537265375078,37.569392832257904
93.29127197134916,185.0389158801357,46.68303617108384
94.33046669555316,84.64322771399081,44.98153212022262
90.94934977418112,81.24234385798823,24.0786551272234
84.55566705052729,148.6371323861124,15.47661477414449
95.98046040944962,98.10857229191652,26.891440407935832
93.69385910678108,180.8107176643821,14.615316849583015
95.73005064387092,93.16943346201631,76.244723216112
90.82381377838664,99.97665012287948,22.7338172852182
92.04042267037713,121.35742612725512,15.033385105755997
89.8696643534921,116.77172593294212,10.7733146319003
85.82836785265422,175.69578799215742,41.13870274061821
90.17230425095012,90.93820275721508,40.3925014899046
88.95621270477982,139.04144877857178,22.492938013322245
90.96892666039058,89.54513317140159,12.232393893288236
87.23617785981794,124.04973491615758,25.810118443352387
92.79676240746092,289.3880214829494,21.184891765848494
92.05781366674402,142.66677188943171,43.91429569476104
85.88193162597966,114.093893307774,37.92532738017507
85.10582128709416,127.83106546450172,23.604720596766757
89.07230703343714,124.05499896570508,17.37289447672745
93.24303859865888,115.73079421237148,142.7755092809359
96.53752949449505,125.22979342931198,28.15417817395881
88.62030207994475,96.51246314934286,44.968943155579744
89.80084828345754,124.82720296190818,14.543982462840477
88.02035474382492,160.73580392089875,29.94202246806762
90.66274679496912,133.3534153782988,10.83768887268776
90.70459409766148,125.56220573919386,31.123521084121062
93.64308906367572,171.97957714627233,109.74159965536444
87.51035940767643,125.8967992069765,24.54531834384226
93.6800018211126,166.70660035006867,11.193301623243494
93.10664974313045,122.7249560262342,10.943351341775095
89.74896959605908,89.66736047410569,24.730040878902443
89.28489815772491,124.88103381220674,15.231492215533926
90.58157124398824,173.1952499011821,10.708872312436016
89.30422623637062,146.3405659951914,52.34388712428731
90.32167718109356,80.62244125258621,28.40364113361446
86.62173327487979,141.98169678526872,20.24281518488007
90.38971107158892,123.54142801361157,79.1025180796463
90.1818964109024,153.56995339369428,13.70366270493596
91.57914984656976,130.06572965734586,103.65167644422924
94.36182894571304,83.54776582798046,21.30487406471579
90.7338351862498,108.386889342816,75.78601406704324
88.74709051843386,95.54247426184529,37.71025362054317
86.8710139104447,192.57359491764453,62.58320654129152
92.6074670862508,125.28387794828885,134.07968788000846
91.77281514319992,125.46180304111203,20.207408946958356
90.9469597266632,139.7693989626435,107.43020997878963
91.60227506503594,145.43413388086037,24.803419890748657
93.29252095951117,124.79340763887252,24.60897169629881
91.97303905059262,92.01221501131558,22.483064128914386
91.97723254006678,118.03345451308664,33.387804906816406
94.77245036917893,141.44088936311297,15.022221397356596
91.33268997543412,124.22002858329672,34.20368926874702
89.49691744665226,124.84158093241857,33.40725364268538
94.46318377419564,125.42061446855736,53.05216414919487
89.78081951912665,124.64669321664036,63.8098314312536
88.15241143268798,153.9392043598176,27.418207946351963
92.23673784007676,286.85267026447127,20.8004117448684
92.81644834352186,126.53792871677508,19.00620127126412
89.21269289939303,149.3812124251736,16.493374813303657
93.30412698821546,127.68834659888358,11.781278734251424
91.17599377222868,126.40815927738952,22.57694195250969
90.02809548469921,271.6529073753371,19.45150320115507
91.28068642358345,121.5014898924788,111.81240347288984
89.66278862734895,104.25253931970316,34.473605489623466
91.16389617800118,127.27686836681764,22.798074865513023
95.37896681601292,121.93427288174674,36.05843570867718
90.36873564276875,125.99842997764566,14.496677725064345
90.27468398418956,125.12342279534616,27.61197020328709
89.05265086459839,125.74824321300984,39.52378617346034
90.08339085525174,124.1256863614498,30.13557312938425
88.04283967560752,125.61969153235874,25.41384084567256
90.04659603302474,94.75562283767138,162.73123791827382
89.42814928501758,131.98883034159442,73.6867000074039
90.57747717009109,118.73319873544835,39.29762451420423
88.60184177976467,124.11900092393849,35.27569361143411
97.39223735693272,183.5202047947189,39.07970929959863
89.17769690942265,233.8549475502037,16.743550977573552
90.19127325190708,81.7681791814531,25.082635650705903
91.85343725600154,194.59391873026823,11.207774990972808
92.19473336547014,113.50533059126607,29.361928871307388
93.03935214966302,143.16472839692838,33.49377051258924
90.54635620363256,85.174292450152,17.75339816376837
89.07275820076124,165.34268569777117,109.7511391569933
94.90134877094762,167.92230934058318,82.05712052195929
88.9900088893668,124.4861926055164,48.41948600571385
90.6630120641099,238.28747843991616,32.867627891977975
91.33308316250388,115.87242497266068,71.19950869547861
92.75068790534203,100.24744984060594,14.200365072286928
92.28725795387932,94.32681229332152,56.89234874284705
89.74134858756273,100.95056201879078,13.999798886560717
91.70916973788766,126.43159608245502,57.42706801522506
87.32035944095021,195.7120695855915,19.67928699374028
96.6986014877929,110.02738119603268,72.88922877851348
89.18889758763439,124.65681183807342,96.4946663905049
93.45244895632808,215.46558385439232,14.833102756438286
88.76339241801445,110.86539825123027,28.634598383773497
92.8014307319432,110.98027771567754,128.87956639428913
88.6579622530859,108.4499824062746,29.815023774621437
93.43270079455718,129.38841560316726,69.75336625795637
95.96010443689192,124.76236100051766,36.6552714077275
91.38134677544784,122.854035459332,24.115948638410927
92.61473885628934,126.43538342383457,20.09707657180228
93.63587042521245,108.50697609341344,16.81541658725159
89.7540669582661,128.44062147176516,53.039110876508666
93.56902724276762,125.69329083891742,24.659231284071275
90.06462205371459,125.27784552067942,31.478687968421863
96.60863334090044,201.40159832160785,30.33744236226727
88.17167382205595,125.48257690009524,35.8312888352065
91.60340103560524,124.45987702502867,70.20294453739442
88.64009030834244,372.11499746743857,128.49072374007048
94.179752440142,154.0588479877481,25.706396207460006
97.43132919786456,194.5705725785502,62.724032256920594
91.9091745238657,112.76849136104283,53.38487189507759
96.02598496662236,92.21847679485876,35.56632387533988
93.27606245491846,114.088859225963,103.73912995593804
95.3874682014322,178.982222802023,16.712106151133504
93.24795611655082,93.98107941667683,13.471222834592936
95.59838736709683,143.0275601822228,67.71664572678358
95.23871690294472,145.70103749468063,27.34904385842429
89.98399249834715,128.0534634662482,66.31341433097779
90.05012745243087,126.29188083928533,77.07309517861351
90.69558287723709,98.73040208457698,11.934798660627502
89.66095937734617,132.13996163347508,74.4868476421097
92.59214498829344,125.8117525315004,27.843561960052742
94.87593909108202,123.6272092425728,31.42698724738317
92.51349267156212,162.8510024138063,39.55254976255907
90.4207276776896,127.31542470168392,88.26621878694327
91.80699889301984,112.96069487499987,10.579035080967577
86.30642949691028,80.4219377756365,29.4362369181347
88.37313920678864,136.2946674866999,44.91584794400976
90.44704234793092,96.0352640373876,48.480412526353135
92.49352446768322,126.41298483425166,45.38156997133324
90.58668404354157,276.002842162341,14.33118866785928
91.7095384815221,81.31973612250438,20.674356139293224
90.61645231853826,200.9761408452112,23.32846367228004
90.21524050185036,122.50608448277087,58.95621288359564
88.34466909586547,124.20562696504602,19.80349447529896
92.3106846719684,86.93861073465854,17.098452737087456
90.06630126972094,131.44832220348283,104.71086606850024
91.5434782955257,147.7726031114642,10.267083930168557
89.62343781901374,177.80291759410784,193.8646898171226
92.674316832617,124.54312188516572,43.8864956331026
91.47677166810288,86.3620229880617,62.889790493151104
91.87585538846017,116.67740276837633,20.470532755147616
89.29379480018714,108.16291012565976,10.432561892140344
89.15300247218514,124.86933211615042,50.16738635304101
91.98439376644784,123.78433286730258,63.89916809480202
87.64513687063817,124.78151749840552,50.46719810644282
93.37033571422214,125.48019047633656,14.62428045130665
90.92388261510372,96.7318774303076,52.003027708127625
88.76145142732031,99.24473205275216,53.9501004318405
87.449382126492,107.80878415591192,42.23578741995643
93.72584769001664,112.32073337907332,53.5878917707724
85.57607516034588,124.217648792779,66.10878024036415
92.37741231785382,124.55647311911372,38.52678472938791
91.547256851826,111.54764785765458,12.783357171847472
92.79066255727965,86.88913487114499,30.061119513628665
88.48739784543949,101.90048947033026,12.42489389722976
89.5196873740279,131.67884295470037,25.704311044760058
92.0122781875334,124.88406759544142,25.68221419151893
91.33102835634686,126.04075468251152,12.048681417206524
93.39389510346908,83.87767493658706,22.86909991898142
91.08869439617,123.17816390676744,13.529677146342175
94.6917478384023,198.58347239390096,59.54457130226441
91.5468463863328,253.3385950485969,98.51589955185996
95.26015632364827,133.635480355365,12.251939011973672
95.50057947661186,160.63359473554513,103.10968702206056
95.57901645859474,125.92613211009618,32.18054648166283
89.35797550660702,258.83648009432216,20.68164028835806
94.2450668362456,232.2859174292014,12.399298742187163
91.14664136946762,111.19629214177236,30.83189490314181
91.15788527428327,124.5776465031145,57.47154670592854
93.25189261829708,125.45613642596858,46.83633573350949
90.31598010625312,124.56788965996552,11.545936884881394
87.03556528956334,116.26805720816093,12.270874721747576
91.26217767398622,124.8781931165187,25.46877793648263
95.9308470720567,126.43866678740692,20.49908828140147
90.32824883124192,125.44749659837,17.933982751976785
91.00892074021203,100.96134767252175,19.89700535366535
92.18695011187262,296.0678028855458,58.81015093470148
90.28428990305642,125.45432335399369,89.44877783630284
90.70127062552535,103.58443905212393,25.58099452532601
91.5166125225587,252.4258942617561,80.9692620472867
90.1661626169277,124.85155176282204,21.635933921717488
94.47510700614475,127.3738752999693,29.412936579685727
96.49397555772023,93.99192856483114,17.686626129183658
92.35110609228872,223.2701432510116,40.68923385914634
89.97823055198491,131.83380727338815,125.87001903928967
92.47274363058916,269.806853983566,37.751854774302885
88.34791589207481,126.775502297792,23.286322858200524
87.74423068404076,125.8744298373357,41.30816855426451
90.99026339970447,124.46806765536928,13.93473532756932
94.3525849976653,86.00729995188306,75.85475306998919
94.72137369885246,126.98179968362354,30.98002546609704
92.18442784524696,187.1275892877623,27.89966235718305
92.95541763561734,123.6679771374621,36.44688281619881
91.78275405004416,86.72510034013942,39.40759159455481
90.95290036791658,163.23704765278433,12.234459617669948
88.19315936895198,124.25288866002978,44.4294018857314
94.17954677880226,108.67287270373832,18.309452976745312
90.14251733355732,84.50018099248035,47.547935838086005
93.26318381490636,125.8798423167744,61.86942141945157
91.11368236632924,111.31171693291212,58.882868379864384
88.81089996132769,102.53045599983336,34.12242709224708
89.13225642380537,100.683447392932,32.02969540139891
89.75569695424132,124.9834427261684,14.625179048927528
91.47732951927614,122.05051242823836,54.79583522912285
94.15444332410692,104.4108033835822,19.4992980732582
92.97260951648896,87.97865680498528,30.59679312699168
89.21617672081727,307.70835711628604,20.033739899912263
87.9148274326124,126.89325268028718,14.310165847218888
92.88142662262187,128.97820656599416,39.79172720427767
96.0414980396294,128.17370174724113,11.675912791777492
93.5972298118481,154.2327878028322,51.42669783754241
96.28540657944852,92.14818609416628,21.463597976616896
89.95265286514167,152.7716739338183,10.00404106229208
91.1938878524841,145.54385043356177,31.46970738413336
94.5236340646846,124.73849230935092,11.439549770837566
87.1095439971643,102.90833207615262,19.69594329729339
92.15536939437776,126.12364403413947,46.825072767799696
91.98876196775332,173.94899770124997,11.942224139764804
94.69385654113437,80.81722553115395,64.8536669264436
88.7782609215637,123.93439466409498,10.11481711589188
90.63814582914624,140.38829448799848,18.503685192744864
89.49787231574162,84.66596121005352,50.516705389333126
90.93012915545404,120.36277377282757,21.40577185359249
88.13181417951463,96.4281637741628,13.223961482313806
92.52338584323738,138.84315728290144,23.39958002694424
91.62110653551647,91.4559653247922,19.45748915466268
90.51364083971218,96.60139847100228,65.49028411411088
91.9041719511352,124.0283915371685,21.277826358815197
92.2999590424474,163.06182057907677,56.66731473194052
94.91474263788037,128.35046288957423,76.73322723112085
90.95853975830562,126.40210723081216,27.06516017629889
94.5295333994398,137.12062782223123,82.2194221948359
89.16798810253931,119.71325956015762,24.21158231678548
89.64744108538196,105.55357405685598,109.79250856506148
95.20228309560044,124.44091767046118,12.805907254370846
94.24643609699038,89.09903987145343,44.84840933979965
86.96103799866819,123.33439461546836,30.425535046934595
85.72609509734316,227.9526653750336,24.713479412875397
94.97029020298724,101.0307301547028,40.04826002215983
90.87547127207569,124.85515632218429,46.50739427905373
89.62761124713538,124.157527894649,10.131184494752391
91.84775748752416,126.14213538556292,15.479959671136273
89.73918749390552,125.75376173091182,47.45300593805999
91.21335091578466,82.38586122373283,42.93306655502417
90.4709678412677,124.94260412987968,111.48378823121624
90.265707437044,177.7694136462716,52.94349573270222
86.38447180407198,100.50805760324997,100.33921265130635
88.62368907917214,109.190691909009,46.37431608631262
93.96905297674137,124.97002763422796,20.616887470097943
93.12145499856096,124.36038506557996,13.340181346361078
91.72741370041764,126.99422540750564,55.67357728343442
93.20364100269788,106.35719092015408,40.99731392356075
91.38661756315656,129.5234341490328,11.48156963354626
86.92693166256163,118.47630078284566,23.390978761232716
88.4188273916728,120.76800125193444,104.25731537632343
92.4249044100702,126.8169807889797,30.818493819650516
86.84176314265854,182.51560885852385,27.007551252176476
89.19101362368211,156.29160477033471,28.358055911499967
89.41695465943573,126.62782588291212,17.029271777577875
91.8370081486908,220.6688382884292,23.799563576775107
90.69232008298876,112.81358624961562,23.852172533561124
91.66624627443018,168.617769303663,11.613260222082934
92.39224052591835,92.83268637436365,53.77467914839149
92.0943545599854,146.58150798100374,26.161552679913093
93.35426637551492,121.66094735024735,61.809485193486935
91.61575024403804,127.51164778977784,66.98328063216572
88.72134203167046,126.12496573384712,17.147489330621873
88.07876709675,126.65006186483204,42.131677704139285
92.20412388174924,140.50622611438618,29.17578573282229
90.93030133830489,125.27151970511068,73.64711617907079
91.16040190444429,82.2304628592004,17.290466408988916
89.54601458137482,122.9630082482346,43.97871335150335
91.02457098029262,108.83781964472703,38.07583893529271
87.39553631621456,102.63400720990386,20.49955586170477
87.68356237189475,270.1348295103139,14.406347274420623
98.52265460342616,222.7339893059616,41.63554490756285
85.80250073552716,99.1783039343668,50.25081261356413
88.5881372858885,128.08513412842507,21.3775807198053
88.25872351278032,124.15266733078656,41.05498188041494
88.25729582956235,121.4882116634342,25.082296617441024
90.02895744752828,94.92294051670076,47.46982512498251
87.90749724620036,81.72300123207489,16.66489377118213
92.94154859150804,100.19980618681244,76.27694185818974
91.39306564758724,125.4311786335074,20.16545478203856
92.32079322792411,124.07747723159952,23.75581945565017
91.81430578041729,109.28767312893709,11.795428685311183
89.4343049186228,110.03959427787136,13.54703129070134
89.22432795289939,124.2015064961692,31.76155263965218
94.48726931828344,124.60758727958216,19.342554016771736
91.483210190663,226.3360001365191,64.14173523241018
91.50206004965234,124.6862493511061,10.444072170833252
91.44577830466196,109.12035834012316,24.297269669641217
91.41810477574256,173.54761294181392,22.34504834024929
87.5717863161196,123.21909079871487,10.585505550096313
92.13454826068616,104.26540389844354,13.984294699137662
97.60641738613155,125.79260278902495,26.014777164272363
91.37454872531332,132.6525076546662,30.36931657701976
95.52909767773929,80.1593047435614,25.540026497191658
91.5610439887054,145.7955747956181,32.71058912539968
91.9568000494303,123.52410420934284,37.1258016389055
92.0075339369758,90.89610234685836,10.299201713744582
86.35117067136845,154.04658004335806,28.71396009899857
87.42041254215057,142.67808990195462,109.31266663028914
90.7542893563512,169.6957639353017,31.958653647544768
95.52653075077616,123.86842867761683,43.95349639671689
90.04397010042837,130.2720935871033,21.213057390696413
92.50015024413764,99.91614703552474,54.615463920129926
88.86373765831587,131.59363187319664,54.4737827946904
93.57027102453492,119.19633815263047,32.1001877860827
87.52082260698721,123.93678516540938,121.90832753607536
93.90224049339452,102.61919703282096,14.024812218531247
91.10014994340943,123.84431025865662,10.512787601754017
90.7321259846764,114.36785938536154,54.11092251879348
92.9271913495926,124.1520606630741,59.37613924197839
94.57382171252486,170.14525561308602,13.84206660635412
87.29993473339226,123.25884126973348,19.260341930441044
92.91783664578875,171.02627955343462,10.53124698119395
87.05980768547035,124.16880659328336,20.4148364755497
89.52594547708676,139.33630260424752,54.50291356384336
84.90028231254104,126.65768066854754,31.8918782671621
90.52783356090352,212.66231593800697,22.835720292800247
91.70257978483764,236.3792061663414,23.94400189478096
93.59873506094762,95.4070223930646,10.040636280830434
91.99482079625209,94.19818791555232,20.69170071733621
91.3336637834937,125.99944273193402,41.19265259681552
93.52267251112696,108.67218997519444,119.7149636285554
94.56572174302134,80.37619162158511,66.33144995874073
93.82307391705372,121.52042183373796,10.716333502465496
96.40982544904176,113.3191953718468,78.64881247666776
89.86577362709443,125.0302317868849,55.86318072130457
94.39733875147186,83.52163267820757,55.47516545046999
87.53216725827268,124.75826550035684,28.374443585693378
88.08492928749483,112.63806442960404,25.225198779855877
91.1661034719382,124.04869761025924,20.82546909946939
90.00331716436372,122.95128541865076,12.038565719028126
92.96345893999658,115.4733620852032,17.772269512990825
92.34307829693216,122.18264472222864,18.494914255028
95.14092654800363,152.5278321245111,29.85393653678101
92.55773767004725,80.29641971444832,51.28371647820147
92.3751302654004,126.11971034316734,29.262777658469645
88.3591520237818,81.02933922350972,11.787546701874522
90.56579885801844,128.07163459675422,104.9528021319027
93.51779844274448,125.40045750987308,95.79637487056132
98.54499908124532,148.2078052912612,56.139977071837535
89.09533800814273,182.4921886252942,152.4293345007983
94.14358196903868,111.85720569392994,33.58962329938869
91.24109025507416,88.6249102325078,108.717882393487
91.49777436420376,118.67130957321652,12.358475603475094
89.15150668259682,104.61332019166662,23.656086989388307
90.00471872240865,126.52250047641206,17.661529881957733
90.9724378807342,257.9181963760862,16.538452736569248
93.4098770558928,130.35363197056387,14.55270962113255
94.97134061937662,145.83423707138104,39.21867917175943
89.99345252429288,115.231691809945,55.6046287336948
89.82022324537171,129.88419798460774,35.9037196808748
93.08201103300766,108.18926186541027,14.768560470034757
90.58178209463335,102.5494151370738,59.999900374439626
93.87620532651354,100.05700144780236,40.31430964652191
92.7917679916696,101.29005156656764,24.738813843333425
89.72161927617667,123.32420908633674,43.63772971201204
93.50930619503411,175.0647689312724,19.029300837961515
92.44618166358948,193.65525185417272,22.702406034818885
90.63558892111202,125.46866288196688,84.84356205888115
92.36135508023057,123.02798605473802,20.296033986713923
88.72393927836252,120.2362406814596,29.045684113896822
90.18708889056263,142.35095414416344,76.25676412785252
93.16829475778056,119.02354930242986,46.90142955531197
90.52471603264944,125.59125386502603,11.926660374222182
92.32723589262652,136.76160249411308,14.780531902139671
87.56246666288898,176.1391190500906,10.236174931719209
91.0465443323863,100.49447668634554,39.90240120404474
91.80937090428088,122.57060993579086,27.80847361030701
89.64606232350205,123.56444129620884,14.325634017703106
91.48038900653972,112.94152866326392,105.05555029945668
91.7593940986065,116.89272018848804,32.628965638853884
88.63489202229692,249.6038432719345,18.307933909276144
84.11202370069103,107.02987707211923,30.83065156157547
88.92925104968782,125.360375130496,44.14745578819769
85.93642464742943,106.34491265258504,12.379064043101524
93.01513922708337,125.242342304031,19.63525529755279
94.03107317175488,90.73034350153574,59.34658907052556
88.26715613823424,223.25148853022608,28.466971646720417
88.54242870055336,91.49505160928558,33.72790382817411
90.2637634628186,159.4167031801344,27.012145504069338
89.53071229479423,119.48879067057985,11.346781267004712
89.32088957689979,98.66561205942835,15.436656922755809
86.89439001547541,104.09478169416568,27.692907022668283
91.06400840968855,124.37776053837956,17.04075424747072
88.89846842475848,108.52642326705674,11.538136586083803
87.26214703933213,102.3385032692205,65.66968139162293
89.97557074219878,125.2874707219275,129.20503309585715
91.53167222402742,115.7078790315984,57.27180809703227
90.63731574885828,87.77014080036312,67.68029806808434
92.45678141448931,100.5102146237202,18.31125168127634
96.04893863038296,125.92540955493044,107.04023064576364
91.07414847790656,126.07930047828027,16.579241405241348
94.7062260958956,124.53569159766298,100.74235954606156
87.65144338278373,108.17637421309242,167.88441795967884
82.89675329536269,135.1261444194741,47.31498345054046
89.077011840165,105.14358115666884,129.12729668279337
90.17774106889952,124.9321924164376,35.28701087678219
88.19425448505066,105.84516366139768,19.014582174769583
92.74124059731555,80.514715178405,27.23405028978429
89.6469103551076,153.32072906083528,37.00963791284853
90.7600436297443,81.88828632964258,12.276691066415315
91.10312872271048,121.95352154498472,39.21308810184853
94.236637220425,94.46933412455611,129.18160623626164
89.65988957373938,163.26432843102842,16.325618233460013
89.9635607299899,100.2942312823163,57.19247308468735
94.26929367847433,130.4298503750502,81.54601716853772
94.87374060207463,126.5022948365236,96.31267107677488
94.8627264787654,123.85372034740462,106.66815083344596
94.73773928409928,82.98829769526195,32.110441661708634
85.36400822194557,108.47052450907664,123.57216354578068
88.74237124154541,147.6591376464139,52.4791367117252
96.32620393083867,222.40070561196188,15.290355234425688
92.61588884320308,119.57013381545042,29.43948496414961
95.6058486206958,124.48634743372072,48.01069836763756
93.44904240556436,96.061333347064,18.52426299939388
92.50437067178068,116.755629452406,40.700846573840586
92.5909109806139,186.88875519163557,42.95241236556889
90.8180732212458,125.90086259497926,15.327176313955288
91.2987250790804,95.24201267451012,34.97816163125974
88.38487017231841,81.03229829179958,54.303238961241874
89.8227110802998,124.57543574185078,30.72822835479808
90.1092207262259,86.60008662511486,10.36530867663101
92.13382564387533,144.70041751410662,10.272386915527129
93.01646106059836,109.9886682477038,23.249685754603203
93.55957655870276,345.1864185438467,88.18948531157206
95.96494884252732,84.87697465688504,17.78943312891751
93.5645204866199,343.6820274977527,40.1834837516566
93.1773124836631,126.76771798082297,17.53378839191529
87.87906945866682,91.63123804385202,21.64364105639667
87.17207050155739,125.32857424981404,66.52455105262376
92.10672149323402,88.51141304397161,49.15375916879192
90.44198223648884,125.0193323181372,13.007848691100069
91.56626637273374,82.14560468653049,26.79533052340536
88.46304328374,116.54819441120046,10.888109794067564
91.22288892036023,123.92776602035714,29.66919263907417
89.96196783925448,122.80811607530116,42.57982800686637
92.3546762675479,89.95093501249295,13.783997603108752
92.70386724982042,261.5462484158162,20.227630969811035
92.00171739725089,125.05132251973768,25.216794528485508
88.38681663394011,174.84313627625886,85.5965070489133
90.85501874311984,120.12454774604196,159.9686822770705
95.42936116492632,99.31610906343468,11.378531865450482
89.93145325523959,124.6989650143686,52.93974640901723
89.51576806391199,137.0451470075718,23.94327472916467
93.1334830305344,106.8703362029836,24.95002830652519
89.80093327185597,303.48500106984045,52.105043529860254
88.95259971261056,127.38241689720896,85.18749978511518
89.47890245971524,202.59126474451068,100.43436359761618
93.62487032689438,347.2481566435435,35.82018830336391
90.72149883671608,86.83998281866114,23.25397001948242
93.2257623822328,84.11869043492283,56.47132928731296
94.15590420893146,90.3834647217662,18.670544268363184
90.1160962565978,165.3043179722955,34.908485228553204
90.80162614178744,169.88408050228537,23.322052356299608
90.61308449792006,152.70013564409788,42.068494689633816
89.207653656263,113.28298530541366,18.24885606665529
93.70747618926484,112.40900895031795,16.38068701853328
90.14313649726527,170.5753952904525,85.1186794536906
88.60604978928421,123.05722893589588,13.220998561113753
95.4708846617704,125.98322223090864,31.15403675229453
90.63103748632584,90.25711075566318,17.486658066715755
91.04514159406952,124.78266199255437,11.191239811416
89.76111316101105,110.93904304233776,11.100505168339811
88.32610298705328,124.32399137926556,15.779222303749805
87.46769830129756,91.34484591678525,70.47042945612168
93.3624005286468,130.31799745067116,19.958581200041483
89.7862336021588,125.93203362545904,100.1487433760728
85.92219807192632,97.23541769027112,36.14111947521592
89.1562036942743,123.75699397122006,27.21371829445263
90.48660611486758,126.14092179879052,36.0313630358231
89.34376184213673,99.59543631279864,31.8134307698526
92.44229840186438,154.9398802268395,52.66091105648045
90.1457853012436,125.00412486042867,19.959305451961797
93.34514121880892,109.37596876772956,23.0646061756788
93.36125050802048,106.9894261099678,77.35618682141562
88.69078218035662,119.22316116993102,97.81783350832453
89.37561795982151,104.73366701082249,76.92418687591922
93.83948228661698,122.61334670397808,26.31327680492482
91.91097239696174,129.69557731939278,55.47371474654582
92.9403392180654,145.76614205198734,29.40713537235045
92.94827903848908,125.20000485144811,30.647168498421088
89.49867328907476,130.1147206025882,16.870326001481352
97.4398908044065,127.13468858320294,36.83076290721982
93.6628254542394,172.5932330994765,16.178856324229923
90.140148538153,107.32952409410396,22.08447008718755
93.78674257468214,122.50536086910564,67.93689535871064
90.9146051370114,126.70795891429631,16.960829797393092
91.50277198729115,126.1009245191133,12.214508110090788
89.65016888463184,108.27148632539624,12.14512471206864
88.9826660015359,123.13151913982138,94.79716879850638
93.13514960414824,154.43395303408715,31.212542035473987
89.45646273365446,122.84820131591998,25.79910249404991
89.25989348631998,123.0002680362733,59.96098124985499
90.40207582463871,123.18394101205796,64.20483996642909
88.50706880694776,117.10122151622416,22.112593721886626
91.32759055239984,87.3500338545988,45.48768331499046
89.90617714087193,125.85563503938737,54.23709199177786
93.6971064617118,97.02856191098206,41.89596617041661
93.77036175875465,117.17039283249964,14.93191753084148
91.16184260072806,109.356565939183,72.59593848225845
89.11087856209734,84.72336585828225,33.23687081712771
90.6899512324309,124.03078392999778,19.95831705821331
90.27689693573622,94.46170301973,26.61346483563304
95.15407896177564,186.19253476435267,11.148852271081068
90.3646254300878,136.7903294588912,14.10439347539992
91.76944124676557,86.88644716839337,53.51497220536421
92.81454907324829,94.98255227962692,10.000349044691513
94.8298987271482,149.20918267750423,26.164709506398133
90.31795722963656,107.09673944943408,32.17637322801619
87.53016330510307,123.98885482097636,11.685507074694907
91.50765775915411,128.80893011390782,118.44452608836326
94.03556340201358,114.48101987530544,17.690360355493382
92.15819601510452,86.6762916506622,20.880735284025107
89.82679636396233,80.58286933394314,20.86969074171876
90.356485930304,86.59708681402205,17.85718090676184
89.05517623299738,83.88340250675341,10.044247276911552
90.62966712551292,95.78753194447955,49.20728713224062
89.02561203142436,103.94920951510798,112.19730456708248
92.1755829152544,139.48563566274288,17.61943091332633
92.4501880295979,126.13518577089756,42.634371803817615
91.4136104839384,150.6792680416275,50.63181823841872
93.3919143802656,125.37622643152476,66.60031684111104
94.26843898447795,142.07384237561695,26.47811738161677
94.80321350076326,91.17090613331972,20.82612226178048
91.52033463506712,198.29828190847732,21.804397579439065
89.8418053147882,87.79742767832826,47.4086360797727
85.71606186639174,123.84548403737956,60.91194251890159
90.06177359617665,125.23082451515212,16.012633949249196
88.01152490402056,123.50438770080396,23.90590719900341
91.26904634984604,128.1032488317092,79.66533247531099
93.2303936923335,125.34162149706256,59.30435106188112
93.0559097484384,111.33493267473536,135.7092861604713
93.26459649240198,144.61932578969402,52.10300314960123
87.47601773226879,100.6542101020852,24.986443686509933
87.5167340970929,124.35574146417922,36.79465069899874
94.41384212482744,123.8005765781853,42.45391661238773
86.14094577042565,114.22337018650572,12.451136663644936
92.94437798504342,176.20753884995952,33.590586590572315
90.72463323787478,105.7890509327872,47.06605370070483
90.36231635745716,123.64357915042258,15.49322290938834
91.69110062610298,126.11831358547914,55.51009917922335
95.7239580184066,123.30677112443338,36.29571901440829
89.21446650577361,150.99623930329886,101.23556533331542
90.19635865620586,103.4568887816565,11.300452315663374
94.00848490578969,107.35670781149678,19.24985808428314
89.00456100110058,323.21659643854287,37.60548985486732
93.31977938753688,205.94063371449064,20.553177073139057
91.08772637968475,163.80831488669384,47.59742980566277
85.5966990283609,182.4253271288855,52.68940794729544
91.48783843955908,88.53174266145695,13.244798381157825
91.42334239060258,124.18124386993352,31.63741730635228
91.7381007116654,154.02835461474598,31.332648249694465
92.93085754228396,147.70251804983,23.826834285617704
92.68467279303756,120.04255848782654,91.05825501301528
91.21153768599378,125.477091443082,62.72184040384245
94.05972609309136,165.85229636588332,45.84141225245139
90.26855685095408,82.03606681369149,47.58718611476649
91.92607036244895,126.60573332311604,28.58107732687828
89.01510202346547,104.54852866605157,86.14714227136113
86.05004001367254,110.9792820260866,45.58353740002627
89.24421461171532,151.93984483976004,49.166997320658496
91.44906006125412,127.54691684150544,69.34792812614715
87.18671286506402,146.51889269452022,19.60911630786324
88.9714242838791,212.05237045996364,59.36297605373797
95.51043526822336,124.6855766319702,16.516357956971
90.48598889665875,123.75708699233724,22.709267324980438
92.33429116390926,128.26337936362177,22.26659908810684
89.03293096222887,123.3627836299182,125.22662866757848
87.7612995981948,92.75656716141008,68.25039029117328
88.659729784281,111.62230276113768,46.23639897954664
93.8556995128797,91.90168537263791,48.95474270260643
90.4708385838065,122.38247445211948,34.77107739052393
91.5058028879256,124.78579587367128,98.17526591527604
89.42306696169861,126.09310696779438,30.57077623963168
93.05875847907927,125.05359507179136,24.36613497046513
94.71502771421504,123.73699325798508,15.339202838204551
96.81922607074095,124.0141564850186,56.2822215364936
92.82731707042748,133.78789606562486,49.77787845916608
88.78057927842768,117.11514773296138,24.55254528547253
86.51031953224212,122.63839305327988,10.765486028631733
94.5008650192781,95.890335571005,64.79002948331924
86.57895704197243,114.66004607307016,10.344510073127909
91.01982615213326,345.48962499453955,46.491462419807135
93.74137826407892,80.32355559199506,115.45495473819436
95.40623946942756,144.20056366045787,27.269529749108766
88.9534544849928,124.71010332484416,18.035340431461208
91.5967261670636,108.21163818324771,46.61028292359394
90.89478970822272,170.4260245864701,60.96908803027976
89.38228633704176,84.92913698928253,33.71819089566702
94.30933590251564,113.2560444737128,112.3695170920925
92.62514148233008,173.55653533412195,11.59154164127685
88.2220794226861,124.27544196009477,31.08354006785721
90.7025296465682,80.86518157653606,48.02377742049335
90.2538685289755,105.05178509890352,69.55460477292037
92.28669668560728,125.50762909496191,15.926306804798646
95.96736945551112,95.08041449288514,58.28365964212128
92.03902670876565,104.21824539575825,34.1362476219949
90.50016464419744,125.05909117644524,25.152945805083377
90.9577365377044,247.58111073665245,14.237059303434782
92.20637588471035,125.52025614799253,70.14021131812765
86.86950053677687,88.44775316533,15.13337391628933
93.98046910156268,89.49884029811584,21.122688346672973
91.62007026988049,123.52237880880446,20.276633215831623
90.89042669275408,142.0992928497272,71.5347281110093
90.1777058001022,124.68024111350712,43.50661737178388
91.03037988841268,106.71710691076562,57.78943174931922
88.81422825509155,166.09528277231976,18.649183965796787
87.1284114224216,114.5285997827574,39.414807249296985
92.5290125171294,94.25784447220038,35.44116286367608
89.33434784916673,102.00731232406248,63.66238822578752
91.76208826738184,86.46996504684026,80.96161303630223
90.70530493873972,102.68406050754191,10.366938082269137
94.43139190256316,123.81718191594608,43.62757002668608
92.3864195460416,123.81875947435336,11.596827521386682
93.95664964561767,126.34641046058336,33.879238221096685
93.10122776190352,87.76273129029842,20.174850117096582
95.60467534237549,226.9016734039623,20.992088935883856
87.2873839812786,163.32394385877956,23.060345490373518
94.86672007837316,187.5947052730325,39.12973015414784
89.2249269657532,243.22561625839788,22.19621904348502
88.47485031597901,124.51525861883708,49.58140311978306
88.07477262512865,97.65077859775508,25.55199636321488
90.16537553571044,109.96867636063264,12.124045192407664
92.26026729771002,189.35101768803133,55.94096945750001
94.65905491847792,111.6785317515594,20.096016788551417
86.4313267823392,106.0493532454417,27.009547379828287
91.95757438493656,126.35246195413944,44.69778361095477
88.73817232441993,107.3895360264696,22.12450626071493
88.06321374504003,85.58649844539022,11.747491114716944
89.8148516163209,121.73475534762886,24.04836378556442
91.43575205627153,149.18519274942116,96.71338747504096
89.55015966639546,123.82470637286272,40.79441982013336
88.1133253530827,98.27955540441688,43.39464906085124
90.16743848944222,81.0367828874441,40.01318070208416
92.64880879463308,96.24982477821264,16.656535537863178
92.19868467761152,84.71057591004863,26.255759365326767
89.91885096564114,92.85253165754824,51.70181914296022
90.74687710676902,125.27366766198556,13.206613661630907
89.27014593402879,99.75399924188213,19.76578748929885
91.76355517854198,97.95962210671468,19.70214223924306
93.364571081789,215.8693431849043,26.970015521379427
89.2230198147367,124.91685321665754,127.91896399838969
89.93630272226616,143.97487824189562,12.09666575488369
92.61281335972568,188.4325790713885,31.937997061178415
97.52096251344612,122.41367533359632,15.93029382026534
92.9099089298201,125.0328855562118,115.88102755677322
90.74852721664558,123.86122827776263,13.607575754666277
88.59503417896693,130.59501529686784,25.505361303392164
93.85497211082742,127.04793952000604,50.16915647103124
89.15583847598789,98.42105143515556,46.57811946109468
90.6821144801955,214.9025359069636,26.48328469059729
90.22893476398662,93.2018622093416,22.763491867954613
90.97827741007733,85.7820311066753,25.205624543023777
88.82251691738,173.0091169498237,19.20701764810118
93.5834046637998,216.37971596892655,16.894961286140123
92.2941331000859,126.58472916315388,29.793675756051403
90.43867598767407,93.7409515650885,19.381126178618054
90.59854521236736,125.80917338070434,20.16764693901141
90.3507066551934,143.07011383637655,42.07941698149553
91.498168218804,121.26712691567496,113.76860707918948
89.24827720047114,128.13825512025682,37.76275980828002
88.58151242625907,122.69745340121604,12.403113965798353
90.63034314101408,93.91361426714866,12.357780234656532
92.80499026291442,135.56689424145196,100.73828972297292
95.03960648588746,81.08957467043709,20.584363441550785
91.65769603201818,123.23092827145442,12.897540289624205
93.23199172601504,125.97304450387948,37.417151432764726
93.23554908105288,266.3869465032019,39.31697413901752
92.00518881067411,122.02472040022364,41.36677842469396
92.3467789936628,208.99006089813,19.33474590008698
90.21704286899084,160.41791179080712,10.456780416546732
89.37137430658557,195.844327769411,110.58539323623889
88.80942221684442,149.88962799321558,18.666205285577973
90.72640684356416,125.7625528317614,43.812787073384825
91.86332351526056,125.45507891417932,46.78960673350228
90.32817035203362,94.30129875663756,38.24882674575459
91.0814989982958,125.37823546663336,21.25858595452268
87.4836015409369,206.96292848357248,19.48640773097698
96.8622772191,90.03898353637572,37.31435089661077
95.20513447349308,86.69460149829162,70.31888252481971
90.77322367844,122.22038797793152,97.9735588282769
91.92234560467868,105.75094877728282,13.358324354722814
95.35478797867214,122.17595239866333,15.04647540589291
93.17949595828064,115.02166821369414,96.86914779096756
89.77301406909994,166.8028934551116,50.01506841426168
92.47933205582548,162.84953264905013,74.36585699033341
87.75630389316049,134.0256205740925,16.79319311649976
91.88325616205032,89.68783647296851,36.57181801794127
91.93284206270938,109.84294120536975,46.23336056713244
86.5326072725881,124.46668788441823,44.19351959047533
93.76422220545074,132.6212453518291,25.7351473451183
92.3024862340151,122.16199708349788,10.465438703932447
90.38375950289952,95.50148509127897,36.23475253272014
90.53067977871754,182.18442901854596,18.75478097135544
93.3093637770781,105.28126491227096,27.94898120043101
89.72592495758944,85.06329332226615,104.8047777850163
89.63089728084194,192.2365343561179,25.276573329091363
89.33983718511469,124.91084564801524,64.94026820543326
93.17011324669905,140.05084372939143,16.267627935138897
92.79168593672452,90.81555724570168,43.484398433889176
88.34719564141075,142.0589657084745,123.17690427056992
91.58052500204217,99.12067099340176,13.223985292618828
91.92655107303,128.5328250740912,10.250642383757343
94.16199796379776,121.60338981859178,27.052730704752065
90.18176877187534,124.89557600788628,12.9159998721583
89.88638833847854,125.47613800231656,51.39557658687283
92.50858951519682,138.56560986967983,83.79424698688948
89.873047847629,123.32876086093788,27.07594767163713
92.86202661188604,127.68081267022431,18.980967474859572
91.7811386693607,128.08364678220937,27.096220976000364
86.87104291578359,139.1255456186489,48.56067255868178
90.56674631333516,101.579047860767,10.272861988216858
91.72796357050044,81.18042503388615,36.70801816868434
92.9692085189605,181.1357706156364,38.50253733556437
89.94466563711543,104.8174321156182,40.45750724059504
89.14706526153539,107.11868775694684,18.313030690792047
89.06482082277961,99.5212946988274,47.5584349789701
91.67739676454424,98.31880006085235,12.87522866817508
91.27412077036058,132.5906153075824,16.66695662768195
89.46192122776026,218.0507544410956,72.98199285341562
92.31667591133667,125.18387703177802,50.26524125935988
91.7141991464259,126.00572804935594,10.415226965767795
89.74558908498275,126.78866132725962,18.565582794510423
89.75247675871745,94.95624814696976,17.23947322775418
95.53563755380698,123.70592319011742,19.47447742807833
85.82559574059555,117.5063655500138,18.533011433713675
87.3743119565872,86.50751906370513,11.93699710969944
90.67845767570414,115.39744038262184,28.426781660264066
93.65974045081788,251.47202953177128,49.58526690097811
89.02867762818589,81.17679559428667,37.99789797084752
92.64732923147864,194.59953684725716,43.522082029094406
86.79213505446839,89.9076881451746,12.538944904845849
90.5576115448412,128.07953770081792,100.7799986990204
91.95142809325868,81.22052594726617,64.69598719474868
93.3512503540288,125.05117352691693,59.056569984645925
92.7007643902532,112.97811806423572,61.945421609641926
86.49241426843805,84.97529465953609,90.96253579589153
91.2255877762424,201.25031524500716,33.574587035501054
89.40405095098016,119.95631892898052,16.70488407398041
90.93341543497004,126.509917000671,38.77466370392735
90.41260748574696,122.81129790120498,50.74654558704506
92.93050378878438,128.98633990316563,50.17286597120202
91.12589614135932,126.64547177175557,32.10977623590146
91.80827900954452,124.3240139822886,12.127443207611112
91.35297084039831,94.39934540830949,23.914107722688836
85.65408630684071,177.32422427288398,86.06072376109799
91.29414237254193,129.39778504719862,36.34449134119245
91.1021165626404,97.7028073471476,33.187274141046586
92.41796659870444,126.61300461060308,19.39424345757592
92.35990772119032,139.4550452652974,23.787293606594417
86.69120182529085,170.03554348389198,77.71289380177018
88.48096595816163,87.81357317903802,42.94004853238196
91.40038768745843,238.6116098815112,56.44845379224881
92.55602998393805,107.20533036935738,28.17307439263896
90.41307136436356,127.1361269267102,39.847619720650655
92.47292876757722,101.48059496523128,18.565876095890147
96.0960245632712,150.78140034221147,46.67029841811953
92.45210516367054,88.14027397047848,26.73758683967087
94.6785765111176,104.9467204499874,27.531232597119256
90.51629833104008,91.28131970315172,41.43663343159611
92.75158655943508,129.59262213650646,92.59799641329217
93.75674512207324,265.80046219227324,11.984397492768972
93.80790608278352,124.89956661506994,62.24509495621455
86.10643853212737,125.20758559999996,20.375573444384067
89.75750118247537,86.42618095891221,27.60526387683689
93.34944577908938,126.41611867293815,10.66470975968408
87.55783963772043,124.85812072098278,20.745113757089165
89.14887099355734,123.20530391491783,30.95270684402888
92.64580108794542,83.77030175822375,11.73446958543865
89.35336689930645,129.17805773599508,30.26486060691924
88.32006780063602,140.2444655528805,88.56437353373735
94.62778673434204,90.74293857701215,13.341130212724735
89.95711130304187,123.07882244085413,53.37378135216404
88.41566025205465,124.5472428430674,25.81226082391975
88.44750674083609,94.3407772903097,41.941435273603695
94.33218208504994,124.4252281817459,19.04274612743696
92.01839396221392,86.21981067733853,15.2124736118555
94.49747428049668,126.08579099411776,15.247128103846569
90.56665277935274,122.41693894419345,12.19299419802015
91.42758869436334,114.75247343978356,16.16082951033067
88.94465511589436,124.8816999923218,42.738917913589965
93.50115788403218,125.5921810587662,74.03356456774586
88.61936668817357,126.39500323230384,60.48053687984223
95.78907050815248,102.75181786184709,44.66827334909371
88.40858341857691,88.85481287741388,13.510575214318944
87.84625712868784,115.475876807142,20.24039564453289
92.06550155504073,109.40408587249858,21.123514891478905
89.30008975026419,86.51432922451279,18.628740078886057
89.93271448328629,127.51947113966963,31.708541728519805
93.82463979329866,122.29048720189202,33.00728748819532
94.93829254306232,87.72806232951402,23.242997137517733
91.40806821334375,183.53559491880185,23.098883463544965
90.4483123350679,148.98053728314295,62.904887529312624
90.36214883666352,91.07888279000652,56.71858048807235
92.27429392570676,125.47077528524729,21.036229778701117
85.38334022653264,128.2819627212471,83.528531455085
90.9601440736315,180.95007105068072,101.61038781538016
88.52199590813564,84.25194669089416,21.868824093633705
91.8622545294939,125.49303876830766,23.12841421372559
90.66918607594108,123.15899266210852,31.134383673125804
91.44156212507905,81.94984839935279,94.9680281344406
91.64619616824956,126.45755778652912,72.70159332678361
92.23159003286052,104.8537363506453,13.246536574421627
89.2044723174046,124.18691775593608,24.963490007021427
94.14705317768966,83.27914547913062,34.18082294404521
91.5325143100839,105.14379941292266,30.982954983522045
91.6863359744083,214.2939601271713,16.465049800245325
91.08004135397366,158.6869545341445,68.7309021086756
89.76690758673206,86.19560516824983,43.8975891456417
92.64926080014943,95.69575634842488,64.58780548898322
91.76895771636876,84.9483381543312,68.71975020416285
96.35297989230313,95.38823023233334,51.39217921509254
89.34554465579552,126.87640720115292,27.352295417142315
94.7087949770542,101.30411389491326,38.29034378281149
91.15803300299068,181.78990947584504,15.243654672199105
91.01842126830128,125.78827522070696,43.59312436748671
89.01452589086519,173.93107132238865,15.926220681817064
92.14529477023176,125.34931740566496,45.52016361107429
90.75116365945568,122.04254740644444,17.82529093330194
92.40550734559056,108.92469994206918,13.751638670384883
88.89304077849837,126.43176949652188,15.419929568291456
91.73339285577892,122.85908197918066,10.05982366479132
91.25511134713716,126.69402825901282,48.05423235538792
90.08490600907204,188.05272484835425,49.54797612951404
91.47073477619332,124.33674446562758,31.70406923881153
91.18507582233438,81.85044792275431,15.279312605222646
92.57066087977256,127.0672413204004,12.617575045720628
93.39178883759368,95.6120808685038,10.57942876951449
92.45284994960409,149.77534022761216,15.436599283452036
91.5955782053419,90.31832753090606,76.45248721448904
88.60024068117717,124.79712432489376,18.293831594855064
89.5127867964432,86.54166905847809,23.121276238032813
93.4167714840606,132.85810494802178,13.339529542329002
92.26345940417517,87.02455521622484,17.54479793985049
90.2289601930295,143.49127967244465,31.97065003057493
93.40739198996155,82.17377133642134,38.07588182985219
89.5761130150275,125.57404483788058,18.44512839771361
89.06624718289677,108.02762354157196,11.783971383630446
93.70638539336736,89.57865529638406,24.879729550701278
94.56644611278595,83.99201120710553,18.005159253551675
89.95609714743703,102.91888153032612,17.436688884160688
93.0173377071956,122.94414338578515,106.4635528451802
93.37641199149544,288.1967456691227,38.7368664445299
91.54629736159404,98.36027040901205,34.41733455792836
90.7113406607732,121.11548177497632,26.12407820733925
89.69263984375226,111.7015353861368,26.80805753390416
91.5825974410958,122.51961595650572,33.35494381059449
90.56016834906136,204.4397148432563,45.76427250771415
93.85062922297216,125.57862812094233,46.334565050051374
93.92687054265144,133.07357816666746,15.65117548678683
91.07794888599736,104.58588492143032,30.80118130429252
92.52152048688129,119.05404618559209,25.92871200022217
92.22881661610568,127.0608887914079,71.32847959799855
95.11176101239376,134.67789552886714,39.9428370317113
91.20524667857664,124.93114401775026,32.81093885521687
92.19866939934327,105.32134586430357,13.678409703808208
90.86721473931134,229.855035462612,37.91457187398207
92.77866764973828,99.7358625095858,13.739830864160432
90.04043863138894,106.97228840898244,22.338757431061914
88.2567587291161,124.48042165381928,14.623989168022757
96.18550438649244,95.22954070105972,45.336839149488654
89.51672524552065,103.09839678825048,16.929681756383392
88.23201739279139,125.14508304748904,24.920473889850545
92.30734938074522,204.5887379662339,77.8072636266139
91.33553845177896,179.1460987220612,16.856609161904608
88.51045176188654,144.26373766102745,31.26641288484907
91.5879302515617,92.85866717796956,26.30416619902721
89.73340506836729,168.0674471413131,10.548708799496955
88.0879886642929,110.1054040727013,57.21605903367773
92.37757678983364,127.44277871002724,12.14635934588116
91.46437743146537,113.1033156278749,29.288170437025727
92.78504210628236,80.29489976099637,34.67569962797958
89.18313195531584,324.9641284558436,39.70025413192276
93.33088629840596,127.35452141348723,45.00335788171569
88.78156373007475,199.71133960792025,18.761643907659835
91.31342102935577,92.06101054485602,10.300866950936442
90.07743050970986,124.64142085411028,48.56022177968195
89.03768958582893,123.29631639933768,33.013927386180825
92.69755535355104,85.47633647547786,64.25820433938657
92.48838875166392,95.8489644823345,61.67624365994338
90.62913813049428,123.09923417581318,65.60767409403763
90.7048776104468,117.76743100294767,29.91316602994808
91.3025269627132,134.9671017209574,22.177233995109653
91.4071632598224,115.67728458472769,57.04286277495788
88.98467803794651,100.429868127215,28.00578118096812
90.54784113878674,80.01814933456947,16.07972724146287
89.03339014848176,122.71425958821014,67.9252713152037
92.6341753363145,126.32919205150743,74.25479994504094
85.46771459485701,167.45939473928715,28.838190280135223
90.90306910950444,199.12990900103244,12.361548690638736
92.8649490500537,141.54573663509495,24.722166101054487
91.67562683517993,125.6343462297092,58.81853551748315
89.46855724407126,130.54299977126632,79.61453870499301
84.73400256100646,124.32467900032285,16.824817858602554
92.05542054358202,83.76580286470673,12.07965386810904
93.55889493798226,159.06906642541497,72.9527260841243
90.86999511470962,83.48799211698008,24.79963862333878
93.3101881966376,88.9895777144412,33.41092956811407
91.74204093878788,86.26796144032771,113.32234361587632
91.15355926344024,113.592349906016,12.06650972077382
92.36463820424424,94.43583834232348,41.35083825954249
91.23652354262704,153.42188415071126,12.30984694270375
94.34229249012402,126.62920865453356,24.12262589191605
92.8012732291983,111.01504249756346,58.86084607366443
91.33640419460964,126.22267057827736,27.0468755283856
95.72088992209086,147.86620300955923,186.155603798828
89.87668136178381,81.38461188196422,34.565345366731215
92.43134902982126,186.64827010206864,21.621189726839425
92.54334481110898,123.0979246012364,17.4581228501101
93.7798655033621,125.35859331096836,22.94752176701145
92.09985679554848,89.69236977559414,23.981939058812685
90.6611203912296,123.85061769087348,12.135655187879353
91.09633307746904,117.19128873018325,23.840794419121643
92.40948086601536,183.2853015206864,28.72198649399444
96.67253965938032,123.65465909784986,48.48374433558763
87.46680337945493,123.3158895559986,42.07709405125924
93.67842682358244,124.19092563912568,47.008810822200005
93.85847666719287,94.97366955471112,10.251965611363504
93.28599348490098,124.80292218408415,17.364259258910288
91.3596907704202,124.6435998388617,42.51327284413711
90.14032013699372,125.21901362209746,29.84883728230073
90.01319649215527,158.81288462174038,10.159829271564195
93.59307834779612,116.05063004839808,58.96502486474215
93.39568881014598,96.40391078635663,54.45900186951632
87.27903647564288,111.36278708836936,33.85002643486705
89.12502132613542,104.9234136632543,12.063250899292838
90.8883307465995,126.4405244972468,53.63912967729937
89.94991536693878,152.97241529935403,36.29145293775154
92.88209484765248,124.79464257196383,55.692299260758425
89.929855532484,124.52538654237549,51.799205827211296
98.22640068730053,186.3410919637564,58.736862035557934
90.06691653962888,109.39208901605998,31.89483701052633
89.03452485178387,82.2753188654593,14.536009230532724
93.80658790192912,127.17347100257795,43.36528855882308
90.58893817556178,85.88559093607631,39.06494820805853
93.44826997501713,284.69945097745006,50.673325648851886
94.5074657229058,101.03742353102312,15.585586667905364
93.8780693628646,303.6007416460937,16.506465833825107
90.12103356928628,123.45623158233846,76.33014232544376
87.36557504612132,124.99766349566605,51.5861667661363
95.32132580356256,259.5653924235201,81.65360091836682
87.89702822226744,140.32285401475662,52.65333407868342
96.2931930435096,95.87026500160395,37.27612497931346
90.87522975604736,115.97430076770644,41.851006316767766
90.53548128011732,127.1119159373449,75.9813463059896
89.9147223719986,220.60361537810843,35.93990605612106
91.39066953852488,84.29917937381177,40.022088637942176
89.59936034930745,137.45604854041713,15.105033200516283
92.31861238512242,123.51661642009762,29.269129174500687
91.00966867180692,193.0195421837542,47.80540902614285
88.48669930095627,124.99497105331812,19.480088407899565
88.82400697216146,124.60994601022378,16.77895762695378
90.46119703110725,167.14082710016254,21.29875650925898
85.72452910684264,147.0955926289767,18.29239924403037
87.2537501374322,81.45882268048568,17.258808309776498
94.3359911116743,94.05744983964104,26.593776043493087
94.2344869334381,100.06836849130204,81.52638870306664
93.54366995800753,124.21804688905274,31.221012986758964
92.89217889385598,126.04495879438082,16.244706713327755
92.38445663890704,87.33856988416285,12.402860526653392
92.3634494892448,117.26982210542285,45.7372403456154
89.56375951281909,121.91280211201736,24.476804698294806
93.80976384568524,124.66525015816076,61.75067323364817
88.84547791022679,123.42035769409524,42.32115339570292
97.53101719093225,97.24711008468223,57.724587016249686
89.93310742931868,89.90843468210947,19.52140335563116
88.84547995102885,123.00551995552544,45.36464524607246
99.41102711992836,85.68070414932376,19.198281464010424
88.53670100446526,126.73442146437569,93.94013978053162
93.20009789947449,145.61889224184876,40.34890558971273
92.07187827462104,123.23695053613422,21.769587716075783
92.83805797356057,151.7978760944688,19.42126859549045
94.0968617047307,97.37685885169766,16.355968548780872
93.20694650215816,117.53177675299162,45.588010322724415
87.37711196583624,128.94904004680794,17.40448190612561
92.057728149313,97.59636768316652,37.13851891387439
91.97909468461184,88.9715748704174,19.22165023027297
93.13677041127312,88.7983620740764,42.53852525235047
91.18575186232628,108.08906250409436,60.61221145868903
89.12756331441932,105.0884690378344,55.15574834301653
88.96962379203556,196.9199821141976,52.9200962237956
90.91286864574596,116.3610388871187,16.237393969958006
88.18198171506535,99.698605374379,12.776124070152392
89.812271205196,86.01680754684593,46.01425070971544
90.00556769470387,125.1489578411193,23.78246274159337
90.55281778511724,159.45604338983992,26.98730798923857
97.1422790808802,126.2135210240739,10.949336243839117
88.80924656960346,132.29359701042546,19.015986720347424
84.35762617006507,150.14511333513042,11.027695456827391
92.05419683904812,85.90263845245548,73.40503671810367
89.13748067980471,119.44792130547158,18.367485489848367
94.05951606996936,120.18846680066558,34.44840711566512
90.79276457633492,129.2911386185301,11.192780550416378
91.43782938164752,86.15175058683798,42.97463828843525
87.85443744033161,113.59663913328455,21.703731982969916
91.35388504220748,102.10504445589244,78.45971483982902
94.39993694512664,125.54457006234632,75.70936669611224
93.40807295235524,180.96118339159355,21.80419679626408
91.65498538668857,91.5715436903639,79.36721541433539
88.13115727420998,109.20701813405898,176.85031708445118
92.4321932898324,125.25267451685588,62.36042061826785
92.16072663536396,163.76572829876147,65.9050147555609
94.41820317298728,87.97762256588223,18.590837797628044
91.95266948094115,81.6102425857794,35.79039395531996
92.6390750714624,354.7053530149661,12.088732217719032
90.26546557119656,96.81293939236912,12.99188985544164
89.7879789707379,121.77031113192608,214.17253659667844
92.39322389406678,113.5785247323117,21.86422178228768
91.84514481651716,85.59049355635676,51.371688028873365
91.88495918837047,125.2892518373072,59.29993353194784
91.543568678643,259.2089234329985,68.56276345429976
86.04521289906009,146.4327605486224,191.32441558129705
92.69490649993072,143.10914266087755,18.29223539189791
92.89526669938653,190.86165354400745,11.235625178708288
89.71239864112559,164.9270927430864,25.889629182741484
92.91045512377644,95.070718940884,14.180643867218691
90.79289342196827,125.15521567285884,10.680435198476438
91.50005555630604,90.53748905321252,23.408627275759983
89.48275189269306,112.91910308820206,55.93797413074183
91.13707630681078,123.804902802159,35.05381512409738
87.21150503042341,124.29283927262972,21.25293637463249
90.46618010253115,124.28738047392658,41.86916343848999
95.78944145823203,160.57241894479722,17.919676551752648
91.6112264299657,222.30669262850125,10.43457584116118
90.39573429236022,126.60754966216848,53.3626598900473
90.30956226456502,123.8302875408386,39.32449251966898
89.50076238903662,101.60097620834104,53.102708377282646
91.51942559166582,125.1345121281324,11.191491199829942
88.7155366903121,124.6938692565701,64.44217782078701
93.11697291268996,122.3690412640587,38.9901388274188
93.34207733464709,94.54274409233562,34.861815582227564
92.92798463764368,108.49049766000192,39.39401731756557
93.64125661694604,107.84869813103558,69.9487335079966
93.56255739440266,205.14250681090763,36.52461882075834
92.0110400783981,141.1824456306162,36.09297822951457
94.55761726314948,124.17225118671806,150.26506632361156
92.40698663958035,123.82580354569666,52.40752084359099
89.74017530628535,84.6912407774905,27.51768965003768
91.0468291895936,141.17006754115218,46.86815612968653
93.4295924056693,123.8434767373212,24.79106785144326
92.37537343098616,122.7666312418322,17.797161736125233
89.8849844585279,129.62394696577198,37.25353700256494
91.32547740116826,142.937699908103,89.00864512348703
89.28385059544944,105.74638786370728,89.41127217596684
93.24510727752376,124.67232715645778,22.552192113107893
94.5464823896014,82.24677304595066,32.50279577461218
87.26942443450852,122.7422850639544,17.133857145626898
92.2356248091292,124.17504312916697,172.99738576044447
88.52882578136307,116.55128293458826,129.08623936972936
87.72658257253602,125.32179713670644,41.452601496582886
94.46007672895884,164.9045135645029,58.95266211119729
94.02038390247826,123.2824755971481,47.66852810754364
91.74042898710503,127.25375772275908,36.97992741067054
89.94326666953172,123.88001829124649,11.644711791759024
90.49284821854911,124.78216236046777,28.19611536371356
89.67243503577102,123.30696077434573,43.69818342817395
96.1613712023372,101.50607066404751,43.95250525292899
96.07305411665205,128.141598095221,24.01012963439044
93.25965137857534,155.49174162531895,95.26047234854644
91.38466210355811,116.3474685666809,15.494510164691754
88.12336766055168,159.87720511731365,30.8159899455442
90.68092777962126,101.3904278109708,45.22115776424421
91.25247682392462,123.65174560763944,45.83412334629156
89.50548125950742,87.2522851806329,41.37822912946216
94.62331493945142,124.34932152312548,19.65943716884301
95.865018239097,192.36169216263704,15.095426919128718
90.82277321924305,124.42174205465857,40.31312462477169
93.78262865574727,123.16013212099112,37.43642627381923
91.9580213442444,91.11154214509304,15.92997680939721
89.33701555485482,94.65967901917143,46.63755141455466
94.1240538006426,121.08746251817388,28.21855345863338
95.1557576075381,111.37335192530236,43.05698380933645
92.61076000374118,125.1939764123247,64.4877892276837
90.12103400400146,83.6776449519274,15.580073116669036
93.26264194065898,126.84872025350288,10.57991512361923
90.60589167089502,123.74864349779568,55.30170631212718
93.45347261066706,143.59515993877352,38.2249902315772
94.91917317555712,98.36191482009215,46.08316272634004
89.61158931867077,124.40482417976348,64.63348112050326
92.70120189200598,123.2285938165678,58.70776866338606
90.51410085405614,92.06610409253612,107.26444634524572
94.14836850791596,125.35248949868613,33.031924608287895
91.33747100444624,85.3907913217509,30.111974659828054
95.02494392473557,125.06345030572528,25.41927741623321
97.43749072214749,100.9260440478274,15.006123653819134
89.23926022234275,111.81022583179974,35.501555776634554
92.047392285656,197.77000941874465,19.730901390778254
94.24853155411115,86.76876267566091,86.26622745703004
90.75213537336604,126.64618654388504,36.25380178334342
92.84388232497396,80.94412456833845,36.95648481198048
90.28425209238009,123.51546255113566,23.15164492497022
87.34472283522717,150.15961170327546,11.601686340975066
93.07683500706636,180.7403961029104,10.967755646218144
93.11220245876449,127.0414370465008,26.51482060940217
89.24752121997481,126.89782637534944,12.650689896002705
90.34890634825916,165.12578344950478,38.00668950439078
90.79850006467063,211.84308585567072,73.8521490469435
92.97211868282474,126.82291788008504,74.34560635455443
93.71250061321874,168.26955734021925,42.28017934328225
92.52563371595336,152.06371011327178,17.118484924280537
88.4871661767139,154.17423099859647,69.63253673962362
90.47689167143449,110.33237166645,75.17130323981573
90.74643453376616,131.01164706790036,16.569077710216327
90.5340798317503,123.86118744679064,50.116679757089216
93.65488526888134,124.6985582310241,20.12800723231203
94.49365993432076,81.54467340316678,58.68182168253975
93.65259622789507,117.28782279557733,186.75291952307057
94.73968448843354,123.1600755112739,10.914580523860703
91.39947958467891,229.82037157818655,78.29754128437095
89.98263110612292,99.17729525222272,39.235916633726895
88.33839549233517,106.68833058347872,118.78572585162031
90.47144922772686,216.16996219669733,28.765189660401816
89.19263006243322,126.13935678482106,66.39568213986018
95.8220729561145,176.4415154974692,11.932766020770533
93.37508991165032,124.67004522941718,22.25163851713102
88.92156538950756,130.84768187258925,12.08103410924574
90.77689076843453,85.09457080322312,121.08099569792408
89.81462007794732,127.70490797416608,60.94379659272188
89.63843305752943,174.20432790906676,67.4274596460142
90.28308228814916,125.44261841109356,93.401808033789
90.40055448138504,89.1222519494805,12.668329590619626
90.16100772233018,124.46596455742646,24.613155361630657
91.34507039400488,89.62814546113088,12.210522890705231
90.47784229122774,147.10483034151497,17.101802914150383
94.09953128811762,211.47890990458063,17.816243109292238
91.29050065135588,111.74574577538353,28.99585546509904
91.20152681200148,125.69988040351882,19.38229145198747
90.12440813501291,124.72786030232048,13.1934367597094
90.90805721835476,126.25210756565932,15.49934060181885
88.02557150592712,240.31970490121296,14.77956507738863
90.56470254141632,142.6893487835185,118.44300498997728
94.27549640477122,151.94805838287658,52.72518412904663
89.4495602316766,125.84189050337228,113.03778433552874
92.0346149745443,186.5120472473932,27.38065556941754
94.26116163111196,142.59289269390734,19.78721898346563
91.90376318538787,89.08027462561562,58.0282032195541
90.38375122631015,124.3069086124128,21.84705916150805
92.81999612626088,142.32348360890433,20.673833109763866
91.132263568099,114.32268382277812,17.9387382096453
93.4034403743063,86.51819505096526,14.166794345407652
91.99691773640376,155.48390257692822,18.890104952687025
87.21526794395525,90.70233407376188,23.17002457513495
89.8512676538103,107.78044725989356,43.62520394047331
91.8077791670146,81.80090242166689,11.938230656909925
93.85120026138117,124.9339386332291,17.090927058245246
93.19521514442845,125.39913312029104,59.668168892691966
93.50077477369446,141.08127736437706,14.767126123732986
90.79893129260468,87.95291607532576,22.585938834026773
89.60534131814424,124.46395695467312,69.99871546110228
89.76845560624518,155.00558612271342,15.049907990550963
89.4496686474317,125.04643306922058,12.59082591517119
96.6851783439612,124.5748756194471,29.880750506120247
95.78556685866955,123.9686835237236,20.80412127783368
88.22063403770558,125.19162875490258,34.86270979843815
92.2289449508006,123.3995456940184,58.85936974519386
90.89749909140522,88.73246339010501,14.42537989404157
90.46317035038656,122.92103639181906,36.07499324609088
92.75734056083218,123.68441052657366,31.12677531184579
89.97294250119695,122.15026635971152,14.667308404340725
90.02862029508432,116.1846985785606,39.3448632325571
92.46589792403176,82.47843703897662,19.59130283713733
94.56930068926192,131.46998255198992,30.07321329084967
96.3431632217215,146.55261686133576,12.57563745730324
92.55051771615383,148.5837218140398,28.46248514517975
89.06655071316248,189.74277281506727,20.97854088864141
93.05579484317916,109.73583353643316,61.843469834334456
90.27230586177164,144.73114960202656,11.759993132368509
91.25997884955623,96.11274857926408,26.269864110852165
95.1533938871046,85.9955778905175,28.398567399685103
94.75384679797892,84.83175338638299,48.73018831578511
93.4964382421783,127.24519062689984,35.61973658694482
95.40427454317258,88.30700077555673,43.00751924854609
85.40382290005118,124.92506648110982,55.024136315200856
89.52042719064622,98.6898301098017,69.45920500473505
92.87319724471055,222.76820967160103,21.30088528196992
91.15523998119735,178.81782432010988,33.16718604752221
94.09618560263652,116.94647714396716,64.9977154671891
88.28584511052321,85.1510727111035,146.5520987585718
94.267187749583,156.59724168521947,76.08743601621342
92.57623226003597,229.0401320651769,23.93101492602336
91.57337815063674,204.7173639310324,16.51359629945539
87.16076399715983,126.52678086053318,30.16462476819927
96.8070777717295,194.7093189246736,50.6022081179221
88.31034926969927,146.13301823260275,30.35184032005416
87.7949992671644,83.6220781076725,29.80186894022472
92.8294836166842,165.27811810410856,64.64746925829596
94.0530682329854,223.438910230489,23.45448749369484
90.9667464679374,101.31532981162636,68.93941966913326
89.13997486847666,169.7542681470636,25.66695286184504
90.1014400402952,141.48819114034822,21.935316462606345
92.306023578733,93.88743581865246,28.15353477255139
89.7973926684931,129.85688884908356,53.12093045641017
94.33585241214328,83.72598116358024,14.040316706194393
89.2305849153545,124.79869366920904,16.560326756866726
87.27548463566025,123.58750197332472,100.75163537315645
95.18808983295558,84.59812843388168,15.789039467529136
89.51600433253178,123.7072616362716,35.16096044120165
92.47532787670886,91.091270632836,35.97609028294687
92.58427638008456,124.16907419194146,30.17825425943596
89.59378942111108,124.42001168985898,41.04760411667925
92.7803737974916,89.66970985538273,17.834192740555537
90.15465600043284,124.51594413507158,34.13324249748846
89.48175451691641,101.31479936618216,23.96473104184245
91.090100090697,166.5576947667478,42.511762863234495
95.59180061085628,124.8160408452202,14.567398828631372
91.9946463008188,114.40878247734778,35.38037977712689
93.5261466621934,185.3310092125492,16.146968355120972
91.40450626905417,130.46882146250755,19.79863618315424
89.89981001270417,123.71128569804829,17.404258710085166
92.0748145954191,86.77319192867132,16.05752943938852
90.86661848937835,124.31998875715836,62.41120480310548
90.10582127475344,80.36923439183666,20.09388494172066
93.1188978787731,131.18300508621547,88.56978757121612
92.2965909793954,320.68354735327824,115.12335209356546
89.64668290795638,93.33504829746852,35.40717101435541
93.43527180216032,85.11860794132181,14.62956011140686
91.18194525457334,115.14363701075052,24.078432392644945
93.31051058087456,126.24685169078344,57.94489090651862
89.54919828259727,106.06405463427345,23.73706937046005
89.04333183303426,103.3069332483568,12.731147728126048
90.05477740103292,187.99270020714675,34.411002951668735
91.26897022264076,86.06398206445154,65.953304597444
90.73037976456584,207.4799068305224,57.6782350867567
94.39106022694764,278.0275828680619,15.775634936560513
89.20925213931508,90.270389623127,43.51226600319425
86.25668155461538,124.05818373337404,17.473241798453735
91.17992537318705,80.13715657322567,17.38497889335233
92.45918606432537,124.2859854790362,72.16129491212072
90.32424827323516,123.2750492565601,18.61722320476396
91.75230178120016,106.0872873241603,19.165091672994716
89.2597589642419,122.93658578820845,10.01960812942211
88.8835013180089,94.6293494340986,71.36141599866167
92.62210036157234,180.90997009244936,57.1924292459375
92.73870062948512,98.11940893213492,39.611773357677606
92.65918941477142,176.87520246610265,51.62073946959392
92.58808599904118,125.5857339410524,14.947957532098894
92.24466015817276,123.63226698353104,28.392594814752865
90.84113932090088,262.1524597007907,22.979819754530283
92.94377694283963,136.2767545205033,12.954080307826228
89.13754893535041,108.87900946371887,29.973577241239035
94.31306158152664,121.190910071384,86.05051839117782
93.44590320198787,100.65319570374896,11.226507362829969
87.49118176544322,91.8392517047444,20.336501602115767
93.24491181457654,82.74527911255812,16.97843287249239
93.24445061714984,136.59278664317983,18.16003602090832
97.21927668690572,90.14542546697596,81.72103847153974
88.60233018960409,113.50833058356451,28.937247977730134
87.88828661585083,100.2106002296666,28.83760886983721
93.75107234462008,99.21429804206588,52.88553240711595
92.31822295772508,80.23547689689906,15.034536703368952
87.8368789353783,86.14970865510621,30.039904812714376
96.2846874134779,93.28531211352444,26.862789350544677
90.30903901121027,126.0590229792691,37.2579139012272
90.18572574614808,216.18254105691076,241.7058856618738
93.15169515366544,123.6718156556175,54.0184817041832
96.85890119631506,230.59782598504623,25.21824321593038
89.99799934552141,114.05575200747056,62.72996917685524
92.69594247688646,101.96143976962874,15.615501770835042
88.72603567260829,137.54448401512997,10.928120466962117
91.09488320672034,97.2887175274538,16.861586014928385
95.56150039091364,124.78801021277056,22.48417624996925
94.91730592506048,114.8197216211741,31.43607430331681
90.08990384952348,126.27077802943022,38.6454229282214
93.47474626413086,122.97430577440775,82.44095649375797
91.638894627765,122.42601090149184,31.39155977679213
91.00390306460356,122.28179979888488,30.87105189687858
86.749828324578,83.17251891306364,11.54647380770706
90.14633507678153,99.4915374659006,11.06606579694145
88.59699833467185,126.94265225273152,34.03266152009407
91.9741117029394,131.90214234400332,27.297138903126942
89.18034222442544,81.44860440261297,64.8241602371444
85.59622816213599,152.74872885906476,15.254882320136783
92.0655801057878,89.14508050160919,10.758662317339612
92.6634991266835,125.01951000319816,27.88272494573133
89.34946552808377,123.88364511918364,18.1337394581162
85.41364457432799,94.04245237661604,11.526623618520963
90.41781108488264,107.19968050637002,48.68573416330257
89.08173175902849,169.90582185602528,13.549759228334509
87.6589229491627,192.2509503398261,38.11926467699799
90.76077701153412,124.3912390979176,19.89889351633747
90.23912288918692,94.0249069094738,15.716517489180172
89.24540525613264,124.96572237869718,24.329053352340036
91.98183490601777,83.71293981702068,58.50079145547485
91.47560211906452,162.41725297853327,24.93202954731266
90.17567680154367,87.70374329467413,51.68133119775869
91.70790417792028,93.7246632714196,14.022619446733996
90.9881913362997,84.2730743395353,54.45396418956591
88.8709212309034,106.06941010795508,18.112295982163506
91.4030302922702,126.54615475423066,43.93962452353169
92.70312068270322,88.72835475019009,35.02622624950786
90.64741489842396,126.9278648315062,89.41347257885438
97.39793155316453,124.6798750796646,24.69749835899691
91.12444349877366,118.50808706126692,12.053671543068404
92.28972100179882,92.24145670422853,10.580239869186745
91.7202310542499,141.539519645653,62.60939355635277
92.77339513366093,119.850077014137,32.316522324206815
92.67546404518843,121.83694839328076,54.78220420855525
89.71776750693282,133.66284374242764,18.013866317320932
91.82806848927224,122.62234893190444,22.69743721799568
90.460970784081,124.79984592329863,10.916988939178816
89.7762751443252,147.73293786059838,107.70693087540792
90.73880278508707,99.13693637267744,43.066675534371605
90.70033644089018,81.595226850145,91.18385096204908
94.4783073469936,121.54135233712772,19.25681176603696
89.14695587659132,209.87320429231727,38.36105346285684
91.81217060305144,124.71874275445576,44.04272910043772
91.78819193201296,123.80672896474027,21.461967263944945
90.5659008417969,122.5605154290164,66.53781003724586
94.06014286137167,81.0190008232316,98.21543455544526
92.51683897271086,173.63096137858807,74.84692292312177
87.17859115965673,82.45568495937573,50.30474552154014
94.91105793359456,112.19648170815192,19.749669219898166
97.15143293800804,150.98053044282562,19.92253277706052
96.182068787514,125.177636126222,109.19870455037292
92.38372892696236,89.72732124201688,10.310132403522353
88.4643165743859,81.16114740601323,47.768710552729246
91.61269572432693,133.35345833741232,46.75039449902309
87.97686132369816,105.0129246645444,39.24060794848985
93.75130616975122,124.17380106933622,148.48343396253915
92.61000995494796,121.62832773294602,21.213736530573637
96.7462082786661,123.9532317262544,22.46418442762102
93.30120012356228,124.06160820492164,12.466883501347414
89.14538759931422,103.72616858684418,27.544830782799984
94.6067117128847,100.95709598165232,19.075690747573493
91.04260263928752,98.91285475159664,22.619800647181947
90.85068636708536,125.59375465111334,63.9765386876058
91.99315854400018,134.7336881726406,92.22549950952948
90.03629583362371,124.7127439440808,16.164011360935213
89.77630071380223,103.10583595823611,23.980775248865083
97.29616687239354,107.84350517760772,89.19656626312225
94.2874850332774,228.67255692762552,11.91403453390514
92.7980269045722,86.709014804242,12.90724109861164
91.37512979824588,131.7011689520727,15.330445763681944
87.64989659872163,96.52630448663348,37.13181599111114
93.76382332525236,101.93919947501224,14.892240905682364
89.93757987413854,93.06799859817262,113.33227449260131
90.62836894669697,175.96810605238318,27.75643555258266
93.45903472628972,125.77547098387186,30.885631570479674
87.28804232934117,90.62815730985984,18.49710365371141
90.89214198598428,116.22142109473374,29.100751383162308
91.71162326999723,98.90465222453702,42.53361674192307
93.0222206576256,125.6150803833628,51.73042087202525
90.092409629375,98.31099903232447,52.05662912899815
87.37808111753196,84.32837221632228,35.87475914314158
91.71560083011592,124.87480610369714,80.4148535127522
89.02511365207465,96.50738341018004,61.015008614024936
92.56466765598871,122.7462552047036,52.446755743652425
93.95572638696468,80.24617832376242,11.716339616446206
91.67982399746876,124.7772915963337,10.207051732644842
88.11918719430322,92.24043888546504,17.164748827909683
91.790606964815,90.26160304586516,42.67681743991994
91.73683350482744,157.4665279709366,25.889933403133178
89.36405996531319,126.18719837294628,25.445323578404484
94.53980416379476,124.82186981071462,74.77711933505304
91.7275574891114,123.41242874754968,77.77509418092686
91.71404850638838,99.29856519116883,81.9647082447332
91.28084993141584,141.81773591405332,21.300998080626485
95.57885159818862,131.8134525475041,45.23783926451446
95.0828720412134,125.505083989776,19.508514574311786
90.39833898590318,122.39947159808165,16.344225856336408
93.55325877077388,125.91733327292886,16.123488844567934
91.11711457822214,92.62623865563909,22.561417557318084
92.98882570769464,90.00528286148875,26.861337089619663
89.46053474562451,132.7834692421407,63.32667538874269
90.7300590179508,125.24045806332562,13.83128865249489
87.21464211741583,125.18960516162508,49.832370129616265
91.1803029047892,111.96324808577796,32.74368842638209
89.03684058285324,116.19443575669678,20.188018138360228
87.88138538891322,108.50098271849606,30.366654689275805
91.48354330218024,143.8199342935695,20.69776569704638
88.51671374863453,90.88352788880478,37.19629843301548
89.56769929507207,96.8373295165521,27.06656452358717
96.02906538252938,124.75743830587756,15.388355986549406
88.74738885309795,137.75670064700833,13.718740617067068
90.43553991411676,125.90556549636996,33.73574786618213
88.6048363079357,81.47446270886708,79.81033996742515
94.7148017629507,95.1036200936617,22.64589969758726
91.75006946806056,215.35941678408145,49.6152106649448
94.0366517784932,125.45095195586686,42.24640601415923
92.2730516906372,156.7159425951798,90.45170571921216
91.74481515538626,137.96191816237348,61.60790290467959
92.62710245897838,126.48435895752046,35.083189720672024
86.75013424719083,147.35700268439746,42.10341255711684
88.34021507232318,242.879100624684,78.59735649386299
92.42153151722188,113.42108408199562,25.30071758584864
91.98172428132008,126.23481711870195,21.871148576550777
88.4541406990607,124.0946631399792,10.32609844129044
91.4510528419829,80.54457816643537,62.55616296026732
90.53258569958896,150.17915422998834,58.43060428187554
93.72636102024312,125.05906685404928,13.30966808139627
91.83779878564344,123.56054447541112,35.80137988956639
92.12895784692772,95.19701639936164,28.70760919849716
89.37477438595533,108.16551196300291,13.79102528467921
90.37768312738204,129.1464277611156,128.22537316712504
89.10508007864397,125.27007561008804,17.250526951485973
91.24822103703023,122.64442091488948,12.088033195642383
91.18854279636382,124.9820922582288,37.10474326378628
92.944633306571,80.6566771453016,50.28172559497181
94.2642566883776,126.10996219073492,10.989442062656591
91.04775296944165,136.82450168728045,42.25135316230092
85.61254663383588,124.82889091223488,32.79732532564949
94.58624389497366,125.4202915144904,13.26984699030065
92.8456608782984,116.10467756933464,15.681250793891747
89.07792752417811,170.04788463804715,35.17810586663149
101.705064749415,165.27569242502,20.54455076880791
91.407581887258,126.52865819483144,93.5717890595186
89.63375576334074,125.23329543520911,61.234722412160586
90.1218233427276,124.83494821130977,133.25429013613604
93.69363660032457,162.0269692769454,19.019811383631527
89.69942354320989,101.95464527147868,114.92163493370197
87.5136554418755,140.9556223822247,26.928578449392543
94.35849185116436,122.76745758669306,22.809188358361418
91.14769306792216,123.99606634760048,11.549838556405147
89.94905217617774,124.78168417249182,11.626250102351964
93.45824606961897,113.13960805075318,45.33076125873112
91.52132151170504,99.7418847013588,28.37074838631457
90.40525332862198,98.76595074058564,17.70572704108454
90.57414954278762,125.19212131600162,38.55522957572315
92.1290166848184,392.259266510768,18.74500529429844
94.02913170842248,112.16500773892396,35.856331762621934
92.3084707264176,83.05475211382686,23.35154600256947
95.64960157771264,106.14421131051574,62.04191043638985
87.79784749693074,125.37878892150142,61.560204587698514
88.90748062582388,123.543557697655,29.465320502253373
86.71441091010416,128.7856852482171,22.9613163693945
90.1213906879274,138.10579264211,23.50884414618947
95.39936652299735,125.09340241232836,59.15280053095358
92.79057951097072,83.71561511114255,21.93292184888955
93.22555952533256,198.97073328512556,17.035971268241052
92.01713251048858,124.7347410753274,12.654719851860444
89.52681100355126,123.1934548664709,28.85974786932528
94.91543315910091,126.62389303160388,29.741052593945398
89.84475031616158,100.8233513289222,65.1483127933796
90.770503371205,98.5862516578521,17.50152081966361
95.98037589162382,88.94062506534098,24.3890772679202
92.57836966925856,167.46089553938512,59.57126099098757
93.3940488431581,115.00756123076368,62.054049764534696
90.04925403354629,124.91418309879948,24.565024428151293
87.7534187264072,170.7975669483751,28.436958239092554
87.85757089334001,88.91256683945042,20.841403772519104
89.64512003339051,113.16220364956284,90.89323076193712
90.49997780378784,123.26361810522732,13.788801478242007
91.18117417242055,127.57791379936774,91.42933314225876
91.76423457252288,111.48892846137788,44.54771601700002
91.48367933803964,124.24499326398318,32.7511959109994
92.86665396015444,124.17104500005011,10.996128145168848
91.89277697410186,125.6497342731388,29.36479795441597
93.69453037723407,178.32768838151628,25.714697088720094
92.2882262621945,125.55062226857146,15.274162223598122
91.55762280660116,125.3800190733012,42.04915116745912
89.5269336647465,123.299583088503,116.37030213289114
92.5628294158345,158.93275202092184,34.77902611105671
88.01795396170138,126.15070762996083,47.63202329574506
94.32847637977316,123.33296523130092,12.127176980089512
93.7353905376245,176.06030247737144,26.221384682290456
90.55753320806554,93.67589072175797,13.711114743899865
90.20698292633485,125.48486633466946,38.46409504924878
93.59050991291,143.26493476284645,93.65284107713748
91.05554290932358,91.75927535348508,42.52156010149079
93.44525883109682,124.29667025591648,12.397380554023696
93.84862306841433,81.80991917231421,23.13962753194909
89.31045016136387,121.18100423063426,33.99948881260899
87.4633659626399,145.2349963867473,25.485586791366025
90.9447194783846,82.65378661650654,63.808758148189206
93.42865483004354,106.06392735173884,60.568680411465415
91.07423847791064,124.36599302279174,38.38943556910595
93.75908135837663,101.67447206669044,24.026181406458345
88.36988417965932,111.38694039019244,18.84468012910688
86.61154560903138,110.02668909655873,13.35726790106083
91.38861025965276,151.58164760152994,23.15039033540225
88.60694397419954,119.92038907552262,25.990731963570997
90.04709095379444,373.3377194686544,43.793961550749486
90.76088236303106,268.01177424167133,42.202359209687536
93.825843254587,127.62075121963898,12.180609363397934
93.11056128129232,156.11579500489736,25.08866600148121
90.09280760776176,81.67823478364977,16.018679363133764
94.0722926077745,83.4024945142628,15.116985078517033
96.5178086501398,85.96614582167028,62.686352251589085
91.24573560298992,123.8383713014787,11.284570138930436
94.3783040422059,124.9489970307628,26.299579967997595
96.4659795682764,99.68618029884558,15.525029400688537
93.03943125916832,82.90887380876828,73.44092557718558
90.49373390505488,88.64440720877474,34.42830895621342
92.55742572479892,81.94027389870897,17.894782234002435
88.91721123411554,91.9474909038017,30.940407298414247
89.56200885432322,83.11013129909418,49.445606934189854
90.2130369010989,125.7268311864896,105.18698054782008
91.29325043092278,126.97206317264678,17.47099969459851
91.92361269057086,144.94894193748132,75.19457786518497
88.79407825696205,120.84215523497454,91.6815692788619
95.41268425659312,84.30066601557674,84.45872611251069
90.9438275800294,127.95774873399388,40.26981383602048
90.11757786711246,83.59578809102744,39.81303019112595
95.20531287029377,103.71355962834072,25.48573141744998
93.31756265612135,123.97759372616166,51.87796555946963
92.23228886698864,160.89655599899518,32.73338835766795
92.22947468718073,80.27371727524351,43.94380401946257
91.41330385825616,124.55852737983206,26.78251418208223
91.2148922445201,126.2655472864084,49.44673587461909
91.75630794409804,125.7856910201125,62.198618691781135
93.26506993532595,164.1749811145819,14.750051644890624
89.48234488460615,180.06073999949732,63.680220708374776
92.48998581194304,127.17164767214904,33.315208950753856
89.66517312745064,85.45883813038657,65.86531169304801
94.88210609178424,80.55657361174384,26.932156752930503
90.45595197315652,124.56514928501632,24.294681790821656
90.1705644618631,123.58040759495634,83.97456334214077
86.61955037099051,117.60518936323857,18.677269371736077
90.03078213642237,125.19168136281972,65.77783775025944
93.64934519506072,115.33561554939432,29.850651504989308
94.96190518421042,137.99414277022285,31.65229174653416
86.55158423854019,96.72865274302708,21.06538779366949
88.39678389585175,88.0712732939118,35.53210303381195
92.47803816300252,99.38244420326308,21.800665613199605
90.21274900323382,132.70893125666603,11.201837713681805
97.21127199862904,156.38186165880705,19.52356945154534
92.70607777622416,115.80104524231476,10.191984293374862
94.07370376431726,84.0659705907983,124.98912880460573
94.07084300898492,125.8790812560203,111.2196175742543
91.1951987157043,85.59705179817733,25.08350631816069
89.34211806716019,124.26570398687996,49.09952734245056
97.16398963746074,124.59751770563288,22.73054457571422
89.78506804065277,154.06162165449598,43.35942161646814
89.7326104811906,125.86648832272988,59.10890514206027
91.93690177854184,138.70566840786591,97.98624257455592
90.39581474698406,125.01912883631825,25.33538438344946
88.8686486379481,80.81227649246175,55.87696187444551
91.74641657837532,146.68791417970647,19.274463292465786
91.79448435258276,143.87019026669583,149.16895717688763
91.6934534146606,124.37326119961516,10.783223552106197
87.66109703520547,125.00055371504368,37.75455677511837
87.78607624450365,125.0857586277723,42.32073162414435
91.07136733756454,124.20104787485482,44.946943542919016
94.22044511474252,97.46426316882648,13.848216969100186
93.675227502322,125.32924750112288,93.676075167671
91.27688964755583,104.17020900939583,15.996850123490972
88.31543003428385,124.8826012648619,39.245686076621126
93.61553845774831,125.42932175989976,17.55694386706248
96.06495323108923,261.3215291720294,21.01112855916752
93.30957146205758,104.61764166882377,33.72005785434318
95.5650716761818,125.37954211344778,26.196997358178752
93.23827312944957,127.8447521916452,15.238659874238014
95.2635192658058,118.27048310241638,15.623752323132646
92.1732960217605,87.77793033221393,26.246009173385065
87.64498478537791,126.67803674576416,52.47577101621188
91.64151949458169,112.45050516905803,78.4730777865437
92.60748271813208,123.64112973197577,12.636348798988282
88.38531385274939,286.2809077908516,24.98193054150002
85.59795692315234,86.4849021802186,13.1690020440624
91.53454666871878,86.61447728484433,10.501950332128496
91.84226974088918,126.60374964590486,42.51632289395919
91.28884351745528,108.49645945503596,37.67299488863658
94.81843252111088,192.5363933519677,15.338621345573111
93.63678645616125,125.02198100567064,17.98986387603837
94.27267790106444,123.76247864648444,10.71979913946426
93.86138743354022,107.18645704720228,64.04469672313404
90.39112541163502,106.4668305023982,120.29737763876264
90.53186296406814,99.95175771437492,14.366715088809729
89.43557802177789,85.02479946788897,17.898473913351243
93.1048937952324,100.31537199574387,70.84181899381652
86.89613941861182,142.8890150782426,88.29932347629746
90.53295473912658,107.24154537767056,26.32254814850738
90.6298430409243,128.25423329979645,11.5584622934377
90.26905684152943,128.6178585407085,11.205660655925625
91.37777499637694,125.10454511206422,35.5959476305937
89.1351228393074,192.9473438248191,24.971611011065832
94.05237201588584,196.09129326316,10.872127650388212
93.6809176424946,204.4972644854991,36.258234933092965
93.350889964533,124.28494215527672,10.341006869872547
93.33176481723989,140.81546151541932,56.44632766576554
97.50263032040758,182.76014251515497,20.97721530616697
91.68019344080597,123.55285209459288,11.232723513264023
91.11391705287942,111.05739323615428,36.62761601714404
96.29873865404942,126.01380780627666,25.20921227549683
90.35899975177436,110.31825630180624,119.2603493598995
89.75324175307026,190.38120883292385,33.57094683345783
93.12530744795392,126.83326625717072,19.657407503100416
91.5304641180727,112.3657205356591,47.07823828201359
96.20821662462878,82.89991388474272,19.50270026286105
92.15985082236357,121.28989899471355,80.3783376924148
90.3815499759286,124.88071060159456,24.08676642918144
93.485484803256,126.8860079167062,33.94646968438243
88.24447645735623,124.3188304601618,11.55690230829437
90.00121375909687,95.74489736358292,26.66011362749358
93.4080055939648,124.30904459720573,63.57872712413681
88.67227605459178,124.40855687563008,59.14265424614568
90.36553714355657,126.82964719144924,17.620400712080652
93.6441950726296,148.91378734918015,17.688567086180925
94.27274414694324,127.28644368572331,60.99816676523061
93.3690750837546,125.2195510926427,89.94904039548362
84.97686507319685,212.8411264662092,13.006576685912602
92.19089257736414,94.6708789064942,27.93830870734669
94.3428525788245,120.43946247265347,22.3499713185657
96.26771986219944,126.0460313214392,71.36592136754172
88.34146076854533,124.66380082713472,12.616611899964042
88.05524089639361,128.72878939605968,17.11445781674083
91.9657569053798,122.97956880235682,51.88650328636433
87.81025476278946,123.54380982324784,11.57968506926125
90.74477452822292,165.0802170689674,30.34984858568882
92.44946343140202,215.2447415849492,27.507644602683097
93.6675652191798,94.89154143115492,22.212044823818125
92.51084513971747,126.14103857690432,25.05460461613233
93.67558846153425,86.03183635805902,32.64688544441394
93.5236935351269,86.17673893253236,15.27947563204955
91.85973064452588,87.45655142342773,35.45867359804566
92.06508110252776,94.879147340269,59.10925765292195
95.31998242556404,233.78881185133383,52.833613640365
93.06660757746,124.60821421658564,15.01352831229667
93.24019083824533,271.8195508534021,14.849090269531366
91.7728236739137,127.02556013303617,19.36639002095456
87.92927400314723,108.3863767442524,23.43903322220968
90.69942720525202,127.4350043082919,25.750555106616822
92.02735453339864,127.22172115582696,44.15465599465454
94.33538358316213,127.93221195007932,11.750505085641375
95.3647310257982,183.2896176824275,11.05864205626089
90.58455395144078,240.3924252385513,24.922999222389212
94.04262703521316,214.7604488654103,45.83688572599243
88.91894374587662,133.92250456005388,16.449136441196316
92.02684044637392,123.09852551738136,40.77517357114078
93.73953714153444,138.08254395692282,19.026186211666985
96.27364570139976,106.39276779681089,75.16937369411282
88.70627107059101,136.63444836439675,77.81162529967368
88.58606120358561,126.16360096252583,20.58421034763337
95.60184633222842,185.1894400178072,17.840699572937684
95.38712461607209,122.45982505155378,25.895359304590087
91.74838258180522,124.78335334388476,18.254096338551115
92.45516014283504,149.10036240686094,43.477378294538255
90.24599457706326,96.61046656220704,62.47215397484126
90.83039324187884,104.10866026992188,43.54230681065741
86.94930318759053,110.26351873191868,62.17793339579799
91.269841655815,185.48764311712227,25.17475253025609
91.55064076810972,133.21784907645377,15.099352379126785
96.37830896746576,154.25945104915746,50.17670707215677
94.95970660779828,100.55884770720212,23.41086375686781
92.57926605142625,127.49001564793308,43.375631326037066
88.85203777440948,124.0971431855204,19.467797393004865
89.99769646388964,92.94258821902982,12.541571875118148
90.65777683898736,126.34669973970736,157.11454691702625
93.78304036300284,126.98085067259736,15.095246990938048
87.07217487560035,165.21819978557548,143.75684935056336
90.7042701077944,128.0290000490916,123.5352015132251
91.0727515069123,126.09521630487843,57.36989527185629
87.51773534788934,132.17376295807827,42.31341788773079
93.58299082028714,141.24687609062303,35.86878527647977
85.46112271527963,125.6898529802743,70.32020702904752
90.6581379548827,225.6127752791648,20.251036425826364
91.10833037845808,120.17801050497172,28.91538233354227
94.78697023442936,116.7921384879472,38.97939909028766
92.9442007786056,206.58969670328116,25.889576086147027
86.66467101307127,99.8051045141838,26.731566485678837
88.90915126769035,123.65697170926065,22.027076012549777
87.3862475214222,83.70381816487463,34.919346000207824
90.94020605104818,154.4574363636005,67.02872576807991
89.28764164738293,120.84357105668016,16.751675533071577
90.66434389150544,185.1244402380787,91.74050048305752
88.43975800618557,96.51372726746234,45.0473275413472
89.40004827244752,103.80535481527173,61.99450940230469
93.07397043800948,146.53437155851802,34.37080890135072
93.08629051965104,103.64079858280104,55.35799991151109
88.78053169567956,219.9069937231792,10.48999175510022
85.22234441287945,124.0855122279223,61.17523076679897
93.97942375780671,131.1788220708791,11.228999495887743
91.09554281558414,120.67507428957106,76.19463206455183
89.61585503834199,201.7857652547811,154.71003851594293
88.31817590149599,151.76166830849223,20.447068046373957
90.41917612363925,98.51883391054147,17.08376951941873
90.82308984107102,108.64751498313252,53.49151572001476
92.93877883148711,126.86940641007956,18.751760702414717
96.83954233193217,179.10767716366098,70.1996500882779
89.64843185676554,126.95506144938648,13.255718493219478
94.446560834419,126.4414793153626,14.038709257499312
89.88325145310797,95.82175029167,126.1142775604107
90.04339347207767,105.43759855240488,43.61091527784512
86.49729083019767,136.6541695141322,66.29741601626128
87.03326491355934,209.8092159206921,21.76148698852703
86.42528671170882,169.37317384525863,43.85517798945016
94.30932231173811,164.38990987488432,37.059937918170526
92.58187217375269,101.11711652775809,37.725916184090735
95.18772603544596,244.96203753559243,44.421391019205934
87.83066136370638,143.49675439265323,35.69534741836546
90.60254034001214,122.73820185193892,26.814259104783314
90.33515037432616,103.61691034682453,19.685713497371957
90.97961172119771,123.94659976413558,53.905803658690026
87.89907927432878,118.5040530658452,17.696063322972016
93.44461225996594,125.53079525931052,45.364195084600574
88.40723477078653,84.31374908045068,17.97107498870961
90.01938163678459,124.89631663438378,39.451302821505735
94.6244940918504,86.55439430498639,51.24025583069052
91.72846365376492,122.28867554280014,17.404415704003267
93.58228440189608,123.191221026535,11.854452619135245
90.95789827909348,82.73798234441172,14.211458169299116
93.83185714069418,127.57095687544884,37.94190017296498
92.36258503070748,126.1897037511647,66.80308460113264
86.00714372195321,101.64690882656632,11.381218298729577
87.3128205284909,115.28087385391257,49.74483324858704
88.73865546526982,122.07760684241478,22.52546172796652
91.02673413908688,100.39965787056182,29.53301219901328
88.77063182323347,125.18830645399744,89.2929755426726
94.15030944273715,90.37389957821384,22.10273346322691
92.58759786704788,125.01505604842023,28.783555406417403
90.8595800643794,80.58652177748063,10.413306450328475
91.5799117869784,126.73940871577952,12.553625790845548
94.93878927864446,90.9554764331546,18.976109393681494
87.3744253989655,81.94376250153077,10.84742411376167
93.48825969615342,114.62974903559488,39.93928889036694
92.03923550157356,127.56180943062176,26.67460374968716
98.2803338017699,170.6788073255339,33.83183187200877
94.05987952111369,191.58620352816897,15.758329918184188
92.20736613494049,132.71775878508151,20.526411351668287
90.88948596784071,111.93413374470056,42.70365577446136
92.93997192473546,105.8374372897378,110.8328225769852
88.99307111140509,81.89473565559173,11.551962991104393
86.86787379296898,96.87404497496485,76.32324570430355
91.62847405457156,404.01448214219215,35.8030687420666
92.13365764592028,124.76099650610884,34.89785718187409
87.91849878414092,126.83047579042416,30.81113218590516
86.6431477149371,124.75526454400269,12.157581533471838
92.62793716685574,134.66322774735914,12.825260825942683
93.04774103063116,254.77995381755275,37.55720047635259
89.3283716257897,179.67750895479008,22.509066419566
87.60821633243707,147.27416724055425,84.76448847353649
94.32655832588613,80.17468069861216,25.65611874321238
93.6274634175702,152.1917791675092,14.639375126520813
91.63828625348988,125.48677884644484,47.628401077527286
97.68900879747096,102.9355037743144,20.41673880867093
92.26380403519336,80.90599989387405,32.362932585702566
91.13079263308715,104.05196942763844,45.90324173370986
89.35164064147891,277.362943174237,79.15689096712883
90.4358030691323,99.42957781251054,57.13410483360424
87.6833822885208,124.91782358507648,43.84380374852799
89.40384978512195,84.06429226347282,44.148659040373786
95.58609299004624,188.67909619574291,97.52130172927416
91.71877341560818,123.22930917337855,20.52181277571043
92.77493242206398,113.71732722268816,10.033381390953489
86.71886267105876,113.69461149446656,19.52175442972993
95.85206302016196,125.61647397869544,17.37284942048727
93.10789250601412,125.78580069655074,42.5266033017712
90.46578949297326,102.16743178743636,40.13002831271058
95.45388807949944,123.99997144891206,37.00229065030192
86.8659051194552,118.34278549655936,10.491304425230217
97.47538313740992,127.0851134370738,49.14453418067583
90.72701492666232,125.50110994889252,21.72603364043454
87.60662273048469,124.19966157549736,42.81375677464453
89.38388825010642,154.05134047643278,34.39702998355564
87.88675636842521,170.80587723061006,22.589853820070022
93.67668702517142,189.89511641433663,14.336080821256973
90.12249580929245,195.418318213705,12.97535317926702
85.49590365055955,202.70410573386715,63.42785010886091
87.00134221314923,125.03409176711214,85.17687687748558
86.70056745884779,239.9008903956672,41.47650181345689
93.78225805616071,165.02802067879534,13.275504913792725
92.11513044221492,126.4176259580424,25.426301177749
88.32974331319402,123.91749629918286,49.16236388231471
90.09832011595624,84.73161603661018,55.39941700871707
91.069703226464,95.8470183627861,13.774333743363718
90.00816575001335,147.6160133991188,10.000921579516474
89.569943398273,144.88051091547783,47.35812297557855
89.55402669333223,83.2559275135529,23.22948162243645
95.9083708589721,125.61120255736202,18.81025311000031
89.89178637313417,115.25759882824892,10.389440928545062
95.55453908952434,80.61910571494394,33.315396570407486
90.18900907324756,166.94903083309936,67.14463396753837
92.91980474023592,124.16357689650528,104.84060709321172
94.11211943553572,113.41905523540385,35.02369738284983
91.31431156659482,134.86670217242835,31.674890197668272
90.14320053933731,124.1885547733754,12.666785172727904
92.9715791051555,125.59735805996442,33.88017828260091
90.17497339399544,81.11300850435497,24.340061737243005
90.77781616571362,94.02617604543622,38.02869857617494
93.3557023941658,121.75661197713282,24.76631632783537
89.53661742067392,117.3949985333673,18.244915199901843
94.65553675671458,126.64668605134702,12.993458983147631
92.12915208340196,116.25962821650856,21.346521664376755
91.17217518347331,123.3914301056134,13.049184561502392
92.1324227687056,164.7350591997655,15.84021623523671
88.28234974733503,193.13390396521808,141.0701343566767
93.73472477696929,117.80958345504588,27.615197665241467
92.21527753778469,113.2080110848779,32.770390522063025
96.75120256092704,107.35062506254243,72.05351188376044
92.73518310918172,123.23239556420036,172.57322588463043
90.2132069215678,124.1561187367482,36.21953553340428
88.05671670860656,153.95024086523108,60.21510466660116
89.4789428535154,172.81280389930623,21.87766966528896
93.67911837014336,267.3198833655679,20.947433473604946
91.81184535740314,124.53269196576684,25.46026026863476
87.35847394364461,98.0868205878282,43.48868200766408
87.03528311987573,134.2971034200007,44.38920623069308
94.79647006000292,113.27262641171438,21.360581243720908
90.82672076242832,83.5020875803257,14.288753756528331
91.0017922360418,126.91471919569312,40.022491145053785
90.63484840294144,123.56189438713648,14.12018860255598
91.80104128974588,124.56292667524536,35.91753182883377
92.89640991861232,122.77565681311528,45.46850462631947
89.90613420065702,124.30093719768156,46.180396175346885
94.13616866840026,82.37408178158049,52.008404516770376
87.69787823783152,135.12770983343125,71.87385663695346
94.62615869568772,86.43220203078654,30.791955035579683
92.18993703535604,105.0220622949018,49.30770010972332
88.17533731632564,126.16437583930974,38.96228140971888
95.13229975986026,125.53911487137874,16.197441669952546
92.23803752031984,125.7046980377032,10.78076158990007
93.7010485100652,96.2193445309671,20.04494569826442
85.94366266676595,125.17466770208262,27.557516648711
89.25555605497635,98.58025081031155,38.79990836122936
90.59001475400296,98.40687527234364,66.90546674969022
91.33538247698095,124.80137150104926,16.553850229226327
93.29653474633204,92.10094570826864,14.024797642597434
93.4333398808536,124.38468937407546,109.29681354954931
85.39035261042498,125.98182958874732,13.43017306323246
89.6522944636948,159.53617556437632,29.53086643635303
90.08355373644407,128.48530497550666,36.42508194471824
92.1843796069957,124.97358401295432,33.38563400908978
93.57299635137676,107.50537993788645,12.698796726889158
93.32994433425483,124.30543307421073,11.761526127608873
93.41356346105997,159.64779185586102,13.344155471539343
90.41652834196574,126.71830907031578,36.4268160428165
92.72160359794113,124.352234311272,33.58057264488715
86.7632222280148,105.6757264216455,17.987043246583887
92.56915872538384,122.34134711223965,40.46462032475164
95.07589874287814,121.24429579573273,61.45520529539705
87.29166959882603,160.3692958861843,11.274042953393026
91.10654805406872,117.83496204403916,30.682421334628494
94.24683992871404,125.877747789155,45.06882924702977
93.04682251226568,127.1485873234115,18.72308208344676
94.39983142408605,126.03070791214182,21.03514949314608
91.89294424733438,90.60675841299324,38.52940822233397
94.87442628708222,154.78744821018836,78.4644486648386
92.66975361936905,134.70600446932218,59.81000494116392
90.85387821880585,245.58097322789587,36.24944145909491
91.85742248406982,311.70467108230616,49.30464502638675
93.4000720747208,314.12693214860394,23.61552234061597
90.92006788007268,166.4219088148597,40.730106192839344
90.61075674047883,84.01097708077407,28.830986684385387
91.1830129283765,127.19261648676076,16.319265716323404
86.87910877711792,161.88920526796562,46.2935170706614
87.82483483189093,111.35539282569783,34.38933235024959
88.02159233839437,127.3902273397999,23.32406921458754
92.50680015555444,126.625321646912,82.68811943705707
95.54600130836415,282.7312273259162,10.634690300190782
89.39223977643877,81.88203658336161,21.38397298369988
91.16434481466396,91.60845926785908,11.756896992328636
91.88769808083713,128.94859803248454,53.64070584029307
85.74324735805406,81.84996340752662,46.330673253320384
91.94485978504449,125.70557129470956,22.0749352870471
94.27066800937196,93.0578156428412,43.77915636310788
88.95577969419715,89.75165919327895,25.12231468925587
90.85409517682038,126.76689656371131,52.34883171336192
93.1204110888996,115.92826843179544,28.164182153916173
88.88511145404127,129.30069886906844,25.94512515647985
91.09153441617651,197.7749203011835,91.87664414602811
93.44840297799392,124.00883121362956,18.66564679374264
86.27903874709824,80.9100963978668,13.850255249923432
91.86242476783303,91.68549672329168,36.3512929728286
89.8362962440377,132.66428042016335,114.52610124304589
93.68209303874676,123.28138815735932,24.236701624514023
95.7888051908686,123.45593582470588,11.921335731342952
87.64680399123542,124.05737316600684,22.433901168839824
87.49063216935224,103.73739239821649,31.152442593522117
89.44437013543624,83.00510583819536,15.299359155800328
92.67586505040948,271.1437367794109,42.19730409400409
91.0297911914871,80.72599289602682,192.8966064582148
95.09851650614546,124.64554911815505,28.030140886362776
87.76704308892373,90.58123923940452,23.142526253106976
88.98048553683081,125.90088642638428,25.35999773133764
95.84937730517318,124.9308457605401,13.669984628342046
90.8501357975292,103.3779426439986,74.43767669237755
96.33736167958594,91.39480689644056,26.07536354203028
93.15578464497406,191.6317373934184,24.695142894824265
91.62753406492055,144.91440813657323,42.33697342230328
92.73087905463548,163.70669850675358,27.503686376090503
86.73228014607561,91.92188931397853,41.34362761298029
94.33795996313954,102.00249062143573,11.902455853322174
92.030043703949,126.50139029571696,60.415669330264336
86.18851441057451,89.15275855799774,94.65536210756184
91.2949251872698,111.70787545442188,41.38902589918276
90.5933475882842,89.23606754913844,102.74478969185267
94.03809104484247,87.65376699854033,14.926162796925452
89.48416112649953,183.1875038532758,29.46909715293784
92.24875303635856,125.80302419690275,37.62453395373954
89.49110283107255,90.78097450327566,36.1493204425049
85.8791425937065,127.5472958563292,25.39794684555873
87.58638578505499,133.9427839902469,22.378517133110407
90.877924519981,80.02168029976822,14.068544968661346
90.26337442122788,83.27390123479171,24.914706569820435
92.1376222189242,121.65673912330472,15.325781552714176
90.03024122612736,83.07492381877546,49.76903918964599
88.48664273494977,113.81753145500554,17.02730796701085
90.47834630529536,91.23796319167256,11.810508889358026
86.84839618001911,87.74726488226932,34.11338957888153
90.96853451274144,111.41599792772205,37.13306842300817
85.48501298251009,123.15966913882436,71.65138110623012
92.04163901091084,106.62832073320943,35.81018894256651
92.17706258235538,182.75583049870693,22.71563322318179
94.26848947812294,123.68928548505572,58.73835593138072
89.9232006421431,117.25575746678768,33.31405788714076
92.7957530191508,105.34114287135104,12.477988463852316
86.98285267182533,140.0905730531158,35.03099419223811
91.93306236361174,88.88490183603653,81.58504908770362
89.37936589997003,123.2922601090492,25.140964207861355
89.78633665675142,92.76973799341658,20.54319450197319
95.24922940225818,120.5919196721227,14.645959048888852
89.17369367129442,82.14291776898254,14.926629736749003
92.38645821802994,157.16019505580607,27.009790917859537
91.21925743583944,86.61372993132359,37.1664460132925
93.4379434775044,148.90337660143922,12.521522542827102
88.44357681977186,127.45952951371645,94.18738779903676
87.47596502362752,125.6582524037842,52.21127783611146
88.11972017622932,87.20484821084285,36.501924726752165
87.38707155565184,205.1149907465005,62.88443417340641
90.2030709467461,110.68135002679546,12.507538782416264
90.76225820757011,126.26270182086444,29.43597367581959
92.7656652120828,92.74655831578644,39.83511997734655
92.6519715287528,123.1781254096692,62.921919728062726
87.32771916946034,140.5457970694862,55.9007242356565
92.47817830608024,97.48660126731728,19.73325527441143
89.3317865930169,325.65776492138616,94.84566611193392
92.70430119169416,112.84015891628268,13.983521864566791
84.95997568894508,91.74827418102169,72.41533187147425
90.6121434053948,80.11237311521045,116.15203630485298
91.75082122537962,127.45914371912264,15.84956910043728
90.06690872168099,177.26845392634706,48.41115503660235
91.41222217175849,125.3016922069884,11.233583624521993
93.86170441196306,141.31259789251453,25.59714269620034
90.43703804700034,112.46690444051453,31.78767617674504
93.4176815326669,125.06365736236852,36.07114003347478
92.9493196621381,125.1234072845615,92.43676539635644
89.35548185472057,160.74789470554705,43.46518760043957
84.76417288165645,292.9121664401273,29.691612722719533
91.25638466613184,98.10034242910342,59.77066997011134
94.30106740275596,120.91624981501089,100.19337636718306
94.0237908533816,144.33914001764856,10.66939743772728
91.968431431502,204.59664042235664,131.40312084789514
89.76545024303024,123.77391080683606,12.702078707779126
92.96611876373876,125.9630044175773,60.522706863364114
87.85319698670587,100.95251838764275,19.86907327559772
92.19569121588243,213.8996454777732,14.253116941720204
93.68473491677544,222.68944626651805,27.38682226746421
91.00093835047032,95.87308543530236,40.98107763171392
88.51662861486244,82.16605129509307,24.387166435928545
91.0377346719887,126.76705075245454,11.683317153644456
92.04845609710152,93.15728058014736,37.44833462843609
88.68604850386737,96.57931824493076,79.80734058502594
90.14918548326467,142.5979645286958,24.49706108227534
93.29630329406577,156.7450644243374,17.313124300141627
93.60148156034364,125.62130161746124,27.53294567115896
91.5059080672104,164.20013514813644,11.487139473704556
89.15078391934641,130.96224503847125,61.52532718614813
85.79442443078823,123.7652590720033,62.5198175235584
91.89730147720232,136.95535036900657,36.60199163387316
87.39765190251558,123.7163964108451,23.067040652838703
91.57257010246548,162.49756209705376,58.25065962630344
89.62334880891714,161.00801985349815,34.26933786831172
92.81527721326415,127.38961105109064,62.449330722967794
88.39481635038183,115.6962940342942,39.94608246591642
87.5575516166893,126.14748421686588,56.03067478686085
92.10359698211164,126.71096913634376,37.38113957781685
91.09389660385985,80.10809275339989,26.04028747386636
92.95571636536674,172.50426958804348,105.06392324295844
94.43141044109542,86.79472224449813,33.36859252480988
90.00271356010806,171.4524966651149,37.872885069455485
93.06046297613275,101.45100346017298,17.472602006232172
87.09998541794106,80.55421732874706,39.47698597306943
88.06215960386042,82.24999010771579,35.43147389511618
91.18444300080498,125.02383685022905,16.131067020085478
90.25361276894948,90.50948162356364,11.843087260862395
85.65980232741252,89.30694939845725,37.817465579705264
95.60138576642817,174.48040020596764,53.27861139764864
85.7936146522807,123.95850848616728,32.23241772352276
90.02140949715408,89.94408861580311,17.71546383630742
93.511383810244,124.56942960546216,42.94534938784928
90.631120313749,204.55536870798628,12.504896073121447
92.66770305442756,125.61748811364504,27.49295022795412
89.23415775950514,89.40532892696172,15.351084597983409
91.50021552804068,149.02231138676757,16.11710934667336
94.63213248728748,125.50890017212048,16.78045320200998
89.99016179219963,112.5200915992138,24.667377192751843
92.36237208390864,86.76278883276399,11.575143120610702
90.5248100929034,125.33599549549588,25.21464313437278
91.51088987039478,136.90972455528538,31.5052167740826
92.35172881455792,285.4636111746102,29.808453493247704
88.10736159434289,148.1765179374661,24.476091939231587
88.49448497570482,128.20473424045406,64.81785813967444
89.61427460216743,87.49384251349282,14.711079383831692
92.88339323278451,86.92769952907152,31.13818213467305
93.5525494883482,125.67408534443604,11.92148456465971
95.48349976181493,80.94610667298706,12.214423931317649
90.18545653604112,125.26668437187509,35.59003226272748
89.8093514691886,119.29272601373629,35.04259598324464
91.49598574478632,148.59696711018347,73.12026902292862
88.43354562989495,92.68306447749866,34.48478908191744
93.58869344675936,104.67801582411349,106.40994805862566
88.7987658629574,108.49084096329744,11.497611803737575
88.35978742321119,101.28259294926404,13.094478360051388
87.74211110743285,124.25463005534056,11.351987834800152
89.51630852421998,124.5626874214346,16.147207513330613
90.38825687591456,126.6261158509769,33.378811574177824
89.26816146599816,172.1849192978678,41.11751705464509
88.56098548613575,193.842231695725,11.399705714018932
94.9125912584648,180.5218753498195,97.54696902202863
90.40390107690934,120.6359156191552,65.38622445327623
92.01533466319444,140.47426812353163,20.555419136813796
92.3456874609164,126.07669901865984,12.409877193958568
89.76831220590522,176.50993755498305,15.585805932512178
87.94587235969047,91.32853876342506,14.072681574845118
89.77174628257775,125.29725827421493,13.947157556843017
92.12728481744853,204.3457454527016,31.92931520912718
88.6664000004566,138.1790746572245,18.46481801589128
92.49817796436348,169.96464545878828,23.30153877906409
84.41126211852502,122.22040577719484,146.70664276685852
91.092816762277,114.73951418555362,44.59024056465336
92.73162465416496,121.3599158591677,99.2665192173928
93.88301842708138,98.16228714578968,14.614001665253532
87.44587491886841,126.69512132492488,24.444776032810864
92.00417455596752,155.79306469224178,34.27235467320966
95.35486719716256,115.05315010463993,12.39591872089374
96.897099812133,126.10896616608308,10.12588706566955
91.2075857135913,100.42915750489811,43.299389633375895
88.81877274077002,132.6284881709811,40.8015482981824
94.975534559394,124.24673705790136,25.869118081599563
92.8754350944253,87.46350865392567,30.17940719627716
96.14875202715784,89.11467654042895,26.107029537711185
95.75858732555898,106.24899857765423,10.728935844425653
87.07420162242643,128.0657189696275,22.255816025763558
92.40230822118252,124.03639251341446,15.846970873141252
91.93088880906085,100.4830729636958,13.108334370988828
93.53214750699092,127.047259890497,104.2022400899195
91.27289766416328,87.41190545810768,37.44073972642546
96.21463051405266,84.47455345889756,49.13106813686524
90.7183477181563,126.16403391006334,21.366027814722244
90.69932559610616,198.14083757780597,24.984067158013907
93.88796169047632,341.5024658523666,18.111929135339537
90.9110970707635,116.7012928196209,13.059841289145435
91.21938544630704,101.9270734808226,15.91812116571506
88.5664132402309,146.14757241135894,57.912542629895285
89.1926050527549,87.36748434313489,43.95382553234048
87.97968713272085,259.3430160175295,33.75118477506345
89.95432416053053,130.9245891594538,29.335846523724136
88.95409028548383,103.51869039458536,86.69889247322583
88.4272702849865,82.05997132359376,12.265474886758328
90.32717785985984,137.41845637395517,19.88016634481172
93.6152503645196,115.4560294267705,22.920619323147385
88.3449738473376,124.7728620996028,55.756461800138375
92.10275114553755,125.67050180574417,156.84410547503478
93.43987141909024,88.47528037602956,18.2595847413486
87.6794516170695,114.11184079208364,72.21746534335585
88.3484285464981,126.92740201649882,63.26880594677977
95.74650554866793,123.19366145472168,17.63350839258566
91.84431422227932,343.73012134075594,25.291416269571293
92.60796049906976,125.1884571082233,25.81235310734901
89.94903048598307,123.77459404522332,124.80381569393204
90.02015504182835,126.99924617713972,15.98617645871308
86.07559550931418,214.58936079028976,58.15709817457502
89.99168283209441,125.25851399548718,22.20265032804685
93.55838029173285,108.7843798381128,49.37686088607978
90.12644858874332,176.99131386177368,26.342384456356505
96.22249571243358,125.44837094206189,35.9080854334246
90.21886417542368,123.5637668527872,63.6231836170793
86.93577338682768,126.14797681901436,58.91457088100643
93.0873521437736,119.32321467747218,70.39235687279047
94.1111543744379,145.1872167877213,11.844051575917664
89.19746988541162,113.74318405784696,45.33458928177468
93.9371117438574,107.74626485978231,14.524246348353984
89.96206259674199,82.14903692459254,26.12631019602592
94.71536075816496,115.1564104180298,33.8612725135047
93.8019334982078,185.62171340421207,25.46205660443662
91.45370330612089,125.15002481545253,31.99481480222948
93.6622664750629,123.9208769200734,179.87612510816336
93.68819091280548,99.15108210784992,14.358311000187264
97.97234342946555,101.75925810482072,43.76002895506859
91.15557930242429,100.14814436564888,25.125480430743583
87.024271052858,125.83305872137782,14.281828130501257
89.39573238165919,126.22613069445248,15.185519910209592
92.98916218739824,99.88641915492248,99.43897180656502
89.87088702817246,142.73072277546484,73.50844532036494
89.59159838707336,231.1828500732215,81.26821224708334
91.11666868421536,125.46526876977622,153.14657645903537
96.13136586898528,131.26645473025525,17.00776558557879
88.71331778582184,102.63263417836453,23.17559012409652
86.5725176754483,80.06320843841672,43.18896533400959
95.79496067976382,97.90599773251236,29.83797736039572
92.76223749443928,123.65680913279094,26.2586307001052
86.77586509224814,172.57251287595125,23.286190430582806
90.14916030430796,124.45799800709432,37.025858496640026
92.6368124655849,135.59143055476667,35.711901654377414
90.75055448472196,123.90804923542386,15.282712349255329
89.81961720996888,125.8792926651537,29.144991539672784
91.53709201519176,80.0750812540326,34.18758008461532
96.65755382935308,125.8838148289573,35.33912777239541
90.64226579630136,93.37718757174297,17.0757408987472
89.71336396843543,132.94993092363148,50.67544466975742
90.9140896805793,265.8167197908657,10.76566085957178
89.61070719152508,174.2203014665685,23.14732921238472
86.74270587767285,124.98606020283896,55.45284352979363
91.0117914738784,172.70230531713958,34.89602415630167
90.89133816204688,80.55117417517266,19.08031547842714
89.37970787169048,85.99597828038392,45.618694213434175
89.08686791241936,181.9746214620349,35.1376249646483
90.08311243330272,80.47133829465785,57.72490488165388
95.04393045117544,356.50529685085274,49.84361499215386
97.17026764247753,105.97203302326824,38.25655903969596
93.3382211525852,90.36148766743048,30.093332087804875
90.58254086458317,124.6753243171284,14.287791654257012
88.58939309116403,124.14007732055086,19.087242781980702
90.5667956710398,141.4409440027194,26.295272398851445
95.82782300933708,112.3911834965225,37.43621445914472
92.83539652575908,126.71737095879372,31.62837144178932
93.14486462710016,125.74676778545872,20.198097004986536
89.92689482428025,273.4103569069563,10.194560267001409
92.10301284264872,110.5084714539592,30.569613106592065
93.12075531291082,115.02077868321672,20.09045884744549
90.57770170141885,125.7148116845412,49.79645301399172
87.4436688093657,179.03473835086925,10.72712914027751
90.70597514898787,98.94035700068255,36.37185796863005
86.86473912921564,157.549102378466,95.14864711520268
93.03338227849568,92.8160194235072,15.74968327050527
90.06693811672851,125.2714724271034,29.139861167409038
92.91463577981698,99.7357858930424,12.8762359005642
91.2445434930678,89.3511408249131,39.47948023193429
95.17279881834318,149.76638202441302,33.99069721569761
92.81451174956024,126.70503949099994,25.69532405113801
94.77624586645722,162.58968764978124,32.10526278087397
92.96421201316332,131.18366299135624,78.06715793292646
89.00759362485047,98.86007371208626,16.55566373396639
88.17242648505855,81.40267243154156,10.684689577900023
93.77878945894568,122.85729872772046,69.34228497427813
91.93859617085128,138.40677801696123,35.81979786293707
88.46933863668124,124.29987667842629,76.39836578809013
90.80729730247457,125.24849004934556,37.26048412661015
90.56304406616808,135.70314799834907,59.84738225008126
94.36707273337986,121.80383925160328,26.84638106610321
90.79132940019196,113.69381234976684,51.57202729504952
92.27966796011722,124.3551511360288,83.26971714610181
90.56578522703398,111.88768760304258,35.46758269284419
89.5309191098884,81.59783182645799,15.982266943188208
94.146903305723,105.26049889718938,19.39194991381983
89.88563784725734,125.14486481511476,16.64352118321884
93.26130329305114,82.20189174656976,18.50500596443656
94.85986412281244,115.4354388759703,20.97646383744212
92.56043910111065,91.4949744456421,34.29945059223007
89.80520943895817,124.83254085606468,36.60134839010912
87.91904291690105,178.1661683682733,26.67990705051126
97.880105540134,124.00271051538128,38.66816430947423
93.70824695899888,142.48452795020694,12.552848546113069
92.8306500210821,99.88486027799584,12.756493589590452
96.54342277547605,132.2440842222057,15.656085401598716
94.7417780811993,165.77674881306186,31.899158865243656
93.52341110296628,102.11895948420836,17.223751494157625
91.55566592085285,116.7727603841776,19.99228523988134
91.16200148801902,95.91453700523924,25.340414600817024
95.0961391304764,127.55744020770912,60.11804389755483
88.33126382467442,124.47631516287124,10.41877337692713
93.9076580676132,125.07896154365072,41.441466948101535
86.68165764665319,107.597109571819,43.157918654650665
88.1808379162246,123.350732444432,58.082179003027335
91.25300494404064,102.84288676844284,90.98145894862886
95.25889487949246,117.5944827246732,10.610301382135791
91.4477837720224,126.9854513035721,15.009408544334567
90.7847508452832,109.50414053212496,75.19181620092253
89.57805165470398,96.25270863617558,28.40339476987104
94.25902417921766,166.01714547432266,34.944058914690004
92.2830900902876,121.5747413841735,42.63259225306469
91.21690583597103,124.64238081549502,44.09565004065692
95.43908931633646,108.48702379157974,90.533117321641
87.7100836594819,93.57768863597713,183.772680821082
95.18562156118128,125.36370277894775,48.20584583393458
87.78383810492444,147.50440998733103,20.15752474136102
89.58010180527194,115.92176912364756,73.54607043086675
93.27457842517052,190.33666350461684,11.514206215614683
93.01363340207006,89.97893637024484,17.88308365849145
92.68245730251074,84.62766349098015,78.30334449781142
90.6571228559866,141.40758072622566,18.8791506749807
94.04576061026644,88.90617907611508,17.478891990113233
93.0696953631644,107.24110238457652,14.459361116615266
94.65529337888572,173.64352159922248,68.79364930924754
91.0302690745014,121.1863541284161,30.79791117192738
92.85020448302528,111.54563120240506,43.70804633932918
94.95087548669828,86.18635742298187,18.19627472838208
96.02928609344376,118.35396524743396,52.56953787244935
89.95516935606062,93.5464301255674,52.81418379747373
88.4752875632009,127.1537256402948,21.245081238758367
88.88406193800037,125.91619852487666,25.86371251095031
88.26087098792487,80.52021744149113,17.059910694048753
99.15766971747918,101.78197653417568,122.60064917040444
96.81059533509878,130.08635127374117,41.12008995661489
91.74126888282272,105.88603911938895,91.79125886306215
89.13328619344163,125.4126740951846,20.84569505524248
91.0452794657946,167.61072790809823,55.68279826762267
91.88524411021234,205.5586436863641,53.55490780144816
87.1591554066873,90.95690331301468,45.29614321299446
91.61433559411138,90.9155253975186,111.12497076629737
92.64335149602056,103.15535953406268,25.004253795642143
89.43539993354146,124.48187681647248,14.202607519060347
90.84289071620356,124.7985560938056,43.41563320142599
93.30062645003537,141.9492814680841,49.203408616547584
91.6653829947525,124.60418587016191,35.67425938002795
89.59835717894761,89.14993868997234,16.951073222561504
91.5939936815546,147.33818567597172,31.06297036754374
95.15273867681114,125.92094618910475,21.22726776940157
95.20492800681494,123.87152926673048,26.73052237535294
88.77111096993754,80.79509486834594,41.08760157209679
94.95392781418496,129.97154973536146,51.0200265043664
90.83261551094247,154.29497259722672,17.92774464754354
92.35601332677838,125.4820858596163,25.59222542849026
93.40215627943442,101.33094418326168,19.406886130324985
87.55833316548515,141.18762784503423,16.643035895530637
92.09366831555413,124.55868424524226,55.88931830099639
94.50761156804111,82.1448848685498,81.9902949113114
91.73467162464256,145.6991775817848,23.87212228699004
92.12454110625129,98.84006714900325,51.74269565781592
93.59994117085029,123.89379598621696,78.18941672416533
90.61272866299323,86.76060160838179,66.14828691697517
91.43610599390573,103.9660435656651,16.056633988094838
92.19989066144048,112.6893495363504,103.90664249226556
92.47626379103032,123.43156016485274,24.1806861327372
89.96714480985494,116.2665149859217,22.43096775766004
93.99970538701814,124.9544676132144,11.933958187497598
89.57569059412438,172.91064829089754,29.97609757191093
89.58544167507299,236.73686095644317,13.46278398793115
91.32219033268125,185.62035055561165,18.572111793573065
93.44128616579567,81.79142233046012,21.435292414432386
88.56284931483707,151.7201355508275,59.637188890259296
90.59739485750862,108.67672651592056,72.50075217260762
88.91613250470476,135.68878556323568,20.80613428224213
90.29135710155624,102.55083624498648,68.70570079489912
89.37328285501043,192.5542856647513,68.39580702388334
91.37650968092665,150.5423537681312,53.40056647959354
86.96440413863289,139.04018837570197,14.759151024065824
92.80244773092028,106.2054682732942,45.16674897385988
93.42234078681632,108.3747170262558,97.02579181977384
88.12728933463413,118.71543126244872,44.42214882871696
91.36566180067965,124.75682519320944,22.08681072097797
94.0176665885428,124.64805564872624,30.82919461473682
87.74557326530667,162.61988637913072,41.13045860910268
95.83518584564128,154.93792343887384,31.43543996240333
92.03498467287366,97.06137064374488,13.83339692901766
89.5006980262786,97.0272719815462,21.221786006163143
89.77275175943575,95.3459215008187,58.64471216736409
91.68441945059207,134.24320666011076,69.28880210238411
90.89522608623344,107.54745420102353,14.43064932465721
92.77913038845271,124.7389713738702,101.33932736544725
89.89856001812753,235.77361946361165,21.96165466077865
89.82453517173893,188.0763036508061,42.56914106979683
91.84940538860477,84.07173982380867,51.80865173879575
89.51324557465861,117.75004143241505,60.13082113209024
90.47929598981855,148.2678797797569,97.42440392961056
93.49236198427973,119.08332046593983,21.259116621971263
86.98789175844772,166.5853403638104,68.66503534433745
91.73867409329452,270.2930604170102,14.236087571054991
92.8198123293356,184.98908398857589,46.6275579358804
94.1966533445311,132.25478960925662,50.64128134217856
91.44741886485085,88.41521645903664,43.97033809663069
90.94170664491368,95.17980591894188,18.72319479371369
88.18951272834985,125.28124296137824,71.91723971576621
90.08297110348818,89.53684935555974,15.548655333271654
93.69479660290834,126.57780921236252,11.653801868670737
88.64952066713464,123.5117335649556,47.9185842710945
86.05337938244261,127.61793020875189,29.357906542662494
94.30145262370904,91.57856710256182,66.73374375244614
90.5427339545014,277.36185787025795,24.50590380753512
93.55801533908635,127.37398577316132,15.527732085681974
88.61943483358277,90.09439569620358,64.31766364774117
91.12612001759534,145.67382474829492,33.88262758743692
89.86977226428229,123.57144041044378,16.291860248900065
92.18285915578386,92.5412138600534,48.23014121793476
91.55011640886975,122.33174815563886,31.46875618188944
92.9820561907799,118.39509466390663,37.81395218256635
90.63993700067796,124.63735433208146,28.535533419894747
93.83230532880428,91.6505449409144,62.931739598982645
89.41956485055631,162.80845937440307,63.08163651532709
93.46546313369366,120.00873449477857,47.0730718821133
94.3121881542575,203.95362380026043,13.341403829894793
91.87608466487292,126.21930290214176,64.7633090698697
89.02745344905013,81.39698934252417,43.35210950507318
86.39937088086263,125.18274379224025,45.82306697329592
90.58998744277108,275.8976280247991,23.528760568939305
88.46149766942345,109.58262135331152,73.42833363692446
89.86816770093482,127.92127551047746,48.77009106070883
96.72300445270822,84.35853570686737,13.583460908368108
90.65368961390595,125.88393983697324,25.71621317469375
87.62935131294887,100.70945426779755,75.2469675269866
89.69440577583163,120.00375467729476,11.450403977572956
93.62502695972002,125.72206758940531,107.64800967712216
91.82047535080342,133.09575842458855,44.10462182503
92.93537453846672,85.78024043902417,39.93934191956554
95.8708630945849,199.7827553621666,19.464314296780067
91.02772753808014,111.81308587919423,18.582172608683045
94.95648786858058,123.62921025834282,95.44949670552036
92.89743599039284,141.1796332307163,20.62630185207054
89.72316337446388,128.8961183661724,54.81709496443816
94.77761567137529,118.8953730963444,24.982814922447837
91.75397707588688,279.9471331775478,14.498677183625306
94.54729952442248,101.12011923486838,10.32319359770774
90.74864444018787,128.2800361340043,33.57480892974273
86.60881527528079,214.27318649954756,121.61583286206664
85.72246852326859,155.7282114537132,23.819958333602813
92.52967714112329,129.0594828675426,23.257291576902997
89.88217445648458,124.9083744332116,22.65202483442381
86.64017043065327,126.2483623829598,32.05308435366017
92.47500627912169,206.7732958401932,27.43019477414116
93.21958559447889,97.41404883673292,73.5865703564445
91.4321998990438,162.6345461649212,31.12750524267351
90.83516160418311,123.79744218780652,31.263534543286184
93.13327107594006,119.55576255467562,14.467935568738431
90.76561438258372,103.2989325602504,131.7801098562797
90.32671297184952,163.4978439819476,18.62937782790361
88.31043271287251,122.70480126840924,12.285835835166726
87.8291729716924,81.41283593516725,42.643192481308304
91.27189767778664,93.25495102779524,37.14319716881143
89.20808038319473,82.98074262591108,26.091773318062664
95.43447577669164,125.4033248645841,26.455421505907605
91.39581658807384,105.70997535332256,56.12243806755168
88.4979758415304,124.22621882898991,16.53395982545598
91.84390904991788,233.13995160512476,61.48620240336784
90.88867746754708,83.0773701603797,41.387465250968525
92.27078703279916,249.47783632169205,26.288574970227707
92.296529864255,163.15867389068706,28.376262311847395
89.33672580209527,124.47766332746612,18.89753574595972
91.85955737362204,162.25053448402252,51.84362974175421
96.24125937314152,115.91067597966588,31.57701958935678
89.34807560471125,158.81056745145509,21.607598548347347
90.15898619233742,126.32750818014,37.19393372886799
87.9878800125898,114.34595971663823,173.71553891901465
94.36304170869028,124.30292860780456,27.14181602190558
91.02708904894912,124.78001527163671,86.032261513329
87.36928600976682,99.30896922171507,22.69437260457657
88.1637697240743,129.2236290092451,11.68862625004096
88.97978255479674,86.18730902393955,16.853808793931883
94.34359526989162,155.00614796445882,26.27439848389467
91.55218242485968,102.74008561053752,17.43980285595418
90.70599156384712,98.13563399891208,10.006811919860004
89.34755089059522,82.0850267225966,83.9536634140854
91.22892230418002,158.93139050555152,65.71379696251276
89.64440972059802,81.58245746413466,50.67787048628472
94.54533092124473,140.28464229396494,15.511000636446036
91.58955599716256,126.0273861241782,13.847398349977391
88.62612711020176,104.73295027045714,12.099953969431995
89.42299110184035,161.02584364298698,48.62380525843659
95.39204355545913,82.9214271000424,89.27122822687724
90.68645775166952,96.6815826407595,26.89178190863973
95.0622269704218,123.72814391083016,13.805720166679867
91.75043365169442,98.79124383373934,31.547354734008536
92.29194937713216,127.31870806769275,22.86962390303205
89.85548083917098,126.42436220284009,24.091706422969157
93.2257979765387,123.1948694839834,39.13275441629095
88.20683235892263,88.1142255105026,48.051938704667485
89.33330488450603,122.9397314832179,13.516367419580511
92.07630874012987,124.6478947445827,11.08717008734476
90.47201878054103,126.2082708658724,165.17858639174204
91.28957981263494,80.19174463408366,17.947431004196325
92.52856141488348,135.6887377588492,11.660007304904756
91.10536442409348,137.48827410057595,16.317013853887275
91.4207701901588,129.15800923106497,11.192110198366535
95.81657605779657,95.80361037383788,24.9180825035547
86.21118742474209,205.21308698492504,58.6455857299977
89.98692652670115,307.5206160467544,22.52208261240501
90.7276219179833,125.07870506597985,27.619507229092065
93.55902842120364,141.63820401324452,43.772115567553016
93.09868294055596,126.25711439804786,31.33286293654927
84.9415045027965,124.4409041989502,69.29478614614197
93.99722582016014,117.13385987538956,70.30545238485766
91.46391323442673,103.5267692303812,10.298804000418327
93.0182099807478,80.70236898406411,55.15859519888407
89.84889872234136,175.02850991347873,28.52636746040115
92.73236309642648,124.0026944183213,144.86403481353358
92.22306220141532,126.03982147940016,29.80484184287126
90.9174506919072,104.20075216442518,140.0450075296118
95.27270174729652,95.19931080399952,52.142227061091546
96.96897437832824,239.34343644002632,18.57470939639594
91.08832090384207,118.28530885367609,33.19137061258126
87.14494068507844,126.20598825965536,155.3624215796158
92.51313358363636,134.92541718143843,68.45884280757832
89.32701189625898,126.4902495370494,13.073173406385912
92.02578328478582,124.4847485808061,46.76324824232468
92.32476258760715,143.94300503380944,22.720158969849145
91.62222564301038,88.89302022729397,10.210202558041734
88.62813077285529,133.4272730701844,25.49932400667347
87.60349039133469,124.6473855854456,18.02675437953005
88.45300907125308,124.77903889826888,61.25608738313134
90.95661975228327,88.83596110766848,22.34437207127287
94.79609228105669,157.0215311076335,62.72486224596906
90.45195249878556,188.1311897195243,10.017943530145386
93.95982040017584,96.4239558864138,21.03724040847828
86.36111031285208,124.16242546740084,18.27913596821866
92.39446757982084,217.2638084307705,17.980253977003382
95.28004182837935,102.27372097739944,12.118681604387884
88.97718083271927,102.32113261081952,16.215311057535057
90.77088328489047,318.1575033834934,34.32750245648989
91.55723189759848,173.945659856764,20.332274582422336
92.9981027542034,85.55087012799225,26.20736435978607
88.38811923961774,124.4956572520237,24.18985323444473
88.13040165977358,200.37524193535768,72.60121819886604
92.91785918897584,123.62776269467192,80.71092126205764
92.52008958447848,128.29654517741074,30.374782313896244
88.79319143309934,104.43672379498923,22.021310660662213
92.7672618674232,139.62163190726108,13.38836641589293
90.87433051189151,125.07377762541186,101.98649587224756
88.95736377698621,181.66856470188765,11.863505908365363
89.13630125115,124.66018500378584,20.59971456714011
90.45028327731843,125.29000911181502,20.61748549192511
98.31414856153764,127.51783282773306,21.58758345046158
91.74109199717486,123.53038542724155,15.384095162101332
89.15571552222949,92.842967211277,55.8580637078741
89.21797885069692,86.29170131428782,13.920276614172678
92.76653490531402,190.56703928232017,40.228066892352
91.02057018303712,111.05474791991752,13.966403046717137
91.09807776337357,125.46607807829808,12.194404394839404
90.0859554489699,80.74942766075023,82.04880300144778
88.19850201381782,112.03975116145403,16.32640044150034
91.43276122192056,103.74618544412311,61.65303886234205
96.39185882375185,95.2869301989833,33.599407499280055
90.91339143221872,95.014196320954,12.431633466618475
90.96667792394275,141.58316629871086,103.33307588985645
92.72059254432595,87.03642134104014,18.50915444356244
91.1838036273596,125.15907800779831,68.90748436462661
89.00676151593645,88.3832034420154,15.54690631083135
90.01858676954627,125.24221257367662,67.7127254671961
89.84529714998565,123.5785216154451,10.399512792291231
93.27825375858626,125.88625830752378,31.50970270652673
89.65548664535105,101.61345113375243,54.01766003291132
88.29691947575692,88.30990974831526,91.90681186906076
94.0576722516075,126.92612688522854,81.9735856046441
93.3607341294566,201.1994389896562,61.38149615979352
91.95140340528704,126.8573684154949,75.72899043762115
89.46416971706684,127.1737866650162,16.66505901990754
84.97278783033245,124.8929561628269,20.02997624197065
96.76570800359302,171.1991822682016,20.23115744235925
96.99963143986832,123.52577129346464,24.19885991673036
91.5653612961492,121.7874951470431,24.99264744417389
91.61146389508744,193.8079735792212,33.59443086504711
89.2388351780075,127.00239365178211,15.226307756160724
85.45410021955621,124.41146556534244,45.25637756640634
90.58238659481128,86.72834017101322,15.50205962243136
86.01521668540812,263.61722267347363,21.14532570618169
93.1659283067,122.905342431439,30.995797656734297
92.05842730519862,124.17681156667352,57.75391707343345
89.11822975393824,182.7681660358037,50.35102954580686
93.22453730926892,125.67101861867182,41.11431558483668
94.11331306063538,299.7003490400044,15.080025155921792
91.23566300964762,90.93290964244552,33.758897776184554
90.61967683162128,142.31536041871965,12.745257012386352
91.02336472077572,107.8684053200526,24.213756354530304
95.6713843521282,122.15878624853931,26.008323877702384
91.39253828355076,109.07512056903606,11.218767896907702
92.64786073720305,191.7274178345378,19.605666171311427
96.05784698889929,126.16304585610057,103.4689167480742
88.76873627939061,123.219003159789,102.13476465244426
83.8664131889862,115.2401630470112,23.031082701796088
91.43927417021892,122.65651430572838,11.32169500157267
92.92710489307156,124.48092010378272,15.920434445864435
89.0676853706219,124.85157324982472,24.93816022220929
92.4765059589734,121.01678451048156,98.5685179574146
94.46737084838055,89.57196073618313,14.566543676389683
86.80807943460444,104.21480540399035,53.25622196646484
88.66222359996873,123.36773135028037,13.451638539157878
92.14039183998251,124.93233248451294,129.30897207346064
88.76520396002519,96.7365660916227,24.419393871508998
90.02003046466922,124.04134364825588,54.78093446668776
92.05515928371912,230.14678190120108,22.583471605496765
88.22654304344965,126.20787438339484,39.6391511638623
86.48804009675128,109.96793854804432,16.396393825470007
89.9520043586635,209.3406861995385,14.735460947691262
91.85490192914376,124.8646468248024,93.44967815723176
93.09348076104872,126.98391239857357,84.90231303119987
88.00210880968517,87.81788719158082,75.53578025338187
88.95926950936672,125.4119116099756,39.459573659567056
93.07576370868406,229.33984258587927,59.54973450980743
88.19682429393686,125.81290774599174,12.146070308212895
88.7819053185019,124.05666754706102,22.229531751807286
94.79200692199804,93.05462404342784,21.29334946379112
90.1144202372161,141.15276724437396,40.28882486546033
88.3210141022854,163.15309362071483,23.19972957647133
91.55692454322556,165.6230939404643,14.822912297821164
92.70761616927224,246.52345532273145,37.22491591338724
92.35647887201168,126.50138926135634,60.52224484169512
90.9332334225612,320.8896986515191,24.444000121486702
89.20221191868926,123.43195798568144,14.25619575573974
95.28249669014096,128.0029976299802,16.570370294768075
93.783022555523,99.07669638108784,18.13392627641305
89.58702195791301,130.72711253336524,20.695859767504505
91.16442633350115,125.97505779416232,40.883368891022286
89.13844617265116,83.56075692329664,37.55971723582159
91.65998016178244,138.48232244426967,45.72970943834268
91.554387191383,259.37314174617336,23.5061234483503
92.03562191626014,127.48287899190284,62.11773827325854
94.79413389882,84.50047248594848,16.84798678846861
93.00619920811732,83.36224042782342,28.992099940209428
89.23542237706174,109.44264639235578,58.42427709119039
88.47118457244106,124.00333556191684,15.959332908603432
91.89183895564346,143.9142352676926,13.491400698911733
92.96809114026318,109.14614726082928,74.54333127665932
96.689640335322,132.66948874932405,22.59892624067998
87.84502098421203,86.39178234600676,44.54806458124275
93.38119573201728,161.27351451427683,10.770262442583332
89.94925065148902,81.70348180370698,45.14002737629596
95.59343999174934,106.47467469326496,21.398364658798872
90.27678555870416,114.2579915583264,11.72063893016177
94.14462245361322,109.384650633911,38.2338566942299
97.48389024966475,124.42585553599704,18.264851744168592
92.42291558583668,86.64651757074093,24.67227826944851
89.32338073690617,127.59088095367092,12.520393780201507
89.70260081423937,125.6742869341568,14.775614033300416
88.82023597924733,95.58545746588103,20.61368342240517
89.55032515592508,123.73891430788466,12.82139287869003
89.41948810925035,91.90852100573926,82.51506189730746
97.23725495369906,123.2330477863746,10.18196201777162
89.25937370738937,126.0929306278506,29.84132969535476
91.56810161486264,86.64814156703905,13.945914723192052
92.2859067179185,117.40158129171724,21.03117061993868
92.19969265456388,163.95693897783894,88.13486116787834
95.75367596809993,124.29249620544456,15.291182500372166
87.57415509685192,100.46935453521924,111.29425308193976
87.99164201387906,93.86045375472747,16.91238640648438
88.89480845453437,124.28030655038349,50.59346069470624
94.78500085688724,141.8960827958795,33.73452902930144
92.55209194947268,148.59747765947574,74.7490176798187
96.11507813949792,111.17965523840752,34.22263614658368
86.4194474955908,424.63563391278336,32.94311219771075
92.71829700459374,127.12214210765372,16.524463240928846
92.35809837032544,87.39643171860456,15.453907866916875
87.11507581973439,122.80398367106405,84.48336186414306
92.32309242265924,153.16997666323147,21.91768575759936
92.43140574672417,126.28219525497798,23.96038300998245
89.58685783170435,123.41401129577926,52.79145606679618
92.51670858567977,92.68368514152787,22.41203285565897
88.4743656168466,83.07374164517063,101.13568260155326
93.03308931209531,123.81411055498484,50.17405367117512
94.1692362141077,121.8380960282899,37.296532081749305
89.10981344465723,106.16831259088936,73.8325350970325
93.51539080190692,112.2298287204272,11.526356412723052
87.54965483072966,124.8157878018995,18.914308447887606
91.49578420755677,126.8863330207144,28.766693464720817
91.312027776789,121.76249966660532,17.723454043901583
90.3131567110384,164.18206550622796,50.86622622906158
90.2616421762832,145.43760505572249,85.47633137872879
95.31538082404984,123.63386226372536,26.53745801686781
84.75516436014024,127.11572483581092,22.56255663674742
95.08673785341036,114.87037044493884,107.75246873502644
87.93401793129317,122.91593000489634,27.655639413403264
95.46820667589752,175.32464332713644,30.144412311588024
93.72757210643314,124.58665110656165,22.99973224271138
92.19505392049682,169.18707881501086,82.08823555486434
94.23916753894471,126.58973764770133,35.246317214891775
90.01081846844119,93.2844854715948,53.08655302251668
92.5634650534318,123.63400872642032,60.1085725120147
90.87643011114992,88.58770891180126,22.549628631724964
92.00473280185211,123.44205452941712,27.05863887649388
93.34336964354026,229.17970350602548,66.60950091509204
92.70433589916736,123.67071607002408,23.541597094939775
90.22760372446427,124.0012664531549,57.38692820808205
91.45165703136898,94.63713108671764,94.90263153055164
90.88858640952532,91.13346050930514,39.28204798097683
89.59199343939883,138.66095467252978,50.60056342731785
93.81051246765917,178.9629196154608,59.05764643260204
94.47707140484604,127.51566756539798,65.93757982354893
97.11627842506178,127.5583576299171,25.07844959753623
89.384702939002,124.53203914874322,11.57872409778051
93.90529164689217,150.7957493653725,25.41872926440569
92.15473051282768,113.37602158177822,43.60331246953585
90.53173697650996,103.57274479185034,27.95422806471328
93.39381969108504,124.55637519310766,51.464666239139966
91.35504102288698,126.29655789675618,23.247496877579284
90.98560954460528,171.7713122722891,40.21471563091107
91.0702041365662,126.33261664731468,16.189323303798865
89.44168458828165,101.66432626682196,51.51325849726944
94.3716282026347,91.76043130806828,33.669658985595014
91.60131495998432,201.7395595355724,16.84710959630373
93.17307534472404,103.28867189606264,20.35557195990164
95.22254710243767,125.96800565164108,51.42233871302194
88.9667803975392,126.7364098123894,29.76824192338844
97.45528034064036,117.25846528812554,17.301590859341246
91.44704119363765,82.68826350297564,112.58498681576224
92.3058581456228,103.0144963232912,47.671145829392245
93.17714234106948,122.3776535868316,104.49087190511555
88.96244658103154,169.92265718514415,26.711587129291708
89.19201788673384,90.07453194963362,29.336444793530035
90.564949138911,81.0634976391232,78.47030515136727
91.51015846868202,126.32866484561956,32.33633063630812
89.18394080965996,94.83314885818724,46.85605123279902
87.75663898116856,124.75368240366156,18.717503420990543
94.0876443581756,270.95999536669933,27.757083043267407
88.4646002407038,94.50060360052576,13.9528413428157
93.48689102545347,240.60813972959025,16.919400229579402
88.2237742184691,211.69723831823384,10.028315816917088
89.50226880757056,127.90517377725868,11.201701486632771
90.75949515843482,91.22364972246818,123.54033918763702
96.91070976078603,237.27260070459556,18.326158555432876
91.67695407427792,124.49833018258326,42.65784281738989
91.86842302324474,125.13637300318122,64.80911059038908
90.8525171852158,99.57754636749172,33.999293845539896
88.98272509146682,124.7777703976062,14.986756033257006
92.90481499033856,125.15417938028332,49.07144148338983
91.2733526532726,127.02322893997788,37.50758364183733
94.71591296577049,123.66475481332913,49.41927677389403
88.325017736496,150.7374035367756,54.05724810000797
94.55503893219957,110.96584324197148,121.16291126435436
91.78078147089502,165.70996948826797,35.568738807347
89.23131296934035,111.20869998385136,22.540152247065336
91.96544672840002,164.06511558405742,41.36334216881727
89.16216030078147,82.96910841354865,12.126863203786453
94.18896021273297,203.09111772045915,78.30673628111593
90.91370681686644,175.44662835515106,13.81390667711373
89.19689336367904,195.81034083176144,21.917892808273088
89.8129778198124,184.30106121822587,60.74310030994951
89.22787404531924,123.09715410911984,37.28782449820377
95.04365283150422,127.4457417215832,25.008220660750247
88.37914811663777,138.38715635530133,29.241452513756336
91.02971837200982,173.7362964722255,67.83714915719341
91.84314768190104,125.78087002468752,22.46566268587116
90.09850541883264,126.8112577841252,71.12589161781466
87.82828845431445,123.17101387451665,12.767881064779848
96.43315426299624,172.64279927909757,54.9904014023814
90.3868198215444,125.67405183757208,66.4270923887604
87.91918085557244,219.88854864410888,16.02010146790656
89.25542688836958,101.45883325770156,26.881811636835515
91.5006539266206,116.6740274368846,15.427667975641189
90.76486990694065,336.89563543352494,46.78697458871624
87.69356544441459,125.13944533754646,32.993981245221875
91.9617399138206,103.64549527840916,40.2623259825137
88.27377940636008,123.6681235772729,16.562856207861184
93.13548931761926,93.38292383525818,17.13804193101084
92.17238835482692,92.3580445858368,11.271487786399792
90.44793496311468,145.08122802385014,21.661228163089607
99.34676170742516,90.181532158767,34.6120121571044
89.79205256600041,123.56974130541056,68.5440992278192
90.89939328257276,124.39608908095164,42.98184811700967
95.11063468434686,86.9945115567433,27.14893753950105
93.19106934424994,123.96360309464583,101.80499721593044
88.9551765592922,103.12511502753313,48.10820771497925
92.16674997228972,110.1367645175787,89.84868601336827
93.71221967258543,98.97579210190128,32.49711208607966
84.60340219079028,267.1148364835734,18.98876434643903
90.21550871822475,84.60588415879565,11.628195675955928
95.75887555424045,125.47187023530874,48.84810692506703
89.48867486460472,123.67307182751512,13.87945445052656
94.91128758837442,110.0302807903966,20.81941876712731
89.31546464239173,94.56076708216862,32.80881109192582
91.74168738496073,123.83102752668977,34.93206906852568
91.40451499200168,124.34631412290602,37.53249364741749
89.37748404350488,125.3761242906688,15.454842249873089
86.81655194986327,126.40218660896316,24.32837050002287
93.2674377435916,101.125744575784,38.80682616521109
89.72569316552905,125.77817358315384,115.01614619585388
96.28020275638156,172.347619809015,49.01794059929589
90.47059364142368,122.30466332459014,86.76451122490677
90.85360666110898,150.50617279239515,53.091280114250544
92.37938253209296,124.21324979656583,36.87383924152206
89.30672165129741,126.03554510726768,16.396664292332282
91.12183212625033,104.06916855052044,42.96007737903055
87.09079001177716,92.10218480782125,39.29552214891076
93.4269991276772,233.0356230360009,37.674483678915735
87.31851863864317,129.10932335070663,30.18774324080186
93.37983724957353,121.18736121917712,32.56505116106088
90.37996342775456,121.87100465687516,22.213908532665467
89.54166129981171,126.65538647685932,31.97614926787196
90.0729314166356,106.38399357049974,16.602792724045017
92.33822902870804,103.02010416691786,59.06951398065129
92.25447833673825,100.3318513821342,16.16562817261667
90.14412024569005,83.68308060435777,12.66383118203189
89.12450189514347,104.30696009863075,27.194120187990457
88.21032753831099,106.63213642936996,42.21531676413662
85.34146862536048,125.16759535637428,27.272490572902203
94.30016911435354,125.66569276239312,19.72018144526429
91.95562158122108,123.7159414135381,34.50498297375565
94.32820502155931,126.53126879716572,22.785451784419703
93.69234763896236,110.65714746871237,91.03269497995622
93.76966966697827,107.36401068226664,86.78055602577122
90.0024091841222,125.73517282365437,30.937063218154496
91.58525115527893,125.07566384370004,21.91972976225372
88.73063330616671,98.05520105895528,50.08314546132488
92.62620194377767,220.95886121267696,11.122114777460718
91.6297679500874,126.66978058924272,29.31751374006345
92.42250894865178,124.92667875260511,22.29880863135252
90.9392165173169,132.82751162459502,85.9734923249348
94.06236324147778,94.48055750434116,10.362269358404202
89.9233910158118,199.40644169601944,34.143478654695954
88.82606532106468,123.57569191292652,50.48887436025902
94.98526100194113,124.69670382372756,29.90869918478557
92.5671916569422,85.74014463812706,12.678153425958062
90.34229003517063,147.65268013952567,117.76498780027768
87.13192251019184,124.56001063302688,31.894984210745484
90.1320468751278,123.73484842538878,38.57201572578451
85.74522380175539,122.02488598917968,18.09957860223878
88.87127533271594,105.1895383358599,29.820288489654157
90.0452217422279,161.33220524232365,26.818837326584845
92.82239145475612,104.3621261185503,12.335468337036469
91.15020954352748,123.33105581717078,13.366866588426644
89.03460836335711,125.690191842622,64.50724544414575
94.18113761843615,87.52546061065934,18.22599906303964
88.49377814380675,108.49249455424156,16.50583498778147
86.20041829294459,125.56587620667288,31.09055938145048
93.39133152328486,114.77146532239442,53.9273049324304
90.06499035910596,145.21237923154445,11.918449454829291
93.0342388519689,124.2037768380003,35.797873369424
89.27380787852292,124.26590019876976,13.80809649189936
89.30551950882268,303.65621009908455,11.11427101809254
88.16442602973152,125.34896179643098,11.625575334308788
91.67305095757524,123.66239494371504,63.90269749845436
92.91210013065792,102.85471110797002,13.765960772841202
93.61779702320908,105.68999264456184,11.386073434904336
94.88594067667756,84.63043081515896,27.2822592458959
92.5018212190896,155.46456117530772,65.73572278247977
88.67117907264691,88.28792937503611,19.130948896479424
94.40412522093878,126.79199544724396,26.430529970836613
91.58191180162402,127.31468741452224,11.222239075895466
93.40833980411897,124.08950311955232,27.884889216254155
90.17846484189184,142.94930667966673,35.85500543461127
91.55266544405144,86.08805903907034,35.38245176801948
91.54227769815236,151.89782859608445,22.123182108403505
88.45707701768494,125.01178555028535,21.37345329206626
86.72430155544411,98.0813902260498,13.382419226463922
90.15219752840449,112.1348381005516,23.70898896427871
94.85394037891572,125.34388247327718,13.143975825944764
90.50434809141572,87.97995934994628,53.64952553318109
91.18553219695671,122.822898886754,111.68485162658772
91.0442976609217,85.90655055585445,115.27128613605711
93.67814826998072,122.82776378169636,70.09021903956483
88.23503119665199,116.2185745821562,37.54819206265849
93.23407154086613,126.235207392587,46.20587900026291
90.7376190698062,82.25841153599852,20.07281840912502
91.14378604085316,187.9639040542852,39.89009982561183
92.2850650489232,126.79814467158482,28.24486086856902
91.0344617368155,169.6773545220708,29.734405352673377
91.92137037478716,125.11004990072362,52.536840237212
89.64635789509632,126.62415050598187,19.935160165934978
94.1603569333314,125.71135941104856,21.483511134669968
91.47935742750994,83.13799798615051,87.56507249881038
93.69730112968924,102.87885448292386,11.7360022463748
92.55841322627283,227.334677174743,29.944623544719114
93.49836021952176,89.35486496657853,83.1868038129571
93.50385049440511,209.5468830512787,38.276192877673
91.84640550139932,85.35161727529047,33.71665367187903
93.51369815174392,149.88299912136728,18.620231087511332
92.2726883978025,102.33345894625614,22.61471986235781
96.2417652784093,125.06162107484856,67.32610577660361
91.58250766796922,125.35975812868352,34.5761546729633
92.18699879372048,80.06824425314365,31.692249100235895
93.11125109192508,124.65958987113252,13.146809191175295
89.99184717625745,113.50203461180912,10.484739898688252
93.3986491606934,85.99359300745253,109.46588787342384
90.21085276335045,113.67801352045524,24.195596711478043
90.11177002489822,107.9168194931342,37.73067468132368
90.04612549916152,164.24945607531572,12.492158614895336
85.56781684858686,90.14310476738522,44.47642278683367
92.25985101878852,84.62529290679143,90.89849340690472
91.30829695568472,172.52189343487214,35.71697912775748
91.42826370887114,98.26721606180531,14.04420579491292
92.48048548728546,174.86173426773777,36.14823598165014
91.17087901518704,93.35119401767666,53.61757246771469
92.98278005674749,122.72539768483968,25.64732336880641
89.6783890575175,89.79445993906221,73.5673704693119
88.33783746394734,81.298362219944,41.38198589284275
90.64540105025652,82.838827839246,78.85307024888151
91.6593880306691,87.11264012673645,39.3055401622099
92.00082209277288,83.98961497974999,14.2223077552277
91.9433638883337,91.3769292109011,21.11850957023484
97.1283077592179,175.6997377525321,16.76169272389066
85.8912255114907,124.833717095452,81.84972907777906
91.9822106613114,128.29706581799138,52.86354080720343
90.22548734714611,146.792589869092,43.84726160078044
92.87230670075364,83.41910444305861,20.74169062790118
92.35380424219206,102.31060392392816,16.101873796957385
90.61251553097011,124.90867395692618,52.37312457847659
88.49081576137687,217.82621374190907,29.28263166020041
89.97412638795085,132.37820705866665,17.677346377100026
90.45822514637987,124.09170398635304,38.76201323165312
88.29163606080793,117.13544760307796,11.235094529437818
93.65715638542932,89.7680041271235,21.84333407630217
94.58147443512922,126.42842382582104,28.964779612704906
89.38022081308755,134.93496809698152,14.803595491633205
86.69772359281208,92.77283274260388,135.30794641691602
89.77604316995586,106.47930940531695,17.037412278878275
87.4407742089539,92.48370679601128,14.190041389998562
92.71739585846105,123.18376170850514,16.82715803511455
89.40791512369881,125.97803534297935,53.96806747594876
87.2187748385877,93.11754794485016,26.627950975589208
88.15157428536911,124.5250992348652,35.00097666002583
87.706867661258,101.69125516426868,10.63698969709892
93.03722963477136,160.66287831932866,11.05114101045802
89.21786575513501,161.5072446354477,27.70827249381821
90.78396808849874,129.59281646080385,60.89160944666738
91.37677299526668,93.0252397239442,74.9470755146967
88.375680661899,104.34334908624486,12.720941691128598
87.34385354377523,120.00476974634684,33.18929896579151
90.57738172559968,177.3183404906519,83.33472170918631
94.22366715248344,113.418243655829,24.72935435509145
89.83331319952721,125.88914089792335,63.08218494705273
95.99826130094245,147.28896104184474,14.305569814655689
90.26809064105602,80.60375866639878,92.18366717713822
88.54737684104175,125.00011430074667,51.76011699051769
89.7216768201966,125.33485756794832,95.07704894928402
85.8195846097244,106.70355107731412,43.86755865755789
92.3216558100342,125.45735665482648,23.548598221459315
90.41602789633184,124.39434152509072,93.50641927635635
89.24314873391677,90.048027920806,19.670970708638453
95.10740783241756,154.717116733027,22.11176216084567
89.75744050017083,87.99478875282657,46.20013504930501
93.17033706079096,125.51851123452349,53.4854988063027
90.83440217330283,167.77417247395766,89.52323446017414
93.39268997223944,81.75339162180246,16.87493959424821
91.98139202111912,224.55293798842104,57.98433564972192
92.48963264579292,124.34673078272228,50.24491370210375
89.98949726963028,126.21687165151288,11.977610062214705
91.73687734761536,97.49053229871213,24.692632730208544
90.2304651844604,110.48112670089502,19.97057124407946
88.10503511701765,81.82597407874027,20.893314991317567
88.61799143780875,125.2158744997358,132.14266224035916
89.85797636515875,337.0012015667354,40.881885995194025
91.700391871927,123.40391654980304,47.94101470915831
92.600739065409,124.9485859540478,122.67319816682392
93.6651218550898,99.8050128182052,24.205981030986223
95.16443048872304,152.14019993479806,58.56044031658613
89.5407976689322,81.88500548223445,27.102992163373365
94.66089211610306,174.13503275553916,71.09920321250223
88.26519337782275,201.8847942010764,15.977594201476894
91.33391917504186,306.5533068914848,98.51483925875164
88.22732627026447,197.66103403344948,17.406635952505333
89.407742402985,133.8948390660829,21.84557149875006
87.64015107848091,121.4114669801012,52.34125626704776
91.23910331615494,135.50412780706904,25.014139530971107
89.02933663620938,122.63943519657604,38.11098433214664
89.67212026677441,124.57389769527224,27.640569814400852
89.62281415941932,109.7517896658304,50.68691763151863
89.81947603836767,109.92569342770793,17.775997132570158
92.8706473428921,133.16042388011945,11.807089259767915
94.14111108850352,126.34479058496736,20.69722264816221
88.10947817919462,118.05223374191208,29.291231614814684
91.18746549270446,81.3052273673373,15.518408189334703
91.9353050528992,81.64871857796965,23.14572195878068
91.23168722804245,84.79216112887336,25.323919639673683
96.50393729784246,124.2371692951238,11.773138346091606
90.6378092968526,103.83331283363192,36.26218404866685
87.9673923454941,123.98489176894309,74.71390195116774
89.71473022227089,151.2682313682659,14.937145613474089
91.64039080519032,87.18165408723614,37.32477177292847
92.23456650613498,125.56366559442166,42.78539671665917
90.11558956198932,81.02543708108605,26.30742190407804
91.600031098993,83.42127298915325,46.22914414028293
94.83485587018274,97.97491853047458,25.86620246864955
95.99765191163984,126.31610246279536,31.07395099552186
94.47507661324212,104.93450633929078,10.22140634324041
93.87307391779494,125.42451497048812,45.302415649090335
93.01959406159892,338.49464920057994,42.48299605605408
90.80177261924824,123.4641713219591,11.17472882687852
90.9514022022923,222.01907837257045,23.77785108130304
93.48669970069388,176.96821250519943,125.94250660211569
93.43602691826116,122.3708304342229,26.37993753868557
92.4850433157368,113.77139122899382,30.91136739150723
93.83729169102524,181.28842436615173,82.2150966745745
86.57461689957651,140.0030110505893,47.89702498484664
92.09027218509074,88.85040022478823,36.17324915028397
88.00573915274985,92.66420136128067,57.95563374090335
90.56010781009188,126.81694719005358,69.93391485898005
91.12330116244442,100.76756147375538,28.31319552677945
90.33322483562618,126.18144480212248,29.336903412695087
89.18386379018132,181.00415969017016,24.635299340914138
93.30255153031209,89.40810106029483,112.0714685180646
92.61954310799238,199.01100063522532,45.837139542639456
94.2711737356507,120.01296112301694,12.606732784440563
90.41077628371038,96.43699110571264,69.6243902869777
90.9021476846522,124.35129917697957,29.650115706485323
97.74973520732954,109.12772684159192,12.136951123397798
90.34012788951492,126.47878507536528,33.93638715009989
87.31832671132285,125.57328022245802,26.195497433777295
93.36597281913473,123.77109829424217,73.05046847318853
93.61739249654232,192.95710499454745,16.844479413266267
94.0735195494721,176.52798520911358,62.54121161572433
93.89087106562184,139.62909291655058,34.47223978706272
88.95822791739396,93.24042067795436,11.684741768222915
92.90529513845377,126.96169816321677,117.10123068135891
92.45221422863644,252.072878804838,31.561042439532844
92.94057263876604,173.82195178981607,20.311782344652624
90.904790809091,161.8842839480469,29.012791965322798
93.8152367085048,125.76053243905064,68.52781594141686
92.47060942026576,92.96654798392105,20.911121612713952
92.11375670302048,124.38734749876826,16.420920862301188
90.00014015827686,142.08779078453918,14.145853134325456
93.26989532278324,171.2117801107393,20.608648234530904
90.8821132232026,92.92903141609642,55.43039001928156
91.8750616848284,93.45675937520168,29.13854811581648
91.00177805553714,93.184479869573,17.742983695145202
93.12458336632666,117.30922781517492,15.452311699107558
91.6103696802686,123.8077671584684,22.136791985488912
88.87880891184547,81.9038939550743,94.3645317567342
93.61626173936392,224.71349051207127,22.60335759269224
93.28900212340082,122.33706437503228,142.99726353226947
92.35511268023149,185.82014294399323,29.92107896180724
91.81180993909165,219.77492293481893,15.922955390009498
89.19587998870061,125.03486428102912,76.53080407605304
91.30167832060889,96.20671594512272,28.505333633903444
89.52025057115873,157.38898192002102,47.10225098317158
92.4540535666971,109.7178040984974,133.51903150336966
92.96854509669686,144.5570397091971,11.544336721257586
94.0071821957422,160.710583083222,13.05083596740556
91.58208729508053,83.02874981351763,48.23794681629619
92.46439423988252,81.85952663416893,19.931260348900643
90.34036505847097,148.89028828460488,16.11131053766032
88.31766069753691,83.32847949752902,11.204725204600004
89.65457994288361,128.65480163454373,10.66266655056186
92.76079232748714,92.10482202083962,54.68113833457685
90.5211003250144,134.04588611316348,14.33112967620113
87.3033846840024,88.47633092529313,28.917603086161147
91.02877220587642,95.8900160740453,37.93427540692319
90.38632378901865,250.7288814954869,26.77694538322185
90.77680582576691,143.90769514401785,10.824424439809157
92.28493015104983,125.06286747477432,55.90515015770599
96.37756058071942,122.77829550239748,10.317066367049362
88.3742929605238,127.13772680619854,53.05066250872831
94.91605383673011,219.18540624747345,77.13328712991117
91.4384761356603,129.6871859110047,27.01341066769282
93.9949556627828,133.71130249679513,33.006554896750494
92.2325134201166,124.08163576600164,29.44426184032661
91.30126914577706,90.98220071245385,24.789994483680157
92.29216498860173,128.453453860666,75.52394456539909
87.5866046241436,85.28194844058616,77.31067371051273
89.96262467933566,150.92442436613385,22.27589825399118
91.78359157422727,170.88783375375206,38.6407942110476
87.90186326733357,118.01406465004214,88.48091100716444
91.35280463261418,123.165056956705,108.15129253735088
89.00679698305589,83.15490069995917,31.336832018137137
92.32723640627344,142.6092494183657,28.08958734987242
92.39047618225884,123.90966993541365,19.80076777564578
94.52459978366522,120.93494641905886,105.73189122828224
92.1310588596575,124.91626403692788,14.623021088834037
88.47405703845199,103.29079094758738,36.01284636078098
89.80969169899606,124.0137084102285,19.961571791861573
87.99069892715455,148.80965176073897,19.813829204956967
92.15451203754763,120.90131410611716,25.574232415130343
90.0241562314562,123.73418516908951,211.58692484571316
91.25132079051996,107.36148399463248,11.696040939587006
90.80592569844852,129.71212369144047,35.92104157845731
87.98094468867275,113.4515782830042,12.58544045518522
91.96889863546758,92.9076109688234,15.035552417369288
93.33434477482014,149.7886329475128,27.371150156035785
89.3984956583102,127.95803763241702,31.4286811785775
90.41733409159453,127.46288055385568,18.98423626797262
92.98421227665176,124.5317610494404,21.413977143303427
89.36811911431631,88.01535702985929,12.729498299421378
90.93026180290757,91.72125034436394,20.838557388265585
92.28804688817571,153.24517204258655,111.93867467837526
93.59195614669686,100.8771167408635,96.85347590485972
91.60465351224222,126.93828441664697,22.233556981672947
89.30450169893527,123.43254193935115,35.37873829383567
91.8898447289856,129.70750749655883,82.10380088792787
90.07207532547191,120.3182575672112,10.18609064985819
90.95498748120704,124.74868586410088,59.93006298600572
88.46432223328964,126.38838653875077,98.90931154847904
89.0117054585676,156.72863826560294,12.873057778790256
92.63639251206745,104.31283614802972,15.28234929166588
91.79781295390738,124.71363040581905,107.13128926845482
90.26641398923938,159.7679603192422,33.135865685708445
89.0905366669743,172.35261725250712,10.428951121285277
94.27178506097589,126.12899634649077,18.93730600665477
92.45986848154796,92.93214766827698,27.932037867368628
96.5508275788842,123.80249735006645,45.41832605931914
89.16476745341838,141.29363265831262,49.63322404701145
87.7664960925232,122.74009505922255,171.59160005491148
92.1219887878425,191.2424671899629,20.1697325618864
90.87030686083963,102.02598153353928,33.1800073717266
90.7079585178614,107.98848651824406,32.86357250183397
88.47773804177939,134.17289019173475,25.60836794675308
91.26508854424232,144.30290871349496,15.559609636233668
89.70007925341767,121.10828358252624,123.76933917034208
88.78248364082609,121.25681105192564,67.58448267663576
89.70817243833085,253.78976088822483,30.694563472483036
87.4240948462323,112.90998913651984,37.73312147841668
93.56516820503067,113.23958027246226,17.73442006774383
90.96643264210996,111.22231175476152,33.54386882680305
90.88183180476368,125.972065278163,45.62036748931311
94.40377482926314,124.660799279529,31.718525073577684
89.7730776854654,95.123794310394,149.02305265691012
88.46790829562283,125.17483156755752,38.35163844956622
92.58133020721364,147.37971920217407,23.90746692321053
88.41694889838614,105.55303540966024,54.37229980654919
85.87108996855697,139.35872871816554,15.606609291353555
92.68514615016424,125.12025773372056,24.560380784291
91.72512092388416,97.67722564652756,22.78345865661309
90.22202442636625,213.72624361577087,26.958828898903505
88.05959346481856,126.28724951937774,55.6675225920528
92.51423069967416,127.33639081644922,29.85951710162469
89.99374764137403,201.2861420179497,57.39847778725347
93.08803671798348,125.90874900737988,35.77526687481754
92.56907946322023,83.80735986884754,22.55967631061572
89.15772657290081,124.56091092761258,59.81858013187258
87.93529100590771,134.1475117957312,18.16566821955241
92.2381186784258,128.45519579796203,17.622892338853116
92.09131334930812,131.5246998389058,31.06581479350492
92.00597226853472,127.58534321282266,19.067601444808712
91.1511105986153,129.78378256374117,10.273857216659696
93.61044866287592,272.3145778998666,41.34909126446554
99.1527086676392,125.42562179866904,31.46754015601725
95.42270965348172,125.63495291965724,27.691617995111148
91.8485568107382,125.43825416820265,112.30882209720484
93.1315178927092,124.57162558910665,35.402882984673774
90.61366550430829,125.948347493792,69.72788584991586
85.77920029026814,99.79381704820392,14.505515012434222
95.03625394754776,124.66346963561442,35.26379009302427
89.4678586041865,123.7156734743522,70.74397076073124
87.89799334368,154.54896255967606,36.24768111787129
93.87229715513637,222.1148820853928,47.97695459062184
97.17961186027968,90.02698987956285,23.95853471253025
92.42613828916394,125.48072485750647,12.910182573431555
90.62520370991012,110.0085224793679,28.36916011391317
93.84364845368268,87.67654133323694,25.050000399054465
92.06615227189369,126.68720636028276,70.5357625677646
87.95110779823209,194.2165007147809,18.391230670072854
88.65283789133866,127.33046092916469,112.09678793520897
89.98047657623391,83.79391561900849,105.20138940077317
92.15131085236412,125.12489621963186,18.5358771586535
93.20132525419956,93.55563831489306,22.833712196365475
90.24851018069609,126.58352397351727,77.77305266140935
93.79962610152003,97.79185198024793,111.9959469009373
94.79000757280971,89.06447858305772,27.579360561621723
90.81017812860011,166.86227045906986,21.61389401165721
87.67458269837104,125.934492052663,32.40238951456614
93.01171429867308,96.28674014948176,44.920379243387664
95.7139935467972,121.35908163330204,19.584451538697778
90.07140940349794,147.08149512412348,50.00800336240646
95.39527277087036,95.18186648081742,11.591182131615446
89.72073348317163,106.68269148432591,11.516527924367129
90.83429205543575,100.17454532773036,24.64687107418749
94.31060026035344,115.19233652767856,23.0842184609962
90.54925320845368,86.62234205012541,21.377838107163058
87.76951921328774,168.09925014817577,30.26038268940681
92.9302548236406,92.81550425811726,21.60225581949653
88.0427262324732,124.84336025966752,16.405374323289855
93.5296232422008,261.69386747699417,21.10885621917649
93.15339631644608,122.72869474888124,120.5517303645666
94.90170258829616,138.4717407250494,25.88565017312317
88.98342140552495,83.35052480745166,27.648093397851905
89.02447432986828,125.60924062045105,35.77924012552251
91.17955431718995,182.35327399445504,132.84372299830204
90.14729627278128,126.36813950410486,18.29638033320325
87.14782913728514,91.84121827177204,44.3034677952787
90.48051872979924,115.18614885746052,47.76181438880267
91.3158971932349,170.95735825849573,38.04314488116408
92.47434932536208,84.91978520820642,12.78248903202392
91.7139011050725,124.2580367392914,43.89122809141864
90.67967869463874,163.3755759742494,11.987229838862689
95.1348627560363,189.63105572152773,37.200806689548045
90.33625399229226,102.9349648069848,50.36392261496206
89.6306730663414,123.0000733326072,17.108523922583874
90.69231347084532,157.46866905771606,65.28312237285382
92.62529491263926,82.12640688221418,10.92472065980798
90.01774363573698,144.5383927648332,65.7010119620252
92.5288332556166,84.8200406953361,28.503870345909817
92.55973687234186,125.2653428373097,17.361212385475934
89.57914175668702,124.9994525913844,14.308426588581485
90.00893401641822,195.6376672261285,101.92493822524054
95.89973511841296,123.76663064662392,12.263230945717693
91.50576553228495,126.21109413442512,16.66032903546923
84.70831523688143,99.31225443751518,22.823148427221472
89.35729864234092,85.2882676832365,39.04606722696692
92.7054251067142,159.61543633176495,33.610623410411904
91.07718055046412,80.84007391539785,14.028012492345391
91.19990679041317,108.46622163842017,20.26321782470812
92.97570454046054,87.69768036782881,18.18387359531566
89.19877572717374,125.42389233855369,17.206511366779978
91.5785089976134,81.80404361156802,25.88722536422649
90.74217313940072,156.66373242047626,46.52506267178608
91.76960268490308,180.90138693279653,17.35603623567084
90.28927503610656,239.23752919009425,23.70333059269595
90.38589500271178,125.58202564188925,24.87404297061181
92.3508476029873,111.86279842974396,122.4672026610027
88.87997487652687,145.90424316658505,102.81117545162776
89.72665633496909,101.03958117597962,58.30378188747159
95.1799878703317,85.98771004730409,18.298660660389714
92.5037156712352,232.30909506676076,12.113875050312274
93.38809721761402,252.09191798603288,21.433602235957864
91.32425332392464,126.0397142293307,19.30987987307087
91.5701629726818,97.73377337518424,31.152087128218582
89.1519240132556,126.07384585939312,55.115590517689306
91.8655121636679,100.410517947463,68.6261508639293
91.87096092881366,105.78127784494532,65.90361033904065
93.30564892860394,127.179764973634,23.37340886463701
90.5349344886178,116.50627771587068,44.86903210033022
91.16384487074023,120.97339249376846,21.25539019356285
97.8634512617894,95.85081707824196,11.885176356976787
91.29676313692792,95.02700336478952,46.27612045875467
89.12696773610652,227.1037177605888,10.296284850977605
92.52674818850303,93.89456753005302,25.787447678204472
91.58748037699615,138.54421455522527,21.98654595314536
89.00964237200859,125.26893783855856,45.46414166024415
92.24638126435754,180.303581808214,53.60451229392576
93.738583652586,121.15254805062224,20.876247973472537
89.5322113669321,125.24972674113508,60.07993947682406
94.35509573019156,124.34281763991352,20.44066436414163
89.59468606757308,125.21498771575232,27.735395898087933
89.15400007007611,131.9390299849911,48.95054051862145
91.53197520776904,85.65965397641318,45.41943176466245
93.03144904575376,99.23093978458724,141.1467817859197
93.3096220792976,126.4935451857361,17.653001331954265
91.9881130152776,84.36171795848142,42.5695119615222
88.36670414645299,81.67633448928906,38.22379757469491
88.98521459133457,109.66732956724424,83.98788945831852
90.36294628243766,113.4283939140049,15.100958627340354
92.56099344360835,130.47352268974225,51.80539021943432
90.21915739924238,124.83539376408837,35.19855043157046
93.66299795939076,98.38359824682335,19.63368583111057
95.9434577989899,125.4996797364945,29.29843723716318
88.86273655785435,86.56374766172056,22.183906745619183
91.32595934502444,126.2977841041292,35.976014415912175
92.6593413136369,89.42821857367126,75.94691741559313
93.28424734814052,127.10750367029834,35.27065179417556
91.7515327462736,94.5359768543733,39.96754981382198
90.9165056994859,124.33335125830268,31.940917595868186
87.28841785860088,125.6850632228836,11.575626894181765
90.19318157637876,166.98914240065486,17.952522512917664
92.72123603486988,94.66488902323547,30.31831707409941
94.57563047188587,125.877119736261,21.142141914274447
88.39688764118505,84.90427048643066,16.01811951519975
94.3491156555772,107.41231565912447,31.04341643732747
93.71163359559668,88.52656042781385,21.69409271515007
91.67615019074692,127.58987955671908,18.95653354002856
89.23384188760468,101.01732761350011,28.707817360404174
94.69695737683564,266.0822431913375,14.291326598620728
90.97665315087912,139.06402787749025,88.82691687860824
92.38682148528687,104.77877676132182,70.68097195825696
89.17989951176033,179.73158232834822,46.89108868762922
87.61049560182461,181.1317305535501,13.368661394938409
92.88155991781124,127.94371614883454,54.86684218273012
92.18233850098744,121.19101762171216,59.50113046647727
92.34925656063804,104.90916621759244,53.80011528506634
88.52458473092685,124.50309748179762,13.629994809864735
93.1613895400384,128.19684137912725,40.97698101955928
93.01338644888057,162.04961375385926,63.93178024508817
97.41517441135136,126.4353441332338,35.836567390197786
90.54746806144982,141.6423114302484,41.188294179450125
86.92847046368475,126.31758950030766,28.3948038628197
90.10446896476174,126.30210856847386,32.56827929306921
90.21691403801874,81.55868446268674,11.049449302135589
91.48144871596392,133.38553905355062,40.56324681064325
92.87370078597657,105.13236572094692,12.54867714950271
89.827313027484,123.99849177387254,27.128661365799253
93.84423638289584,101.75416780134243,20.387106784441063
91.20845949046615,128.7911358017607,33.65196557624965
85.88280596611162,117.76084076402353,14.295898599538829
91.08739194299604,92.6826652000093,45.29495139774256
89.6404277979661,127.01561516702736,57.54404737381701
91.5312899901446,125.90461920559385,15.350643237392797
93.81641675720064,123.59714992036209,13.304930647582758
88.27001001887848,124.25037805084388,14.717706871295436
90.78548489666888,125.68802341706646,72.89825651091749
95.29498086114224,186.1690100304753,32.53532056321721
90.23209794615777,136.62546450814196,28.89170944916755
89.6040845913691,99.44275198929935,13.385381175820475
95.8691634543748,310.2112104551196,41.45663128924423
92.45134987681368,124.49811805810248,70.74850794090042
94.75781057816874,127.08318410920896,62.8402606623338
89.5010287250906,87.7382346130327,39.50937318894998
90.14035079063676,184.5168586913059,12.347887065201824
88.70847242700637,99.93674511485104,13.57692215937582
92.4824769573606,189.4934176344672,11.516985304358784
89.48242634464332,95.3120436522057,18.9311325232329
88.96213526538338,86.00394413304564,14.373722995102778
91.54369662161228,126.3253794067249,19.03510042453941
92.05643168333472,147.8101728131322,24.586822455236906
91.02520361725726,125.46094227251656,95.932060687327
91.49280779577757,105.92222955393297,38.277197827080336
95.08771549244511,97.56507340525124,64.04952829156251
93.79942174130154,126.92223809793468,47.17261487728351
91.08332335680548,120.93628085860188,13.580508549782158
92.7876619671835,123.8860177556841,49.94514190801997
93.36291430571396,124.6669982820666,19.651600653598397
92.01821841843416,131.65533430042984,40.57528331260495
89.3022855004063,144.93681540789555,22.50922129068932
86.59868792614928,110.62630820945844,191.8857652510444
95.76044842395436,124.81815140518692,19.177478290184187
91.29585367294736,126.09843581987178,19.81891348450361
92.38984746643864,124.53200986079229,90.067303008132
89.00167280315713,121.10333145728384,10.748594838473949
90.6254747706535,126.09329583855416,45.78989671726352
89.21257289405085,125.95665738415278,48.7651528483952
88.69498477024038,92.85094060065131,64.30599755385458
92.02586223646708,83.72133116603067,120.00099038532412
92.03721305855773,92.39249180971862,121.3975241121259
91.5091754698496,125.07075932629074,12.025143727198412
91.45040755908326,150.09533388496482,61.75208364094636
92.53094841769516,101.80990990039476,41.18002804434899
84.39946725234785,145.04576347874644,41.26770733698085
93.17823484645884,99.07515048995052,14.121016828049916
96.8579527550402,99.8162252596903,41.51071086423335
87.51250568208842,112.32235438948774,131.33678496743727
86.42832225765288,121.78066742940467,82.85076631395503
86.97176415137568,123.658106133813,27.348019226409907
93.67564680554553,124.86677514607204,11.223034044852158
88.25259779167718,124.41146994590748,23.496313514539587
91.68771470665084,125.21140563551398,62.52837008681727
92.43632741640376,126.01393993507114,46.269470079611885
90.7576045835726,170.21388529503616,28.449142746536623
90.00352750851201,205.57607855400943,11.700334056204996
90.39216025575918,124.99691629054612,26.70057574197361
87.94324340292542,85.00993616631926,28.991206788905345
93.22609127784496,125.76425003922904,89.16504444674199
93.94380363170316,119.6091425272259,40.74018286323984
91.71116545451063,101.00665250479034,21.203862599507296
89.05378067046334,131.3863892002879,32.35332189822307
91.05285179338104,85.27322074201932,12.050141757709572
90.69588193578736,118.24683268082862,117.8816096254384
89.70835000778905,108.82393210019652,23.39142111326889
91.2578053867533,124.98004501854992,29.495008420540152
90.48532124737343,161.1729047407934,23.168359878054414
94.03752328431656,126.77242122385351,44.41943219739273
88.92317459075727,125.8893373637249,42.56189435374297
90.64910456917912,125.36899430044566,47.69192958450222
89.03163451509046,91.84624694323978,19.365113591056613
91.06884099826728,117.3251759159177,21.379384063499764
91.83966540478788,123.50916981478822,14.014556653135909
90.53460577914504,125.21978214713135,41.97070404398948
93.39259211755363,111.40157020655424,11.218320734630655
95.3611411541318,148.7733016569281,37.3153987682236
83.01424484177343,102.40463879489393,71.13652639733175
93.42160835120193,82.00038188248962,76.4460597181517
91.08203299603748,92.5103593592441,27.882670083836288
91.17213124088198,93.78131776279204,28.4469251139814
90.53338507096224,123.1359957825742,12.40277971539033
92.72090566131942,108.52341546902964,43.329507242871
91.35697372752328,83.710352611356,61.65459400550005
93.20899539501973,125.9119918606176,18.41742258260026
91.23671153621612,84.77296227503975,26.409177816271267
92.5532109764906,104.88659334599528,64.76060509860721
93.1469476919024,184.49289093392497,72.8965244630638
90.88104925645489,124.73270779254852,18.35889425365331
93.11437481169112,85.56519705991167,33.993297329981075
92.42929918461964,149.7108421221579,16.414112252096942
91.66445867851012,126.48153278033746,13.22350639799176
89.46053150709209,85.48597867917387,82.61421324670957
89.09424145556025,118.3895651138174,61.52865634704179
92.16333995449588,126.21942514665687,52.81785371185475
92.79974678362753,80.74329445837381,11.49986575236704
90.38264168415344,110.95187152691558,65.6848681876391
93.00224060093508,114.30168142255587,27.28995577125704
89.4512399718947,170.4309339440294,22.574530580651277
90.89926011364376,184.59631771753408,33.721236554569344
89.74957004685818,137.6585974139823,12.873965985639355
89.56794473078261,124.37185060249487,52.3972108909257
89.17852302192985,125.08394603685646,36.19945726964861
99.77079660564738,97.17980307569216,16.19560331816388
94.013385692992,198.80013645059603,16.25622820064831
92.41062070914909,348.1046030456367,16.10937071557523
90.20934519023623,106.56291566284096,11.760745846609586
88.39298938135458,188.65525773778285,36.58728546094085
87.3926996110669,122.25209415448168,65.04279834532804
90.79653671614513,120.52935187195897,10.529593522474965
93.49706488743188,98.94846462219408,11.507383022522507
88.5726931050897,80.99850703434927,35.51300250138568
92.61536177577509,83.54476911822418,61.36001793449528
91.6816857981936,330.37572350509726,21.868661386865497
91.56326033400606,102.85175031826472,22.90569578145552
97.830899496741,89.35829353851162,37.21595308297151
91.8859600836928,123.42188125543196,19.61495628602588
91.74458090897971,90.61350003105376,10.809063289489954
89.74448969299932,124.75055229182006,49.86664472431868
89.55136245573968,158.31776845414535,39.47691573238727
88.44500500521083,125.50112872243812,36.07906562196598
87.91166413723563,123.033772119609,50.60716410036997
90.59283948272736,126.35882973134932,43.73921855304647
92.4975363886231,125.464818684334,16.915695978428044
86.53319312017894,90.28856589920603,23.038216441206277
90.85857477951568,133.82432674735543,14.04402794485232
89.22013268974247,113.64653981623285,14.172931853339271
93.14375333740747,126.19112266838334,43.82848303559954
90.21778213915634,127.28655513328091,68.68489846344116
93.2916514241285,124.44863294116024,108.68907688212408
89.72719393069426,137.6386087173052,39.693849160623074
92.38377483792776,80.37043091274968,16.1039530754004
91.20071429462362,125.52906926918818,13.349754033998128
92.3946044542355,127.2938384036254,60.275501075944746
93.71899555332617,125.21425856457068,35.93632514746346
95.84639555009244,244.31190564641884,38.89243231527973
91.5023136817095,125.04230204907752,55.62387317960883
91.12786395816464,123.5317421703928,46.44871008406067
94.76369389129503,115.19925250995855,63.95595602112111
89.50399068282941,127.55784593699146,11.735671998397894
92.38710900879984,205.07915624535264,51.29277289887711
89.72904127708667,127.19003109494612,67.0846376529611
90.8487328171045,83.55616678465036,20.111844088795863
89.39396329389322,82.64975487804732,40.68683343232789
92.86711689167048,95.57596092840568,21.3134177148018
90.6340503200597,84.16550319757269,105.08191013805744
88.15484748284607,200.9814700672087,11.019847204854605
88.06384837254892,90.42101573273172,36.01022380998984
91.52695668455944,185.0744483654449,15.463774972259198
93.89010609789196,214.5619666069832,47.36679077837307
86.5673753761689,240.1484935394344,15.803548202366628
90.52081448574144,87.77058212903475,18.051416999247017
89.68142765654534,126.6345489068726,30.458551194944576
93.42661323496202,125.27719803314898,83.89492421612421
88.79236813275168,143.13682025876113,17.136843487236593
91.14235372233033,124.0065014811048,14.672960219855876
88.02773334942796,88.53437075860074,52.685866501787046
94.1910357049045,304.55179776234826,30.83161040509381
88.87499938010174,124.41982674742472,82.83938609068014
94.1047771604204,126.18191303606204,14.756318986383118
91.3373397860674,113.08800279615336,41.14764083696362
88.96243222850296,125.76364354426426,17.95332769241387
92.72099381809582,109.56858080630664,15.115125169869842
93.08646312032698,85.23126278038742,44.50627136145437
95.46653596166324,311.0337875775433,37.01876868032991
92.603408483325,124.59095619512092,52.17379194171599
92.84745999758296,116.34273533850764,21.108553295219718
93.312326940825,91.42990310255914,27.824676606686403
82.7554848297591,126.26290873336568,25.599607634324904
92.1624264812204,124.76230290550816,134.223212367755
93.71938246618092,168.5654596706192,20.369886428163333
91.77613293907103,126.92762023349216,20.4789482013475
89.92993302662931,127.07847260397212,23.13414267878369
89.44076571350742,184.6180576245187,34.944296096347564
91.09205401300756,106.51088933348984,18.72351611226304
90.86660639855914,96.69674345266584,84.05562750152033
91.71772762739128,140.1319087951103,19.264538690734327
91.20771502408824,86.97312498535204,77.84782407180005
92.7795727539222,87.569016794797,13.276875132822932
87.92621902326795,112.54672626614106,42.06252171157353
93.20146951874112,87.35189207384778,81.25000246700516
94.37021022231212,104.74224628495917,15.544720342034468
87.00909668693258,105.04999036190392,113.56868308828784
90.10627928537296,197.43392792973964,28.092797926579955
93.31242602097612,111.0931068620546,97.40527992773262
92.25205788657344,124.34189477367936,43.88637911321068
88.32407400223259,152.9905255564256,20.768334230135977
92.68436621779728,89.89616936619797,16.258827276187805
86.51477862066875,123.78735059248824,20.86075031131514
92.45583815990834,150.29172468332496,12.928960701613876
94.5674544186634,122.86356019207422,14.659920094267116
91.13239031217628,233.05514259401565,13.31656709196789
93.21281683833826,127.52887810871016,26.494455183753736
92.03289814290076,98.89099185360644,57.627119048340994
89.32416654315752,100.38764797867424,14.572989075688843
89.78524819578966,93.49987518370403,14.188913475068668
90.42344696047576,121.81026039306806,40.93665276681317
90.5821232559914,90.16003912590668,16.588853918167857
94.11384064409228,125.08352940229553,13.081255662736147
94.92351370459028,124.06463178852302,15.476196234106524
93.3667727687458,125.47096461638296,87.20481714261018
94.89392518223796,127.13178304084286,61.690169255696205
91.89390874326344,98.18605561838709,23.111671657605825
84.52277756345195,154.59188724768558,41.99778196252534
91.20915869667004,90.47506838423416,33.1187142913509
89.26331481587702,124.9942313121712,43.914632393386206
92.8783210008892,209.38319882088413,44.43450006612553
90.84536430378913,125.55451757976029,39.72509598144091
91.9832034212622,100.18724050061766,19.28153092537472
91.32721155627104,123.61626255010655,11.193626541071296
89.82351754809498,101.44480515176714,28.24029977242197
89.10130172348158,122.81827245558468,76.48503506369647
89.98033136777896,135.6555428926949,35.28404761003716
92.29637216741476,124.17440596410869,63.58364925689909
94.6375431937434,81.4495897034074,153.47277255872697
92.29523254314188,124.23773765215438,15.360030558584604
97.57263166862332,117.41048770764743,45.3080141695596
92.79010484911625,81.29056161612638,43.65276508482607
91.74654247130248,111.36755483346631,127.29393552507428
94.04754939886718,260.3247026368008,137.21734127930836
87.63084582505577,152.2134607700808,44.815774469100894
89.59132416783807,138.38006274268508,18.37613494468294
92.73565936843131,200.42773014812104,58.06729144926327
89.39027785394705,265.3108301614721,13.39603971202586
94.78273000087442,124.76064359842708,55.519343518340165
89.97140790964858,126.75080656685708,82.30381430899573
93.24643967660484,126.45096021504196,24.478488005210885
91.46824855837998,90.19568608170776,39.87912287706344
96.06809481076752,91.62567880718213,26.87108070094211
93.04689240585051,103.49559397234908,27.27506394475396
92.67494416493184,135.3099123716115,21.148040390598617
90.3093303962415,192.3039142356112,53.08088132238705
89.77907046795472,93.57881118510733,92.54904469804524
91.37673880326211,124.19336277101178,94.78012002758484
92.60006501243228,134.88481204956858,15.763204556205917
92.0488038438276,123.81456149746698,72.32178516872952
87.57199549246151,114.05467674895444,50.11729166605363
90.35920130669584,208.82934373988505,18.744173433318867
92.01235896611828,88.7763476105315,12.089655281057452
88.79599067592699,124.98938614972298,19.35913093789855
92.21756202349437,122.26603154230146,82.98362787229635
90.10085969512522,90.30363851701544,40.086412061673954
92.67876454750026,125.3166421270203,48.30218300655177
90.64701623511787,122.98480274714063,18.91792911666305
91.32066144720008,96.42033424866278,48.12348703415272
91.63816727471534,94.82963759181264,10.855734663832775
92.52016923239958,137.8299655136055,24.1155374411397
93.33328128806676,94.624285415353,39.56547441746263
88.23765615146827,179.93473471516276,14.738114979739477
91.15451293498263,126.1180508964372,61.948772236830166
91.55043628781016,113.73709225530531,18.03761078416638
98.99948560959751,127.05571973397906,41.69082763316584
93.45341283787802,152.6763992909705,25.58575781195438
91.50507473306396,88.3696616365203,37.193449493253496
88.12174075407712,135.39727637632683,13.410200909384043
90.74340634819238,332.5988190893969,10.511723639587954
96.97797844247602,187.5304624723405,82.09352759666459
87.46104859477866,84.33044939105457,19.426121077993457
90.67751831516254,91.58124525799892,61.39016821476319
94.50154815072162,113.73071844313284,230.17001700626
96.74890243876904,100.90854189004038,17.126070869643698
90.717953963104,123.01789778284218,19.24351323055229
92.75744638858288,128.16977678756822,42.61769124182972
93.66163069247104,88.15567985659078,110.95924630091235
92.94515990718634,86.14285630780272,84.24192334961384
91.98405456364416,192.4590294438043,30.967444648040253
94.69611893528992,80.40318044121088,57.55850224429098
94.22077338654952,208.9878377237297,14.376652057822277
92.44822724507988,152.50649256488614,123.74489104541244
95.56307914503584,226.0399980810356,110.02290557601282
91.67431663795624,98.417202355958,15.364075161398228
91.78301484156876,124.9881845962606,20.67553527714017
90.69510553310532,122.93153048700024,13.165982498237868
85.30073255565226,125.3468844585624,19.51199177209237
91.84924388159818,97.18867813896895,60.777378259515736
91.70006746217892,93.3453061372952,24.2596816610669
88.29720898294458,123.34044980102236,12.77651963979926
89.53379039735528,105.80419555892855,22.56679447694948
93.76934590234626,81.35698689541827,129.5109427271704
87.89712089183968,151.9931539498953,39.80192472479369
91.16371926164165,125.66380394596214,26.14389781893739
93.37556264431592,124.8359006847042,15.465033544425866
88.46866308546869,83.84740504752573,138.44220227386072
91.43798210486972,127.2466720940898,61.58578915113588
92.18702826535768,199.93614269488305,19.91673951326215
93.39624748530424,84.51108093382722,12.179336857898807
91.9581489080353,121.02845691235842,11.748759976323532
92.37533564328626,82.1190900902401,13.847895376335416
90.00737854485998,409.53659043465046,36.07996615346661
92.27442466160012,136.3622191946876,89.2524653611961
93.18970988292826,125.32017466899268,30.599654663309487
87.73765986373053,210.4178623219628,65.53486865222999
92.35680938759116,124.885471607635,27.71157867644603
98.09522097723062,305.9832889551688,46.99005762036069
89.86231338454498,123.4887715047074,49.48880650932276
91.61927662348003,227.81184860501563,15.733497005264152
89.30600577272311,162.28183125712476,23.445670067294312
94.30496809067677,126.74926394822536,40.425555355027946
92.46214545493235,123.91166191565112,12.19960043694137
91.01888421777436,103.04496347947094,23.46089639163257
93.220581612335,113.02572479050276,32.95860133148085
93.57167502839634,150.148836613404,177.37661837460018
88.28568565208342,101.137610339111,29.304068760483418
92.3475614853796,114.30707522061029,60.7938409460609
92.09574344361786,184.52181820208847,26.972569807066243
91.2292355586608,140.7670672984026,57.74657285929179
91.22357155858806,131.26654044521285,37.14678814778556
93.2288134651745,232.4375282382011,75.3038107031461
87.66213310848983,253.4295913756701,25.876946976290878
89.97426674529262,113.15599850923483,37.81330300840986
91.50054958470386,127.05888548716716,39.8290828833229
89.88696926811303,85.73437035618508,26.20675466347729
90.99898073035898,125.9035196201312,14.675485189547544
90.36905305755688,131.85522688281475,12.94689355933734
93.84258351729984,84.16808718975186,10.5043625512062
91.21746783163448,90.7837819216735,72.033516133098
95.53967379320116,128.3582926939309,18.094278879246268
91.21640709366834,101.219660494579,17.12894296788447
93.95191043216388,247.5005214577785,49.95820832050007
92.61562396941834,245.0230547568481,21.57058530428456
94.80985915623836,154.53548760714517,31.15930709068657
90.41791584310086,211.83684291989047,15.320416829970068
91.76299818776091,146.30411637615907,106.37616945056206
87.95026867672468,124.30951371166536,67.23155857875369
87.63690315277489,125.7638133176558,69.80664095454244
93.36216309919968,102.49856578906832,25.665382473192025
89.38117513106837,128.1224962176675,53.11010388528969
93.71548069584702,122.28130829683738,14.660207050669635
91.11173930347668,126.23499328373389,10.259690830331618
93.471693501742,85.35813352022878,10.60525263641803
93.22576185524646,118.2743416008622,36.50031503390719
85.11755007402994,122.89944406171738,28.230830312537176
90.48257117872758,81.86074082028632,31.895290289413648
88.59207190573649,125.87503631355028,10.224733869751716
83.38853349285561,126.42874075576329,26.481101191979445
89.51553971341205,123.53450814706667,47.98269830937253
87.09687788241247,104.70204988739675,27.539208504908306
91.11297607084212,115.15127720920631,49.527597014879206
89.30852043735436,126.0445947777838,17.958796100204836
92.4707389515322,123.59033435958456,60.32218998578571
91.42279199361224,154.6542072339163,36.63337533806436
93.48141416492842,124.81197130938666,17.10066246986679
93.34952898195606,123.9920353332316,18.10392897914801
93.30158411065304,90.57220288711912,39.66829966199858
91.969146622466,143.8075824648998,63.14804713010845
90.341293054995,140.52821431343352,26.116514189263604
89.97247157299438,124.51469871912006,18.964330264383683
89.4845799461287,125.2881247031272,70.52480273719438
90.7028736594474,224.3584095356176,43.19343344121359
93.3982527805116,129.69346075967815,27.830863388944387
93.62154237676928,121.61149138224869,30.077072255323387
87.380655547743,134.75062435291676,16.854350228620007
91.6842261435975,141.03528924389727,39.56943572101696
91.36681003198896,242.59581592692328,23.32972609300244
88.56919748473005,87.02988931295938,173.0941371299033
93.0999841986814,151.92112868179663,29.628383309818656
96.0163534052653,166.16775476813217,29.959284467126796
90.11310688871784,80.34961003601445,35.03107898556367
91.10951783468956,123.13139738853414,84.5793778676829
92.51668142807944,126.91426539531972,58.40610402128978
97.39869235490264,82.5444534951186,27.9968136055131
93.44093534063856,125.26185710762736,48.04992862237368
89.55889409153222,80.45529076260367,36.473749139230605
89.28989324286309,124.2238485245026,30.339898881179938
91.2048961378335,104.74480517039302,16.407523142433263
91.01187404626832,95.7864154088953,28.705066405479613
93.12441794005493,85.17961351389248,18.46367017444262
91.203178901754,116.2507328337912,83.89746052384601
91.74304497687146,88.05022472719743,22.25740525419988
89.31481808922118,81.88983510506654,101.26209259646453
90.83986209990351,95.6128795879543,32.84633267588433
92.42880563492103,124.17264490039727,39.953050156157694
96.64657977285468,88.07678462977907,33.48824734523623
91.10652768331065,120.82439002855185,14.15651158352914
91.89048988693013,124.03234041679104,24.139553309445823
89.9615582444256,88.25740050629673,13.132366039422111
89.25493789131923,126.88309258990998,39.261646007360525
92.4807749183324,124.92240437411184,27.765094246484363
92.39145843698246,144.57963245567703,55.15030611324077
87.9261070631431,83.37148716634474,17.471941661608795
87.79260913131763,143.04588469270112,15.394119958595002
93.58937618489624,126.27269425165404,25.643062824378035
89.27922863927829,123.4529808731832,88.34896673418986
91.55511568913404,125.498183346151,47.17989848168232
91.92909731012097,135.00099711010347,26.286192280727107
91.61608147565435,217.4511878051201,31.849068478318504
90.58112211546089,136.33533169372342,12.639144589118231
92.80636529247808,124.53134608160228,135.15471468348554
94.18080907857276,126.85512477975414,42.935035159143446
91.19789046705516,149.71741235695418,20.08114080258265
87.72448275597665,88.32767545042212,36.4427978895359
88.370948183362,131.71425400865186,13.47857122503206
94.73955145833249,147.45052045835527,111.2980719242162
89.24460436411432,125.90892411006776,15.763339175671248
93.57573854710635,125.89240409186507,41.326307137965706
87.8446694696145,123.4769913198832,18.449189443229795
88.06211540207875,124.1639972106778,47.92882107150394
92.2863056054396,132.1159936227363,54.99348353262361
89.395411099868,137.1152100633737,43.57238521675392
94.50324056733626,123.58513322418764,38.59638057590503
91.14151768440058,124.21251756257028,76.89930923839789
88.95447240903464,92.08905872703632,12.456700494114484
88.06011280514728,125.30063447463094,22.055314646755573
95.86177258113078,126.39504497397272,18.56203944596946
90.718087013799,124.8990083150092,142.72038436131675
90.97460370656246,294.0399912686187,24.79889381922268
90.65318024694652,123.68044318812328,49.57171320975361
91.73436080416386,92.0244333690208,44.62931574831084
91.7682472674946,87.82308794042814,17.15080863052405
91.27831010086103,124.51569406056772,18.19356618348556
86.86239838205194,97.96369660878511,19.90869329345424
93.04035642548683,83.58314973005568,25.88635632409012
90.56218932837356,125.64081389488824,18.00992701002938
93.84476668888382,210.52060680497635,10.595414220660125
95.30413424387253,127.42445398263987,73.45655272799863
91.16379497779776,124.92370246538007,111.09953654218492
91.64496516895495,128.9219526448025,22.53692960383507
90.39329731360004,173.08730578228517,22.397670856521067
87.90886873180496,126.4991046026733,10.213512376179535
94.7991384099794,120.78223724271672,44.20653973719187
90.2208314035869,126.45239441374184,62.36458479021527
91.7361720361722,103.64542446710816,14.756099035001649
86.89267138723238,353.18978359053386,15.218687886241469
88.4498319062156,125.5713889493754,56.83132765895835
85.57829298891355,124.33975014506264,38.73610511064776
91.56385988634004,209.4240022202794,11.37693808614972
88.93690116628288,152.6657324681658,39.22927588260616
90.01953214572221,124.9739862047018,21.08489177836173
91.5503021667944,94.63458659935618,23.800418244913395
87.35902640683199,126.94140537467146,54.05526714427887
89.8230861715071,116.0669965485231,59.96996280357247
91.77989332452056,86.32497711736337,25.342605356351328
91.52325458185828,124.1563864484788,98.21059365347374
85.7356464739103,124.2780877445016,25.64965748915194
92.26648696156174,120.51946088240176,54.33072294280159
88.35976426299864,146.51962010845793,29.84232047239116
91.67041162925427,100.94827543520375,78.34623732549657
91.71102408471216,154.35711309762308,81.50124657629567
94.63153567352468,99.44752989756684,12.74428084674479
91.1937687799101,115.47928619187633,92.69831079582907
90.049533714268,209.72848991692135,62.38090666446346
88.6436633432785,123.2889286309048,57.00726413686459
92.0905914975192,98.54130876555284,16.728501258211082
87.52713393518655,176.2231291861856,59.06101702905693
89.29449351000677,92.08140294062592,66.94015823618196
83.73506984531183,188.73994350546053,20.23882937198356
87.4466057513799,124.99849037734018,101.25961898537028
93.529151635699,198.09779791871577,11.534382727175364
89.02022130810138,202.9362169561258,14.87236522931784
90.3588412841594,147.58914513414425,33.13852513134494
88.84667566513657,123.68235408732964,35.72597465781834
93.77170680219756,153.31200780997293,41.08181046282384
90.22728459281258,126.24974623302832,10.51344264297983
91.27392672721588,125.59803114671008,106.84262463437452
89.21496876748719,119.13383820677628,11.368381449486536
96.1776728685851,125.2060730724504,14.631689596692858
87.79285756214136,146.72683128948103,10.42340944435463
89.83862059424975,82.01096245456071,35.10071981561829
94.71911973111524,86.06434042119837,90.76540178337198
90.78313927783034,127.33357018910152,42.89368339382783
92.2971529503622,124.92903066983928,61.89016630547507
92.76479807610536,92.06244128347876,10.40110562185914
92.53119225376756,218.2303673103119,33.42758494659999
93.9431356594411,107.24890180699585,28.46131497446564
93.15257994016068,80.10100445873236,30.732555890587104
86.33734584532573,205.8655017869845,12.248598944908291
93.01993993351998,168.15201084371478,44.601752207009525
90.2485997309692,99.97108315980304,30.988265257534405
92.44346159410092,155.541918846626,53.4641010756334
88.25915030321417,113.65370958378716,29.92458626802788
93.11398397790708,123.11001588405152,14.853751215867728
90.1102129175607,125.69575085654144,41.34563059381371
90.02301367982237,99.29722081379654,15.676265631947414
93.33116373060976,125.50284702169004,71.7643690612573
89.80487368129182,128.30736640738485,38.48892971263915
91.21360221947046,125.65320291479686,15.130906149552004
91.54203756556902,102.1826768194398,108.37315529976048
91.83149381775254,100.89456016042628,31.91709025645389
90.39306975185004,126.8345309997771,12.27076523528098
90.36776652979236,180.5288465230029,39.57186946632278
89.95270191226382,174.9936311714656,18.758692112645846
93.3856350540115,127.51280919115024,58.84233461573673
91.57253716550196,127.73064169585447,61.08314355082565
93.61149520495604,114.35551082915416,125.82187342411636
93.08394138325087,124.96537976409608,30.906797511256748
92.87482128854025,127.412858847588,28.206711030492297
89.95802395101866,122.49671367434972,52.00882980070048
91.40390742618176,90.93156628028,14.263178265722374
86.36503058034754,218.89719605481315,33.75030001362492
87.41769565645998,124.27328503936202,33.706108133477244
83.38909637071525,124.31393976021904,12.811955832888115
90.38354323217908,189.4541386879236,26.23772461404141
94.41399718489508,203.1257170746869,67.57785929858568
92.7954229792182,147.6637718066285,68.17028104811094
89.4417222702218,125.5028450983337,13.135415056442843
94.60463328451812,84.52505659186765,12.853095167634406
90.60757772965924,126.85609633680482,19.142628383890354
94.88967019484966,98.14204218400424,72.32715373555541
87.12854868648276,103.53447440018245,14.140043972752288
91.28544796419992,84.1809811950648,48.18862770071182
88.66409010511282,90.93601130326589,13.19969463912208
90.88699756675382,91.4783629234935,39.27627454637593
86.66079456489157,93.80018036519095,23.20483180228819
89.47276733856525,187.7108697189113,56.66468410484053
93.5071131927872,209.4346733450301,17.985072312055884
92.55522041796742,160.17248918115155,40.58309683533425
92.51122640290768,123.08149400537408,18.063161363942086
90.909638991062,81.0293393088845,47.5172905533301
89.70690330586689,154.49180825096795,72.06764049841084
90.55713458241728,122.85888720137272,14.06778144075527
92.27025923179184,93.75079123857935,70.43112479946511
92.61316634682954,85.5366903575345,37.01069484528914
87.24850483750798,83.0413897353677,14.0783888715863
91.47924304059764,123.08153405944086,26.734469680750525
92.12957839444653,112.68273427851864,15.261342125941052
89.49500457289926,84.16212089295524,46.1539932031532
92.56813339618688,85.51972750284344,52.67234005112465
88.43321294932343,125.97290030537594,13.354657712442748
91.99548131304452,120.78226720749002,31.165087134881915
84.44575909349362,126.68623211364282,60.561243422627605
89.86473605968384,99.81852000557856,92.54268910954724
89.46094011752807,124.6334045365842,31.6166530927187
94.53329360634568,123.68745792461428,100.03997191733404
90.35666956705552,95.50704351661672,33.01601887085447
88.63778646478669,123.3854795437928,25.035690695648885
93.71258383951978,126.83169570153892,66.55636071807578
91.33183113754482,152.3077943643624,30.37630522935485
91.91172761590128,127.83255226492228,29.15423119711691
89.57344304768738,86.56006471042772,30.218723961670907
94.7224128893445,199.40538367868567,66.27739382334678
90.34908814894962,122.54927889239676,63.50330181887527
90.43278915385912,173.81216548885402,25.5012866275289
92.18676074613424,100.9041403792475,22.162446975233244
92.43201747046504,244.1148354081702,30.313964694330327
97.10587106950608,122.39143847848324,35.513159306205935
93.9562434175852,90.2010674105379,18.16754064624815
91.80312315020532,92.25645071795994,57.38983295792801
88.58192590073085,90.93222823164122,29.994150634752035
88.54047280971682,146.366069213564,22.196020054044425
91.3264239331481,125.52344985334749,13.389047871604523
95.7632234471544,213.91573823842003,18.18755419684485
94.60750889078912,136.31292929504468,99.44374214693518
92.45294260238848,197.9857903132869,20.91960633933172
87.50986069459266,122.41109928961887,15.548685147581768
88.62270792159997,144.41411996072594,28.52298480063264
90.25826021716888,124.93331662587136,21.00555704811669
91.02938446812205,81.55498781516538,11.0737665234771
90.16840810873664,143.03477928381437,21.70895590689416
94.14543577051175,120.41682656503843,33.56502124713774
94.65872601133418,96.91191970862032,34.069606775110095
90.19921911013,179.02120787287183,23.227744592158203
90.07367567796643,120.08467613806776,27.788347211279085
90.24952109014026,123.21235106555214,111.01946376962042
90.04585053173896,124.43254155351607,24.21304810572733
92.17332679318568,127.90890595652245,18.96135282375492
90.44984454958644,123.92812843269036,18.370275490308305
93.8748238584508,94.2173414847508,28.361652337509444
90.63923584370666,113.46465011123932,52.7535691418429
89.25738280866655,121.93709428417824,16.91970809413027
91.21718476026535,281.77437705354856,47.0635044693062
90.7599654379998,101.31347359193664,10.641300558763929
91.2750743821544,125.47557918272008,26.28667517420049
90.58327471101038,123.462897529452,54.86521063006153
86.17829405878054,92.8759806965018,22.407925611260858
89.58356320298253,86.66462278134208,34.885307170457665
93.3822794665825,130.37314511073706,16.88161127312278
89.87632962185627,96.19865900625788,50.64333491104093
86.58612394020696,87.80715554832355,11.61085698417432
91.44020427035892,125.17033114183664,67.42648788414621
93.45205717458929,125.08842958304275,16.62674715854034
95.31341241856828,97.97151115337564,72.23912061876439
92.98108987251024,113.8685989275824,23.04044940213643
93.78698707105336,125.93648944797546,48.47788283022148
93.22649716149274,108.40175693097224,21.53571583971294
91.57608281692076,122.2624973777769,80.9056381062086
88.35399072012389,80.46751460541886,14.062124371745869
90.94341425063276,91.85529326444096,15.899422929658964
92.91951214457228,111.65370102899286,30.37911086846429
91.34164099031884,124.85283838197108,12.564724922162762
94.11849808387043,84.47189473982337,16.543940926406343
91.79479699448316,96.64055435567496,96.34721558922148
90.33527821790246,139.78338975532324,122.50945010285255
92.25824332756665,123.770253329362,24.160617666118696
89.28317227034553,124.19767698322714,87.03013995568114
91.36681101060182,82.83869545901497,33.612178181823055
90.50730697527148,101.30434656185471,19.430740617397745
88.57862983175866,125.04572417427232,46.36002035764628
93.0364634741776,149.5505257571249,42.26754657675613
88.85205694729748,142.1248787735105,145.63954137309148
91.86822789042988,106.9682442773191,19.23847355350776
90.268559059262,116.99370315865066,43.44769292826849
91.9914625234286,125.4279487487039,11.602775052670394
91.2971540512286,99.45905555308238,13.619167099026932
89.71474430173315,205.9994045665437,10.117782156854286
91.1048229270926,125.92452093408568,235.75610308096563
91.3844976315716,124.1672400947848,58.62614540150302
94.35728294418269,82.68605375395487,56.3549067324666
95.81851073024907,124.70528296835732,31.38373042157245
88.73570700577166,127.33602416434331,20.703123437591145
89.52801763567314,116.37785471796552,14.920222907531937
85.3962007633425,150.6976234052002,20.050537870731628
88.28361720477257,119.78759876408787,24.146763789185243
88.85720127574858,119.73668848559842,52.35576253651234
85.89163106815,124.89391235290086,33.27381454425221
87.17917957360554,85.39701473682774,12.419504627008587
90.48462442129885,103.164528779006,10.54580535266088
89.9000135521432,86.16916799848286,13.238655685238314
90.08222729315293,134.01237144907262,25.8543513095196
89.02422278272977,83.62740574684594,91.17838515580686
98.20215732685634,108.81921280272353,40.433854705366485
92.13261127139968,147.12291347551013,58.5582802324515
91.0770362282326,122.8085320200687,28.841835220476764
94.40427695496383,125.07455580677448,23.466812559434647
90.75229961814452,92.64422790396942,13.44214286505148
87.7284619527544,134.8404006624453,72.60801146627622
89.31222279224609,145.835561287119,55.85786975373552
95.20119602210885,159.42505923973184,15.521943773919965
90.3314173056578,103.26004683733608,31.53921874289094
86.80611720456324,112.3777682517474,30.046309617206752
93.1211669751122,101.96725856266596,39.43220269948836
92.03035617873384,118.77219047484068,97.66714706113488
89.70545849728677,123.9170976013458,36.0086958832171
91.65309354025014,108.43956591099112,33.3100366048223
94.5037353510549,196.161292721846,11.5489984474467
92.99551789400724,110.04109037454457,11.949197701218363
90.6448381494322,123.15161325648874,16.223524541002718
94.13829459423089,116.5108845365512,10.99028933190368
94.98120063703897,130.84936621049087,50.801598166410535
88.74659590259628,122.41409779983636,48.54792752500412
96.68466989184331,148.83185525325854,14.387427953320346
91.46696377912724,105.11027183435628,64.25110208005253
92.8827162946372,193.43898081934807,15.04496411434442
91.46973727155996,111.04607239239866,20.75067297174393
92.6738588163304,87.00336641438261,18.589566027591328
92.54672812755852,134.09766477124478,23.971127277555603
89.91955687387787,82.955008094669,18.81759524392524
91.80032618548168,99.90333552353268,30.138689770672475
94.02172100972165,94.39103222781846,25.69746830652698
89.87996790004291,196.1204375324636,139.30679057533138
93.72272650962611,221.7328795294389,11.72653290843972
87.58225546325279,107.6558472293083,14.600877886959134
92.9032840709422,140.49438262239374,11.628170576353462
98.150822915226,112.22975019114692,39.492248780299846
92.3007483588169,171.72303947391765,11.681536093274554
87.84527769632372,152.84969779893294,64.31721333441939
93.41718079449512,123.76696257270818,31.51942372709155
95.12675265685552,114.40728623444429,32.460280307284584
92.54942961253494,124.12043015029352,34.73833046194157
90.22873963270408,123.5082401978418,15.619312843335042
88.9015502833162,124.64842427919626,16.607817698108697
91.4113695196348,123.13030163053216,21.517742813614998
92.6494102436949,123.59563865818272,37.00487598600176
86.66194990075941,88.50117213122566,17.076142843112223
94.59326023445811,135.5003911861375,13.71020631127228
83.82417251692802,110.6735476300912,115.3138516384764
93.68170665447744,107.57053009736102,10.66681044568005
93.16378558113632,125.767038277815,58.69050145550756
93.89506736722346,90.0606070569025,56.540044538158725
87.85343130930558,122.61219546764114,20.58109015532416
93.79424897307103,126.8289861943503,14.372513383967584
97.19292517686355,83.33729701974983,14.721680193569696
90.8530455743033,125.4353724060357,45.86343905015916
91.86851219365336,82.74924191023517,40.8843364671696
87.66577063253263,167.55811157729386,55.80059810946528
89.2600195579087,141.8998283311158,93.16862577968804
90.49298895863474,116.2521739605212,45.3225907078869
87.89214579779015,126.77295025069829,15.082806858870155
88.52446660824242,223.5882952654462,18.3693068514616
90.14802389153832,109.07727698469084,65.39161429156758
92.60519120836882,211.12005219298555,17.045330021663265
87.6334828580108,122.63603766381618,12.258596385894284
91.07523565741327,144.25245592040915,46.44899583798894
87.2467649646793,123.02121768769264,25.451353172687828
91.06874459098375,124.62436061011653,85.78688279507574
94.72170340673676,126.14268153916636,41.51653494211786
91.8717330897655,125.79534046630094,12.843136019515445
94.2454118110079,170.52401973788395,98.61271106634996
91.2666030288635,98.04813098832054,18.97472041429588
92.11198176761737,125.49246688140326,22.339025155516083
89.08983508429367,125.34969727139794,25.438002827956204
92.94941878645412,108.34877759980242,11.577485757259472
89.63517178722515,124.7854951004201,30.586065920304502
88.14835162536289,86.77484850012473,13.9483453686816
91.08512471470178,100.66903833935297,25.373324320323185
87.43555129560134,107.76962863277453,22.956264827948655
92.78672781716266,94.42372964037324,54.46303093695244
96.0330030090057,117.99475146725696,58.76252398972564
90.49112036335472,134.79154030691768,14.996265028882878
90.60586974638257,123.07712698883724,23.697282501995204
92.45530193119848,97.9778162195626,24.02116456813653
92.68639374879776,120.86470064376653,14.925389606321469
91.52453462980432,89.69556217993699,58.05205540149738
87.14555281269705,94.07927991236136,46.8508675406498
94.2157164814754,112.05864867416132,16.335774506177195
93.88962204151352,125.97479651406177,23.70536891186289
88.1464227012517,165.31888665705372,13.354943037573472
84.20344365827921,123.91968518476692,39.68250842538707
98.00866452717348,140.43526101031745,13.881807795755812
89.38430062707852,102.16475987855628,137.92020187869167
87.67309116900687,125.74227942847654,55.51698664387864
83.93889439614391,84.43000122901718,24.840623895771746
89.93015599135029,145.80780358255254,35.92261573150254
92.5785232606756,204.63736528965632,82.68900805177003
95.9915093196875,89.92282474192945,34.22976860577673
90.2519059222192,145.04736532844487,15.75292546197212
86.6538385155182,304.68777701921005,24.278398684908268
92.28307696085416,106.81956951966104,65.5729782035796
91.92682983367078,118.08384284335244,41.0026926022002
89.45405281274608,125.29581519823824,41.55681816248659
90.40472326189509,127.96380802727776,70.48194513563107
91.58510259934292,194.14542359235355,77.32186126855004
93.21501342100647,111.49100872543976,85.69417441584133
92.58878044646184,98.44275255405402,12.989611356259946
91.8626494157225,95.98959977774496,33.56616483237106
91.32227722435049,131.43216833941696,50.471058030360105
96.05609310161483,123.71248381365488,52.43178496263035
92.55928401015048,124.55222629483396,37.99671385999501
93.97267757210194,106.81449094630676,15.47399108497652
93.39123804378418,95.77982726722232,57.89869429484038
92.08351814419642,80.17648365075632,48.20090123742384
94.92538512523625,125.3818047609159,12.702197953440251
89.3025082883284,126.21578899803582,28.697991283829737
93.26556383426583,129.93011241856237,15.733994334451758
87.90959225261881,126.74366645907637,22.35100221224702
91.36490683217916,83.57596664980312,10.547396579750025
86.37416655765985,112.20799823255902,25.34126666906209
88.05327799803666,126.05081665631523,33.94702675217978
90.14367055892778,109.40959606542673,38.99458567530122
95.75055586181364,127.83325911245323,42.673853148084056
90.78773979524452,126.76201304215968,64.2900019016104
93.03843061491852,125.97688218734818,17.27984277798512
94.97220832019404,94.20502827468984,13.851431408648956
90.6438527439392,107.30929064533018,67.22262003653685
95.5069231603052,124.6665224421401,15.109873963265844
91.101982602808,104.70132667994623,120.37985391478048
88.63248296328113,82.93359916923524,65.45717729559422
93.9544658700655,173.76983746224488,30.847057930407782
92.76940166428248,153.18648519490682,129.57238719136075
90.454758326309,244.37716712472144,13.073500295693425
88.80955257863334,152.16440659501978,20.83192664682961
93.72032405772008,122.50389028968904,40.50193571333459
88.42658192007492,115.11849551692208,22.92380449090293
85.77899952720799,102.74889860349488,89.08830778757948
94.11102652642262,122.3535757480985,12.036357610263584
93.40716750244744,115.08611916152748,33.916045293588574
92.90162110619036,124.41063201134354,36.81139605399409
90.50113406272452,184.23631455607347,41.72941902550867
92.91159782539454,126.70858735044372,18.85797160590821
89.31501264717863,124.95106495704064,23.603431653342327
91.64934320827685,288.3706740975131,65.6756043709386
95.64712597775264,274.92760074061084,16.505257289309732
91.11946930171838,87.91829206961535,62.611002607836255
92.38589583375938,164.8478517888048,34.81101665951974
87.8622142276085,123.74743990677167,53.08818333991525
90.01278979804484,80.82423834170041,47.51174693260306
90.64451209652404,104.32934912331592,16.97731835660248
93.9605947197547,105.72780392439596,35.23638391023661
96.35546813925012,123.8419707866035,70.68574676445947
92.05724508196327,129.7000459916268,26.97515570379962
86.88228327710567,124.32902843030593,111.9676922966578
88.25235006714225,122.26920656504394,28.05617762570316
94.09822112820667,121.20872902221494,14.622017782581082
89.45310944972204,125.57367767518332,24.801099910452308
93.14572744517992,106.32847869781747,100.9112062394502
92.09518137721972,88.8233954781409,21.5575614812142
91.31263654976468,127.08895501334442,70.77091805158679
91.89601086562251,125.13870478046708,73.92221729688805
91.65691532529044,85.91857691182452,22.93209753352628
87.89114435137843,91.30694249767424,12.60786476629715
90.48809122987268,97.27527273829216,48.681336072018944
96.5390829989032,84.061773125312,21.197734733938294
88.44815893608029,160.74408723205195,55.82517938057045
88.37398976772333,127.24742129775264,27.53711706868258
90.07125866045783,128.85400105537977,29.92319376385812
95.93665882452444,103.92837873823284,55.14009707924882
88.93393704461394,118.5122488909329,24.455647262591537
89.98500772843592,111.21410010368244,27.56256077034036
88.65835241104956,116.86268853923946,24.15730586860875
89.89492778341314,127.52219283136576,23.734688212168848
90.50252542899656,88.28644180896266,32.39305770037199
92.43141774259628,125.59167904423428,59.63297119121041
87.12966718108144,126.3031805258116,23.47161742307897
91.81724733216464,124.39687509901344,32.28618085487458
88.73631895299562,87.44618631970671,43.32607220300228
92.31719072556004,126.24466347417058,19.41829473202773
87.47165083358512,124.39773706466866,19.752082701173308
90.50515169292788,126.24019559411806,91.27743469951936
88.89854467157755,116.65403378920104,48.57008515029722
91.4564725681552,123.88300058791728,35.82473536878044
95.13345224540932,112.35959043494488,41.29987358578056
92.68388182007082,126.51406296689017,10.892117336738457
92.7614125158945,192.3500322837613,38.878127501923856
91.02215236891328,121.64120382145722,31.3704427090546
90.7097921940295,127.16000186117935,33.67320600287951
90.84942002727468,135.46372322381137,23.361617111562158
90.57119552606832,87.31166803275158,12.549548690358314
89.63831654999872,124.02266839772405,16.44556188764113
89.36622566694967,118.71983239395615,100.32215713568807
89.32000636255822,105.4820598072296,25.7629310761926
90.48209220281856,124.90081032826411,28.859187312495717
88.81802771478422,142.7870622015909,11.624493419038425
91.71270386564596,122.6951731965162,11.14870075310598
87.40945049563584,123.94867153583309,47.88849227827988
92.08685861812988,124.77860436256915,33.17185928771379
91.13965910604956,106.2994080138157,31.32137560758113
95.33614637980124,126.63074537996133,18.35669632777032
94.44632186377702,111.94333704526184,50.96544064804887
88.55049642740096,92.97926522057156,15.526216854581142
91.1547659628122,126.49803967712636,16.31921413537752
92.02344372497149,93.27522002628704,28.525175370499497
89.68334283602188,131.47617816352167,20.117930716679005
88.93132326978218,84.17780037379991,18.52915267583661
91.79357358456666,129.9870841250965,41.0892140483854
92.85033497092392,198.92966772807048,41.57807202392647
91.27752381020392,159.05174219265817,62.20640513871727
90.77355135892894,137.7152899554101,26.22352637645403
90.73968306242564,90.92030952175784,12.276805283773886
88.37112091451608,82.60030205247905,19.59237534415004
92.9547440049586,124.07063817597358,127.3688860775181
91.71383387288093,125.42226327422904,37.20941930911797
91.5131802358064,86.0911013970077,47.10904487753538
92.3957102842996,104.97313695386066,10.221550959082768
97.78073000438594,112.15359694191396,31.907142589110737
95.9089338456358,104.22167458484148,11.147529619674104
92.32649756571472,88.11882565610395,35.26544399086393
89.65632711925628,153.52822305816028,86.06232963186145
93.356076892297,128.85242464647305,113.6561121189309
90.64376688228069,123.69415779848966,33.33192940232165
91.5282618799268,90.00615509020614,28.38601655266545
93.32159480224634,80.4409544060873,97.0219883973242
92.48209418144624,116.1668052428539,43.58985336654317
91.68084492107592,139.85487755903205,12.013030992288392
92.65759667793355,126.08754880921546,28.80537017572
93.93606765350006,103.09037187511892,18.242778711929606
87.904679021529,129.1764843106812,29.035274072844626
92.57097951160848,104.78231571890322,28.234723299085417
88.95155933129811,123.59195202489536,36.17860974073355
92.30370368961482,195.3482417509633,23.23761048213025
88.25168095943344,126.2179265349127,15.383506671102134
91.28337875453518,222.91933549868827,31.018415683349865
91.51660334226835,103.08243716076176,63.19452975919973
90.97035837289424,109.28329330799814,42.72041538218549
92.85761221398342,139.40934718121378,22.391366986183165
90.40917920858908,159.55432168819112,92.24341182691464
90.598564176168,122.9256239409623,82.98340044897219
90.98981604993912,140.6385842384845,17.046935877533613
89.54176072628334,83.8345958196032,11.206464889335802
90.07001794580091,90.82635214897869,50.56359556970024
93.00518242523096,124.34505540394296,62.73992329332102
93.12274744516988,125.06960871429682,113.1338797963832
89.23882093492892,106.6385375163377,76.17366075082988
92.89063149414324,92.77182409227854,37.52885640597228
87.53451552092316,82.1006471407572,32.65401851516089
90.3995824260026,112.59125363998665,10.847078811497084
88.36370114925838,128.9004515257725,18.49701728022051
91.39217531275204,124.6593528582996,28.464189132160836
91.21760218503898,124.1078882380147,39.70650739256602
94.70238484792866,102.74863275171218,34.44262429242436
94.49194861149172,155.85503131970412,50.717914409471
90.0848311892821,126.03667171527373,19.84541236757631
91.31927359439383,97.41414695106012,34.96900917707495
88.99463553768122,99.12877558425924,12.768138091072956
89.56320855123535,126.47946583476995,26.01594620107532
87.35283607511845,187.4734793407192,51.60813699895015
92.61097197464149,125.19552405765972,45.46642288222622
89.36788131058745,121.80571443776648,150.14807392553763
89.33258490987114,123.66767434840992,19.76738069280789
90.01806549236628,124.30876745360212,30.68596961184167
89.98509700704841,162.30283711143022,21.9933081139329
88.9631500619785,89.77934806852659,27.42688195042417
93.1986295867972,88.62703806962594,68.33685902039606
91.3108791127835,123.89088649058758,44.58024744137453
89.49962960016285,84.9967169808715,74.22449714309018
91.0251421848674,186.81378145184945,16.82626288479333
90.72232794014482,124.36245920449896,71.99247071111864
90.75037169067195,138.3464597022209,11.848676076448736
92.6621126132137,106.54644875538708,75.83864476714876
92.13542333483696,124.53610712975896,21.9728830762846
95.99493557629944,190.66936278494893,21.332038804907867
88.76194454981723,194.2324163962508,31.52864197696797
95.41310890149818,123.033862930283,94.7494155476774
92.0571671504297,123.82202204951491,11.468818348307424
90.97931807330292,123.89510984817052,23.02663267543544
88.9291651331139,126.21323157630984,68.257660988683
89.73731014225254,91.69215711659768,25.12813838633995
91.51998296720744,124.28688402262802,16.66270684750326
88.50978159204674,126.42203610178538,26.590820701642286
90.96403802531977,125.92743405467915,24.61095374100322
95.88791972486833,153.03797493753524,84.10037612224993
91.86714191304016,148.607821430733,53.05626733437791
92.32690295830466,93.42721926458896,31.10292968841043
88.63169336489354,122.6208232857628,143.6264812876815
92.41565786631188,109.5124874854886,28.780222501958256
87.30098643331871,209.07311982658152,11.800075318428576
85.48665544111502,124.66997095807676,19.1254969977781
92.33957701241924,125.76319797003644,27.184780006621136
91.52941074218424,100.06819171587634,15.120184496656949
94.65653423697351,82.06553936773969,98.44550142561044
86.738923640683,179.10061075023438,53.68205585159552
93.2521113387358,92.8630298103927,19.371015769645368
90.6321586667818,90.30355007171036,36.80686971832981
92.95795334368384,125.34577262281864,48.34464029579834
87.64987475545303,116.60560286863084,95.04869962462573
92.37078353517032,104.05485997752258,74.01955475002195
87.30694234081562,138.4732445909008,31.720084274864234
94.64518976653156,204.5333709322942,54.70336466060679
89.7577750823974,103.51111570848168,34.776007342593445
90.67938368985472,125.97635394365616,34.13603395921456
92.09299826674142,206.07640768099327,13.65628311921969
88.92588636487145,204.62265785748025,14.044972575476429
93.04319489374473,143.6389155440994,32.62092303483281
94.09223626554204,112.37290259829204,19.394572966411985
87.26690848453046,131.1366302068739,10.63783993591818
90.04421075213402,117.48402343879026,48.49472349639236
89.72429430500222,126.42159019250104,10.99078001871828
88.60997795674658,124.3208130970859,37.13656011669087
91.05374801393975,123.61501489295352,33.24333106256465
92.17870186821854,88.67233139819926,114.03424440714848
89.09036724257916,203.2878101530929,29.86184978754728
95.24664251590276,122.26906489694016,11.971422319080803
91.17530759439,129.19367484666736,34.06797365737013
91.54557405358533,123.21087527492608,65.18368319192726
91.6877573111272,123.1068142613642,182.80376919136285
87.66785869002243,84.22478532250915,26.88163475702608
87.25642979052078,125.03753432163268,21.58305713636636
94.21736674453427,93.65318215251898,81.14304183390976
94.46988112037432,126.61665312284973,16.3676710301671
93.60551457573962,146.0138195440734,38.66879892239997
90.0678979329874,91.3580346322384,25.61185923336867
89.31262638109476,127.64300783471192,11.25850282242191
89.81364222448431,126.88581133349038,22.798600450303717
86.00126495686595,124.28321568020168,19.24587229249017
90.44030207891728,155.42329002570943,44.759579032057815
90.94187697514572,88.1434995291197,99.15490516606025
90.80841856498668,125.27460678130385,19.361176921921405
89.43581919466376,124.41615380134364,60.05429782785279
91.74185331182215,161.0237490193942,11.708535479810925
93.75710745311676,81.92243409505883,33.17357046106706
88.67247945894995,126.59041654987196,12.194870025243617
89.86479734738086,123.47457988896468,91.55801582637773
81.7434612245617,152.56118225433863,53.61809471547329
94.32113933988605,120.85878742060731,42.18394282532265
89.80734237853747,84.18136328673391,62.1004814924466
91.4480605914068,96.81895371811189,41.28282447857699
89.89642247738968,121.92100512990272,114.15928124825535
91.4086995637901,95.71242829629202,47.5484933059922
92.54050997467684,126.6063501566057,87.57176864946744
89.52742794788858,84.77024983487071,31.840351928935597
92.3310391602772,299.1015776217626,13.735090867699975
86.75984661828801,153.71508987298728,32.53458678219427
92.9944200772362,148.52055359258475,14.070221842898366
89.02200246661967,122.79299698520602,36.93095033224476
92.61701285592336,87.94766592749089,29.761970329724203
92.40404378002748,213.75162536345283,39.23153378799953
97.91473352714772,202.6507665964932,10.302933777714868
93.423560799203,211.32252697763923,16.501446225403896
94.22694940269568,104.6915118327496,30.27869955545745
91.89191822852858,151.87070296929446,100.17563689875294
91.59554387798036,82.61317226492402,24.516215260640145
86.43301617518163,99.33324815438934,26.568811165629977
94.67012440696948,82.3196984863258,47.62600937508117
96.07971583787425,151.64127129563224,37.77453593307405
91.17056479910356,119.66206906973188,20.654261444078905
89.44919766450133,133.3578277527201,25.870522648283902
89.71160635579444,125.39627009319824,17.365501695218747
90.72203337580588,114.33004057600226,111.46078313542093
89.20922337151325,104.44462389554322,14.19974522542548
91.8262608648097,83.53743004506694,23.948657472823943
93.57099003301728,83.01235034900256,10.785359882249807
90.86117102509718,124.8381375449999,17.52236096712817
92.35253097752444,124.73921162182307,55.48814701279556
93.62034183019084,114.24743622561544,16.73841015319104
90.25853874368518,114.83031880139905,12.50351581318622
95.26722343324158,126.62052232799954,29.299479887174847
96.02844155564844,156.43268020770165,10.300577809318368
94.51573371360108,80.02714113036647,12.657270322774696
91.83005318668698,215.83816074013137,59.44939620936188
88.66012074652522,107.256146496695,54.28307268274256
92.62130274330735,157.8016308813936,84.00215616460585
92.17244343181297,124.48777998397044,67.83055860196214
95.7872617919964,126.30806316744876,44.48222457336295
90.31897123704752,110.7521391455656,11.612558610357436
89.35741909987411,133.4726097472873,55.81481667087344
95.7528868109774,100.39727636851892,66.02893474511885
90.62445294203204,119.45652908746546,58.14577419670968
91.25242614997175,95.90945766437513,31.307520573818948
89.59978953966257,88.11951058513694,17.95421514710359
91.6855965509874,127.21427291389485,65.99383920251596
91.20495582125513,124.68709870170112,48.96640103117783
91.18119274014812,100.69240746059408,128.5247462358738
91.56282412050346,125.88930426349074,15.07715890090302
91.28693275858296,138.4381839632298,17.672504321012973
88.08149850646768,126.24040388144364,17.140032008608873
94.07779351348118,80.4580527561974,57.18446826597954
93.34046034415128,168.79517756907995,16.20730448284704
92.63178413624505,195.42146886954956,12.069566389733968
89.41153978514345,181.67292934713012,206.31017353701387
93.99662280952762,125.98701592562266,10.753910503442247
91.02677494840876,124.14495971856306,64.0987015775649
90.18854401589522,201.5778048041276,23.641244507608786
90.74425753002151,94.92679736611436,65.28188211538324
90.83750540784906,98.41299535854196,34.26485594586097
88.27319646260595,86.56310561819146,79.5709569437862
93.13665146108102,92.18521749000732,88.18904550577282
91.60636047580044,133.46165175769312,10.274194674922228
93.37982626645636,83.73162068400957,12.35221709334527
89.77191822151943,83.16826968619284,18.644814789133093
92.21400919068006,104.77537432088305,43.19770832346169
90.9736295492021,108.12112060920649,75.75069075155461
90.14418952249184,125.78168241743148,28.48235942792493
92.07615914903272,116.03831830079584,38.016317890770495
92.91386877324167,127.65136665342658,16.26612131888664
89.68860871402829,81.93536257430398,59.03756956668345
95.14503371309506,99.05803664729336,112.63720735686796
90.58044387201812,87.15670659527233,19.38379942915318
96.66631198572136,115.81517824744188,30.485567763673
89.33213562527528,125.94748388734833,12.701552534879449
90.351215284565,114.30416538107104,34.57060990475263
85.99056725433583,128.12399213056008,30.96188851293325
91.1901858589139,124.19063948282762,14.679848328566212
94.21785660518148,124.73700070928822,27.50544955430757
88.67670760546274,115.47874049157838,22.19868268161692
92.8120538000211,97.78414103046606,32.1337237514836
89.56074410836698,123.38216036770194,36.43164144839082
91.97998154303104,108.16899972430848,10.255956152062469
93.3731288244328,90.94021393753776,52.93950281877105
96.77484679851804,188.3886715038553,47.449685856703525
94.25083826214008,183.1844945567144,23.68474419572734
90.44672993085943,125.3172793713846,11.631656146290291
87.34596528875927,114.28896402895742,52.186652755676256
92.4543931995682,126.5734099055914,103.1497851880208
94.798966514503,107.59686182796348,18.239090021447684
91.33153466269086,85.78953110638855,21.72577647926837
90.13245373439752,124.29464403146687,16.093349445943623
93.2124534235518,109.96330052083935,35.80696308086426
90.79854835465164,87.69068331902068,15.046929117882527
90.51342117984288,97.66212575973285,23.210732580310747
91.99024035890352,327.95962456309616,45.82196274019759
93.08261085616869,127.00063199954108,34.63732553699027
88.51677956903782,81.18592010639972,24.65541990557318
86.8325326121702,88.51723498036759,26.354728480358848
88.22811800510846,126.59834391937376,34.773686719878725
89.17316243273005,81.10044526215314,10.17645978820227
96.08182434313876,122.313500233046,12.452896331472758
90.04651722105142,126.2238713209534,73.92408332296867
92.49926068695872,225.2080791871856,12.432364472912688
89.7787121051285,337.9023383999147,46.80737723285728
89.50151507513033,84.95471312192623,85.78617428489848
93.91822072901064,123.3329413783799,19.46942883479459
86.69702084068963,81.34123692086006,23.884474684761457
94.47473611236067,126.31907062702712,35.243945574225435
91.18779716295322,87.34406206063542,74.03821995979337
91.47240916942826,331.1573837597241,95.37057358062508
93.90667208637754,123.42377757823496,50.36185726963176
94.74657204894106,126.20951098719507,12.71809038575216
88.98023310211036,124.53836566128736,43.18308216342477
87.38803527679353,98.80202052333529,25.84442972390699
87.06040617817993,141.47182812857707,29.08605365338556
91.24897260778177,160.46063715398958,11.511917941793506
88.88733172275471,112.43649545005746,16.360995248300615
87.99019871821314,111.91998581981596,56.892894824720734
92.49973211811108,154.7997008541028,28.151827261936813
92.6704494076646,123.62399840478834,20.77157196243132
90.55068312753448,125.76965024590989,24.536178404705414
90.53977436192552,162.46345116296982,67.80666402045198
91.82489562899347,109.93998674427804,51.46895275410185
88.13046330716972,127.12553753463986,19.53662687638603
92.59742912352236,137.00263634925358,13.74995726210034
93.10737178957784,223.53525410149967,18.710497705878957
94.50410714155736,109.06889465678869,86.05687812578726
86.63523209001538,182.8562938848866,36.13872065223758
92.47976139583524,135.12313457454823,32.873645038307934
92.65666747951803,106.21037951552202,37.21945397745977
95.20577322026077,130.38618619490208,23.67252726205503
90.71186594362644,118.56280107813193,59.36859259905966
90.71984584031443,126.04997754256802,32.22517214748115
90.62979528669987,93.17392661812836,13.724338548930756
90.20092314047086,224.11939773418356,14.145642253230545
88.95559314865952,88.6865444419796,33.09172155833137
88.64683676565463,117.92600595819592,92.7346534395574
89.4804951495293,213.27164152084956,21.06034897670787
92.33024576224106,81.43624080699084,71.1009271652847
88.95641838209126,161.99139850271445,53.32985751637238
92.77729775611424,124.32462634458214,18.54308725306023
91.11643156643072,123.96663536672374,11.110525606453654
92.56192435423704,155.01921277296776,13.222454253462905
92.9520743234841,80.6608244943925,49.11312390263198
90.50863243513912,107.47115812414336,16.681924271644736
94.136807421754,226.9807098413191,23.92164493874094
94.078215462437,283.4678153585083,30.89653900055573
88.25774881137309,265.1076935549013,48.7806418847628
89.45761459646909,186.62756984574384,13.60513032301832
90.37608501068964,200.52957893600495,25.64478981542241
93.76104072068924,214.8127989154655,29.911898784742213
94.44655935781266,90.25120090479764,33.34985118801696
91.94844006744856,86.54771553349717,61.17196311678473
94.75745748890849,215.25092077828447,15.65060640320714
90.33117770029364,122.8954189042366,59.48147310922269
94.9553766030255,112.95705785817694,45.41534826383602
93.57167879013656,122.76049650766991,34.34919399576771
91.63871488972794,148.88890435622585,46.07200828216265
92.8368366002515,159.98666638843167,25.931754994711355
94.18928749337768,97.08882990034824,14.46884054028184
90.0961239258275,110.52435084377116,42.87734978344944
89.62774436045376,103.1186766330582,32.31252496431766
92.57066131749048,195.42231316477387,40.59748265896906
90.72035930151876,125.6493883766547,22.37463645100397
91.20786393257112,91.33493374699616,81.21166485098149
95.0758301315742,185.62707433354967,36.5561095851347
89.19263644563884,211.5821795701463,12.67813552063901
93.39414775533268,146.1267576809234,27.924420511200346
91.88768943719808,168.04982701874985,52.36142080510654
88.42784339734638,86.80800126546447,57.41597607763723
88.00976555966889,123.35658962273934,30.47197757658044
85.37415983001097,103.9138125988644,77.54181180095041
90.09440879740916,118.42300912905864,19.345657387636557
88.51592685935937,271.3164011866445,25.85943995087408
91.30105713614591,124.88312944465495,78.65955161582652
91.6566289777649,126.14464895701566,77.9750757712697
86.9248841261414,104.44544625320415,44.723438867072986
85.98631120816773,148.81578622559908,68.7657230334365
92.5794322146787,88.40148855075871,12.788905869885909
90.18083628078296,125.21729896682886,70.0732986388112
89.0569690268144,106.47880730733856,21.597235716297742
90.51399052197152,104.2482853758156,15.892547951926227
92.30401374101072,127.4343959450346,18.208240796782697
93.61924160304348,125.2606443667528,26.23692168318444
91.15955566944876,87.62329366864998,18.678180287926136
91.80958433140658,123.10054039167522,21.59492544022357
93.50247710450138,105.69063501975228,14.3500270229822
93.44834866441462,138.61004465459877,20.53684125380749
94.03722680557227,108.09639116922592,35.47886264347519
87.97591298533189,124.47428783305078,27.494025372461625
84.19262453954263,91.77273847437785,22.772426655711783
89.22623483920029,101.01913956103506,51.16607898936218
93.53942726043364,91.72277088934608,77.19111778966939
91.05372773898917,124.7478006339497,52.41480448444759
94.35221746561608,125.4689685766174,22.10404469561241
88.06766255595643,126.88739315216944,50.92919637937148
89.26632122176878,205.8146668671184,14.945538212179166
92.2580366602182,127.2812298792279,14.1888291309826
91.70792290329229,94.5061020456945,22.722334309342628
91.74550548249448,80.6230217786873,59.46132837955499
90.79753613120432,216.1843729214236,18.484746521092188
90.90924452299754,186.32403586305765,11.960274411544274
95.3634076096376,132.0498992627398,14.236869503235242
90.93021596340128,87.91800866243764,68.71564865681438
93.91152303907808,100.8855726389617,40.1359000791028
91.10587395739712,97.20801332142442,18.7587827536718
93.94274834874136,124.83229395066805,34.31037981687507
90.94307520752903,111.400184829445,32.49658177953361
90.67944446349424,235.38130580076847,41.96426100175499
90.92602478776368,125.18861430455462,17.965391122058648
93.240204387341,105.08391315692133,69.94203799527111
87.47512373879778,123.7000778489533,21.1044691733312
90.1578054709826,126.54876765344255,45.53801534088108
92.8564747442694,103.15703684498048,10.487681892882955
90.88753377810592,330.64206414398046,23.98786136616637
89.24014122382496,147.60487656429387,23.00250613227029
90.91985002175772,107.90281766071958,33.52397407259189
93.03681591675898,181.0195019496029,12.265517398857405
94.13834809501896,94.42182835334718,56.83820599597503
88.47955301482158,126.28151101599651,17.368608192093408
95.43303075951098,99.43586202919552,43.90660109653843
89.43672506739075,81.17327289104712,58.76886694334569
90.912690043034,124.35166218735196,34.75766458701426
88.6255596997313,92.30871534315916,50.51429138883447
91.78853147432734,82.23068891588484,42.52888574212997
89.95071083558213,119.92828843984049,23.179800719382477
89.78718823216798,123.52960589388194,59.642244752107246
92.224289121489,125.61322122491438,20.474019311302904
90.85189917053152,117.28637970041828,35.40384385098022
89.54608623617773,125.9309271696874,51.04158138571517
89.98054464858546,126.10133644964436,24.29059602631996
92.69978863329251,123.1337204681112,20.81909517221756
87.98250823821154,82.53204608887827,28.449273397957874
91.97743052687755,107.49592380153516,61.10644094559293
88.45059142963673,122.64655474435868,89.74428975137545
92.57141453506758,126.3864807130376,33.62923605412162
94.60131377970184,88.92072900893069,42.49394065152451
89.08742170749464,124.41112299955572,80.07607403175099
89.01499220752301,125.35606158745776,13.112416245917707
96.10332631082048,280.3868503040472,17.922035979966903
93.18112295679232,123.16515052522094,47.02265349118843
90.45044093014768,91.27801828201667,62.07461248027679
91.00226657455856,103.79671815163756,68.35340993941884
88.26013427875039,125.2613204663864,26.089799705020035
85.95783006490278,135.31859262200325,12.807566810104811
91.10201155968512,123.31857515860436,27.275940227070528
89.99073142430294,130.6544008964862,17.86957698251812
92.81650996758404,106.03618406472648,20.32530634864525
91.2316859361072,124.95209213534793,54.3875150203997
90.33249467601996,151.49073837733778,12.35594579833217
90.22070952526698,126.83646848419016,62.73486938077478
86.99190614770485,123.50745173137612,26.74113800784543
88.36881076127055,133.60980799372152,37.19495976524794
88.46419604207136,87.22547688673882,12.81785766999483
93.06466424952616,124.25293104060852,22.34566095484573
92.66453477623762,126.86520846282168,12.81946219135003
91.76041992254537,122.92124020520164,107.74700026862824
95.52228327812009,159.7764751907793,59.39265117566175
91.82092358044548,123.531854455192,28.46518858154283
91.36723025498608,118.32476626826264,17.59272129769161
89.92766882761549,127.10128696922332,91.29635350237402
90.54226534640176,209.8618773240563,22.67513045618608
89.04337263433037,123.91487666877428,15.265780506740448
94.1913458000444,127.0227498676428,34.845949888298044
92.39857258107034,125.70281703543404,96.35134407973932
90.77405464414848,91.6847539147337,10.115129345455426
90.68002097026216,126.57105649564002,18.15917719028377
94.38009717260996,124.20431351362356,93.6360127283091
92.9485412942577,111.08858937126396,15.629164860694605
89.25472973467527,211.96742446239625,13.605544020432896
87.5690147158818,80.0086373924324,35.33216652049874
90.63349253806354,150.4985239566244,69.38111555431108
91.8614508955681,126.17014062778316,29.451514403067453
86.91446397413426,103.11187176396332,166.4427700955057
86.83334483782588,87.09523404792252,44.10547565449041
90.19359466590204,123.18435603888604,12.3088582277145
93.09399044438813,123.745471920236,158.14440922868647
91.73963172848252,124.52399643333705,25.72210017902069
91.4480516672785,220.7370931216104,20.16515744776085
90.36411063360568,126.0181803025824,34.48516281800718
93.5219941902928,116.26797868877644,20.88542975813025
92.96216774856704,99.81582304517988,12.712761630502992
95.8468600815776,201.9122762019515,10.042880924006372
90.8525467681294,141.42307565612896,27.91239242198055
94.1677249112236,93.83191479319257,64.39502585702908
90.25153665664293,122.92228945036032,35.481063091318646
90.3524478831735,212.3671932425504,224.20193155782252
92.0196449095204,142.1132961841697,20.14176395353501
90.68833251972818,104.55437131263436,19.87408903536805
90.03792310946477,82.90405939305029,15.221655099690317
92.57422274311394,124.9327821186292,15.37608193926037
89.80383867113505,141.46162625243886,20.072012313647495
96.382627311293,125.96141300932688,57.22792167910717
92.26542736337812,80.38907849033356,80.85629513328297
92.56429427311689,84.44477731255652,120.7711700630508
92.16314112887714,173.46624324162656,17.93028312238777
95.89658332894942,125.61018418842504,73.93405901083528
94.7801558099566,109.08060255294562,21.93629822989341
93.86452476484232,124.12277120985596,13.591916302018127
94.93697951624657,90.61901865001346,71.21237745041562
91.1568052366286,104.45109743448016,40.32674975583763
93.95191917446851,84.6408723095602,15.400039777297916
91.98630757227204,88.83998188941652,26.85468767541101
94.2234072383787,82.03245469457956,20.15906041861038
91.5165961276844,81.63632703753908,50.04461332432992
91.73678926586574,125.2659035364982,28.122030991497287
88.63205095383691,84.90702879015544,146.0691700803864
87.75486813637228,85.8791679963845,11.68901583553929
93.71656062031948,119.08298600055458,23.15585892684267
91.71682845652026,112.51766433917328,29.7276198311594
92.3030443309581,94.82686274087244,30.983020324758805
91.9568467104664,124.32584581919706,21.3911061651842
89.25450965537823,154.13629308828172,49.195701380083776
88.340177923752,81.773996510603,72.32260521797926
93.91139123627268,112.81267714791734,93.76871088742018
92.42968573340164,101.7297758814518,59.05704071465286
94.41446290561151,158.24450183365624,67.02986400755654
88.55148499257902,125.07977176965235,33.9916063051404
91.3883212444502,81.12316895106235,62.44173427437754
93.18436763928258,102.32054390509344,20.850792950137038
95.69741423672386,140.03702587744291,25.24880307929849
92.34492339007669,122.83844857152448,21.433992056307154
92.176785560678,215.6872113327101,28.8988248146236
89.49277879417143,409.1825477704482,20.088511513786617
90.75650393165311,95.34619868139316,107.79987517504478
87.9190543396442,124.9881086750328,21.25584556665796
89.60592542987888,98.9661919825258,13.095704116051806
93.77573229021912,151.03581895531065,32.4482027217503
89.29657589832648,103.44946189116789,11.763822074463326
91.30408991741216,103.11301562697422,13.514329053623593
89.96008333871096,170.02302189836462,17.430364935691376
91.94142613974638,125.52914737719648,28.728243483289702
89.6970715957352,107.75356662161128,27.035159038154926
92.10705800977776,143.85026696350835,58.23695224279664
92.19890239303534,125.13853777109776,50.35165373716579
89.57933651715051,121.66900299980588,26.6704166683821
88.20414638832655,124.4571786457417,22.18064722810568
88.66935082497979,128.7378656579326,21.414488594169622
92.92520058685665,129.4741288753608,54.61595626926946
87.09577235735985,138.12566493399953,11.604314725437732
89.1298223802905,127.5365986440682,10.387136688666184
91.23117929064776,147.25672424609422,57.62213207498485
94.3207675798991,81.83009129424897,29.453611950951583
93.04105819940176,156.64062075493194,14.20826150500328
90.05183639262553,136.89245482284556,18.058585081429527
89.74544073855735,123.83458109064594,90.87058741672848
90.85516551778554,124.57591025943154,68.87706907772522
94.80432999117072,148.8591457330076,47.114002733049496
88.21124838732716,125.6672298714814,29.74644816639717
88.23320757342196,217.2999373312273,32.03930871104805
90.99886273652704,124.09128105024443,120.96127053195065
92.27309783354164,89.64225420527467,111.2399738266502
88.8984991507577,124.50241506984293,17.27243060294236
93.1829466972998,166.0962997330247,59.996850337073965
93.20218464599782,131.34511725729718,16.591084305028808
91.0771015421958,123.57643139525072,17.206306272781827
90.08371841695498,95.17967208056402,43.81896840719097
91.6200374573521,83.26137201720191,25.57587159411518
85.88306139372989,95.9941005062284,90.44710068594712
86.49487969508213,125.47556374743388,12.796692031731965
92.22520221595704,95.96580026238314,31.49404893219158
87.48282632834574,263.9900248085487,85.22249412557439
89.32330505844814,146.61396565953072,80.33775256842301
91.7231181289386,100.5134474955066,15.106900334956403
93.415050700238,124.92633295593106,23.701380005553997
92.16188039976672,120.80229374466356,38.9582376977084
90.9772415082021,125.40089024155758,15.208998136550814
91.15352659062404,124.82501887547386,113.28137478284664
90.16302676125294,103.74262112492384,83.8647786606151
91.22175117051142,108.29183047595066,15.47985488564549
90.90687634084526,101.97144897316932,13.874417753248826
93.39147837087562,126.54764218854989,12.678332280534798
91.15309495510796,125.65458177846337,82.05349375342708
90.2523692430936,125.3819865738422,16.456147244109175
93.33802161668667,124.9870139180335,26.150269196640725
91.60162865771612,185.43721814625707,27.872522571958665
92.16138889242532,139.35861077458594,37.41464181203699
87.56703504703175,86.90540115320474,12.233151907825295
88.76608808843386,104.4459039674906,17.714920356108514
91.40802001750468,126.43275369741494,90.42343619830844
93.4281299577397,80.87049344911767,81.71303064250112
92.95167952273046,122.40347906714098,55.6003476316664
89.4143163310982,85.76078393862723,10.58775760081286
92.08781451978209,112.06294759730112,21.88060019766188
93.99268760133954,126.98290814967078,39.66251513089959
90.16461625279518,101.41265222711226,19.65538058851033
89.8297370841582,98.89081629113728,82.1009153141517
92.93008401406354,86.97515390993317,40.14459922982283
94.48496325276852,123.407760896326,12.23869093343818
91.59156086722764,95.09177907968596,81.90871570384809
87.96169016992022,129.06802276894717,104.93635837859834
92.47408971421348,110.32058505338732,12.426945802645356
92.4519680823784,127.05796771364912,32.80171036211169
92.32861869097594,154.35243484547846,20.844779437271264
89.7731059688655,104.01524508424612,24.96884230534383
96.68535233372268,106.6573347335298,15.940770556001093
95.24171620111343,243.22123268567387,35.887625121799275
90.8698059620176,158.63706645425123,105.08782576531246
88.54086689871836,125.09624308549706,30.97934021683129
89.77782625795409,123.71643969246436,12.596639830099772
92.90229564608777,123.36955612019143,39.02762606256812
92.40236097388014,120.6886161182364,22.47560114300246
92.71245849118384,82.8189864265307,68.12267792743397
92.080389113464,126.03813745057252,27.11080183080093
93.41424604676568,124.10405622818128,16.426986420955842
89.45220185713471,125.8162269237146,16.362607900482104
89.21249774380819,121.76535686722572,53.92951679521977
91.75895004546943,126.49527640040924,19.260536589461616
88.55376575103946,124.06032193928208,53.731570573459074
87.33680352498159,81.51245403929804,16.91589705456672
91.6660271004237,128.0807347731309,21.64436544891622
89.55125660707783,88.15551207676613,28.79197526365664
91.47792435734031,104.0266350123943,96.04437661441445
91.8136594749988,125.61769320624823,90.5291715150417
89.26135278877118,122.92215101218945,16.95311502830072
91.27361275020036,142.92877311622965,23.30524657738436
89.79614122328884,101.58224361593126,14.85437731612637
87.45255459860468,96.73206652787404,31.3995831388135
92.3741368740296,123.43752917385753,28.51796557982461
94.26184519500796,104.03779579015637,79.30647271324021
91.8019082160473,108.58574746358671,89.780105964123
94.6793125623314,124.76488446168888,24.514188238334192
92.74863861738194,139.0408338978532,30.3027431264484
89.57214395940107,190.6616324847931,77.96915770909709
91.32360808358726,124.87926267020912,59.30656856307958
95.91853293638012,122.6701694940043,10.109890359671644
89.54920276198354,131.3168675108641,21.57250237108655
91.41129195096434,92.317231158658,26.433727050477533
93.7031948271053,118.48483496583378,17.829891077532594
93.33862901040088,112.48509785288748,16.678246435073728
89.63796763152675,126.08823504373044,11.155505433524388
96.08162274483132,206.88101056909335,40.9316703491763
91.3035097297089,131.56840764418286,19.13509432189065
90.86812515630696,125.4836645486469,11.613011973301546
89.55450747906228,126.47436086410684,17.879122163607306
94.55188560052925,119.70186110686863,58.5716128316538
88.22567837023016,135.8554882198763,67.21292417583616
90.38309357564064,89.66359347838515,29.795216395591737
94.24535239983368,192.5253059044183,26.139259433503188
92.7933737968314,153.71592187674935,124.30253637734036
95.41811440056968,114.270444792953,16.71548875032017
94.11664420925908,87.20199798929809,17.27588053403977
88.84957357777527,106.75092300786524,20.35370799483212
92.4617568908072,160.612698789432,15.689715362092723
88.25412822253894,82.44857320684127,24.31039286145197
92.77855470908118,125.42208680265328,82.51774071038216
88.58657406180683,84.41758465048113,38.66247505697475
91.24137008007962,98.61447811003583,25.92812294483089
88.0942852196474,83.69545080792821,91.73032443887884
90.01026740975524,104.13058138043752,11.490340068420595
90.02329678673247,157.52933033442542,17.082159607706018
90.8859824337945,124.31985744488824,35.033623226303995
93.4231911180024,182.58103651986133,38.678450822904495
89.43018245110756,125.27487674909744,11.210835101566529
88.39561642214701,197.9699191004866,25.477092664434288
91.55128825376568,90.58000720207151,41.42223393974438
93.12843850275831,81.99152473060042,45.926856587729134
90.6871066094035,85.0671091352392,40.49492838684888
92.70916941412597,90.36682198362948,21.594732854111182
90.93369597191509,83.39935093430744,12.945593447773929
90.74315113243944,83.6815202832439,26.71197469284437
93.06196823117024,126.25225474698128,14.134942300772362
94.12838008012392,103.1437715324734,98.47900864291856
92.71200103164622,150.41762809454298,29.34047585363613
91.51308805636474,93.90262600122291,21.4491986823286
87.88957099289883,251.17532742327785,53.61203373600299
91.22009556740336,155.10205821951928,30.671582779565504
88.79695927377126,139.5361781420007,21.133389783087672
92.0333934465326,123.80999459762884,60.134252435296645
90.07247925699696,121.61462944566472,70.55652394326742
95.0943020135897,85.73048143077932,43.53460245269776
94.2588670487925,135.07782240798045,11.44309131456247
92.7118585113894,226.74644794505696,35.063649558318346
87.66110661355904,98.5349636123226,53.22820801353208
89.12622382528347,257.3781783181601,14.40294608883961
93.92374421015214,87.02465187867503,17.78919866707494
90.83442229287134,87.51352055510436,74.23825861813155
92.52177834158276,126.56470253383446,10.609807630127335
88.02632291975937,124.50155319096083,51.91788540801696
87.30074453388215,132.1554318823396,29.260694688255214
90.47629796137888,119.39976898578531,27.75956058942124
92.7122147381388,260.055726170183,10.213654979447222
87.5782836117751,84.85249480475755,61.34382528203019
92.94329525041148,92.55383287503872,23.380406418781824
92.50708747690288,126.08438012710862,33.34583776146174
93.95757207524466,128.44531356597753,43.93102920340273
89.61767550784647,175.76161021487604,46.383300997845424
94.63231585261148,108.069074699793,103.69337617700414
89.1117651945058,81.78133184035578,32.73632861052468
86.38419557680267,97.9079277655727,25.310749537832592
91.38846334167256,110.43923558351426,102.18074940737203
93.2674906423963,117.40516977375243,40.82590777191843
89.55555345814774,106.23174027209971,20.621082418805763
91.83562207807763,80.96689879822526,14.056186530391257
93.83070158843891,211.0462079971636,65.46027764953718
94.7453407210232,124.82310103270603,23.49105040102256
93.18060509156018,107.18977849284624,42.40576449981666
90.6341746240944,92.88955951386328,29.092596219735743
90.70479829143774,123.11443606785926,16.654200102462372
90.27802939927976,129.9598957859376,37.61548504060578
91.3373113140708,104.01836868928554,11.878070108995631
93.11241527325387,88.31638474438662,25.99942109013033
88.87380807861396,96.7572551653898,33.73040475239202
89.74300200777893,125.09771215352136,27.183529551908773
92.99180737899891,105.41246067745314,51.429913519802255
90.8168281835696,176.30134478254337,62.79473759624467
91.64135177483112,115.14271313687266,54.25285893502814
92.80085631644802,124.05623700549236,11.187587370292867
90.8347372593594,130.76442253463426,16.474939421817183
89.10264086368372,127.39019227755148,33.075426154829884
95.2747045363573,125.13964867746738,91.9190173244721
92.18629723828802,134.60098582530603,64.04643610025299
93.57725317595109,108.3380904251197,65.45646836106587
90.65066751638444,178.70181790932745,20.838058379198685
91.97242165437802,121.88258917794828,26.834523559872547
94.23318089541893,117.23801717504524,29.08633409117198
92.0223341187797,93.40309314496304,15.13687615141979
91.31724188850475,118.69917120312356,10.946829382390728
88.63778102874947,87.59111069077854,98.06898868003888
86.16024811290765,130.22931030965478,18.261246947519595
95.77167759702957,196.63033680342963,18.231088480574076
91.25337266361024,125.02707514265278,12.611837652165022
97.31000296147998,85.30803905174623,89.14498761862069
92.66501645481924,81.37515812632427,36.00624540096647
89.673704204258,101.72754473468606,42.99170431556572
90.79062820111676,109.93411577856683,82.76865661635912
95.14755939208614,81.25618928564383,22.72201943847929
94.76008985487132,127.9061765036248,39.14675567127874
93.54234309585192,124.38869930622312,11.187166235150318
87.41309113021042,89.82258075210291,16.202332464864018
87.36718896413166,108.17676458310228,63.379362724366125
94.43369794395804,118.5313029868064,53.67169421438371
92.7173741972974,112.0803381211546,22.953164839663835
95.1134001805855,124.69320077751377,24.187145143719537
91.02103047537148,124.87255273094688,32.87841851515832
88.83779701440822,123.101918856215,10.00723101194292
92.00934844905652,191.28645076854085,18.28226415331059
92.3552083468415,255.67347834277655,17.004598529371947
89.27997491724649,113.38811450631154,18.649786265883623
88.08201449078908,124.2177324521712,59.1823566968852
92.86329234927824,82.18104968227973,19.841535775489767
89.06276855949042,110.41479876327496,16.37802918007392
96.2317631210061,177.33617850032266,31.051319929965054
95.3022438863394,124.63912746115912,70.21809997323984
93.14239079321229,92.60168743696772,18.28643051890069
95.4089376735231,94.31582549507417,12.453754985810823
92.65780687514062,141.58023936922922,23.220556667956835
90.65299657196782,86.3757412084833,51.30836489551424
95.23596216660135,112.44329805969092,34.00130255806546
92.55496516437792,126.34510659095528,60.91421905351808
90.1929514586066,104.438339120003,106.2619344038082
88.6824898946369,113.52561257787404,57.20221799565314
89.50119160883393,136.7553096334347,37.77531747043389
94.07571804740354,93.5212778646075,30.397547384538694
91.02739023463086,109.09016308100462,11.226818861679016
95.65229903176365,86.43701048200057,134.6648641569649
92.8214398257106,129.2312117482295,24.509990095908933
93.21021665464848,123.33055230328956,14.954313987836612
89.59629748524092,89.96328097385371,42.96216588602968
90.0674366096121,247.1435823751884,20.03433494510731
87.7779048148417,89.26777891598167,36.44061613198015
89.30502362662726,124.5999626758614,36.51237632161437
89.77082139021616,127.14353842675654,27.70309069644969
90.71643570693676,86.39772576195182,64.25837135077543
96.15588814865131,195.6418413236553,19.235198996894365
89.83558683898025,123.90470596086172,27.860616675155647
94.51325951742514,116.65780822522596,33.145726645218375
88.45606727822391,124.79749111191724,42.68583519436555
89.83534903900365,125.44184567990531,55.97039674167189
91.73899842023852,142.83067422710118,25.06624992932544
93.69106993607036,161.6919789245512,41.15772955252799
91.24245489742722,125.57301253125937,14.897138687544132
90.73723832444958,96.12736443470328,90.9347252121752
93.11382295596287,123.6918724082588,24.489447095913924
91.68827157225658,117.72494018630432,49.226871334886056
87.57504122624209,100.31475133957724,10.616524319060971
95.10925602835007,81.77328870484037,16.889457757568984
92.08967371240524,122.81360905030476,30.02921055616514
91.70994438454645,235.2674549186564,73.17417358221088
91.71320695584922,120.21848459134516,32.475983953168225
87.67877312809729,126.43829501571584,89.72234480793071
87.49257846732807,125.54134961514995,29.837649390145597
95.76113771197284,85.72670441068868,30.22676569116713
90.39477971169704,130.5252552595939,13.826370176766776
91.03811523526588,117.87426220975792,58.68424352094446
90.43859839540684,121.15031833433548,18.50932357775385
91.79006262036242,116.45188343559408,78.96152426802838
89.60500919110518,92.25936567352667,82.51437413903034
90.22878278415996,124.56875458677916,96.10478272254944
90.76237106022872,123.96131743220612,32.03348428113035
92.32415406762824,126.08529070761956,43.91180059864245
92.76196374669958,125.34147454803878,55.22213156043042
91.15539623668964,126.06480149254396,14.21286928722481
86.68327175896098,84.9497268155362,37.56059761415231
93.63476624234576,100.22485066159176,11.046996363185436
92.82509446397071,90.1783452663206,30.64873470784896
87.76966701343844,111.91906544551628,15.04697480068375
90.98306216330748,81.67015522127821,16.060655521118967
90.44608632842956,126.52925889714864,23.62615573217585
94.03384150823452,122.5394064283076,26.992114489397167
92.82958872044505,94.7590808242082,39.27902666970121
88.24669842441632,82.68763338035325,12.320314188848894
96.31811889001143,118.31846697695664,31.016742884760813
91.19098376019004,100.1807107560112,16.0497235736826
93.03378244149522,123.50490610770764,35.59772979511863
90.82289401509075,143.425023734311,40.43403102137366
89.0910424528582,82.85978458762075,34.40588255385007
89.94758821467555,123.37845574847952,50.2161794311247
86.62671300289522,121.9591550920522,22.266544450228476
86.35713906954149,123.13608953618122,53.45870347464172
90.54394781535204,176.49437042499318,27.00955806902959
89.53973989471754,134.17365174509075,29.860183969819552
90.4792151067839,124.21649810344394,41.33242839236608
88.90310511457815,158.51006638592702,10.55586971185942
96.91056032245862,93.90992083560994,41.83899408898979
92.0603537164211,95.27697084818035,38.91602945920765
91.3256018072736,147.62883026179702,21.125264080331178
94.52726199231138,102.22019894862716,12.690989848803223
96.64677826234262,80.12371485623149,12.860175253870914
87.98265577061852,125.42205470915732,87.00579676537689
92.10092295897503,90.92457858392284,45.065827280836416
90.20272941584476,88.95533977738644,14.078118147949713
92.65569599486628,122.34629394154382,23.23540352649161
91.65508418611644,83.44366278351238,36.93017843245565
89.09055137634051,126.682354070346,64.15842103045318
93.69937203319692,106.8244738285034,11.339282552060183
91.03649932693848,126.78000419014144,18.100496184847835
92.09000157893406,126.20122284145056,76.14986819135711
93.33243180206053,125.0894366566084,10.276234368219546
93.31124946088592,126.36976692080978,16.746818826397824
89.87125694176183,110.04681603344216,105.84319132214874
90.46738205791952,124.05772676530184,38.51108465593566
90.38505752063496,164.51693028707427,19.10098752520793
88.39265208200499,92.35547989223416,12.080215991579164
90.89945369360252,124.81706280261216,10.857890386348432
92.3667775453657,126.35194906750712,18.4209983156992
88.72991872495265,82.43309624619623,73.98167978949935
91.43818758561925,138.92002610210497,26.131193645580453
93.58692931076672,108.6189885221587,48.22470967928094
93.93949816635042,175.1880997960642,85.13554385214807
86.88433830736153,125.147296989074,25.72950981207909
84.71999086564455,253.42938916184775,16.368978321152696
90.88027058938296,198.7540344868493,31.839484552213328
90.14194570770132,128.9508549411523,81.60630273590033
88.08024988330676,138.5441268463676,58.94658168606844
90.51755050356964,124.7286711201556,12.042900303783629
89.57565582098127,151.77922566397433,45.3855090395388
89.10521405623061,125.6118227954234,35.45178035658552
89.20342639630636,154.4389045352031,81.40445860389445
91.2429283708438,83.38429900020355,13.919714394633251
85.59645466319985,90.58205278899058,32.909414320204135
90.78825281603704,126.5206270569638,73.47387929665405
98.351893473627,126.14863439428534,25.830191782195996
93.25635511395578,95.99612218908813,29.7331067633282
90.12416866537492,108.35379329538726,12.191985036771824
93.8974460619378,159.88152697859056,19.77787323616806
94.78229135439234,139.5371446867046,21.76935894878911
91.92805920457452,111.0544272961259,97.07952749641044
88.24511670692625,105.32058994617948,19.96646840998583
89.17524165298656,126.90713423047974,28.533886117004485
88.96466115666372,87.22578478715049,43.37869768474488
87.19799589051335,84.94445438633801,15.308680718022492
93.75983797828724,213.98979563987749,29.99179178481921
96.44881764027971,182.2199630596336,50.24410891482834
91.30530459322692,126.0364773155226,70.48954357074985
89.46093451661318,80.7322829671189,39.52578909206342
92.92174480111744,124.12131027764173,43.17395783113085
94.1091320692869,154.6060705828642,14.049978858327814
89.45893367438717,155.98020149337623,97.43922503157158
91.85694128684338,169.2302665336981,14.266754881605031
86.897842314486,110.93701998865808,54.70606959173066
91.52000795451478,119.81454069223255,19.22904725941798
88.69698325963515,139.6928372684713,91.358649109575
91.94889776322636,124.14497235769711,48.1846355200142
89.8316321720228,92.28353660573428,52.050002959424624
91.23497963753287,118.72729307886097,17.417676933235473
96.5910977062546,222.36397135300723,27.557854389050497
91.45374293592992,216.03981644509855,38.85537311520423
92.39630257957704,197.1305466878199,54.08683819561955
90.78035725232712,125.84739770144624,13.293085829545348
86.80336172424956,132.210932485181,108.3948765714327
89.60967550412893,165.7568475476565,76.27849072137676
89.84190880353363,96.96480983101846,19.45565140348294
92.65074995741594,125.46154156076072,61.907557115696505
92.1605563857364,125.49331475044156,31.914502910590443
91.9956788832102,123.05327025278883,28.58611251393791
93.44281423087564,145.18018949687047,21.32531976605676
88.31222453563261,124.83742669662674,36.09428168891923
96.32298156049524,146.052285128565,49.26768187347611
87.00177524030816,197.16513576694663,25.87645565027216
87.88672785888582,124.42920936965992,39.76432623128873
92.13243554551624,181.91967691283568,46.05055480493966
88.48028950385905,127.0955852786288,47.25250575683643
91.32475183789634,84.27331898318194,11.600950477046243
89.38630535510242,122.99025275321132,68.92939266887353
92.46847259660645,161.6945779254295,28.388702716279084
91.105707607369,91.78154884049184,19.131262291327467
89.75857174196572,114.57229616859544,18.302837963242887
91.13616331815044,124.50111335806795,29.792191072503915
96.2616443151587,86.235309807181,75.36633307752989
90.98780985854204,80.60494241439002,24.261224662952195
87.71567201558156,87.54226056396328,51.55593848598932
86.65816520156845,107.59476732289468,13.054960144988918
89.50703814122987,124.0620311968831,29.391154321845764
91.81057822232482,240.71099483675576,153.694939737963
94.8375589283935,113.30622329835424,54.14743823201515
93.42466226743451,124.83640246819428,17.09174590278381
89.24805629429933,124.56708847002592,30.88102874959048
87.86115356132292,122.549591119556,17.982500934925824
90.68285165081844,124.49891396592902,25.806664833242657
90.91921891349432,244.68794096391724,55.435291949504006
90.19300492996923,197.2223626781513,54.25046451386844
92.80057054023932,89.48555041964754,17.7670228180218
88.84235075170332,110.07905295293617,86.61740835810136
90.73584873413684,185.94180413582507,36.93645039907011
91.91605819167631,125.2123830018563,24.337410911391835
87.28205589262365,257.3882663206871,30.9107756338452
91.99949568739429,133.9814400437187,37.87149756408858
93.60613765553934,123.15656432863346,34.62195375260994
93.12089323975518,84.75053527099347,29.98960993141958
91.13440148335044,83.76111927553099,31.09185328936624
88.4402870859994,104.19222915550858,15.822542960678582
89.02381433733547,124.18206091444394,60.25658085936639
90.6744479654458,106.23650014130791,33.410887385363715
91.57873118663204,145.38586614248558,14.215121759072009
88.71531144956782,123.7644899270292,53.59317290147351
92.05525289220029,123.9719726504846,90.84394226069529
89.62408229651788,124.842241873673,98.29812241952057
90.3590829487052,185.0502035111649,23.81432556741169
92.84028506751184,86.38496691013886,14.368704770145284
85.03311432473036,98.1119779477958,31.91921829172772
91.09027595604256,234.346978478712,13.584095215900623
90.61683494049343,90.25084181898345,91.53729779578975
88.54555942475939,151.10246222691197,16.084776823412053
95.87976855549772,123.45932082361404,18.741301074033185
88.55335504935408,128.25822230567937,25.65844384808134
93.157164827037,123.16740963311685,24.494585568843647
92.92153042251388,125.26097365961051,57.4930666931964
92.14054619778852,125.12283362525078,28.281657775006703
88.42451309592998,121.62976637018902,15.617668638968158
93.0304467289872,126.79568659017454,19.326879081366577
89.40663807926148,115.2627122055809,31.346263147526173
85.61139342446926,126.8707974021262,14.785840464409215
90.96418565062004,123.24264370667336,38.37588696980486
91.52593841176456,125.6737070681006,35.023860140490825
93.0774221774731,85.39802923123534,47.62666419718766
89.36345807219534,153.42815057607663,93.27603817206816
95.77237355723652,106.95636393353492,82.99946189043496
91.1242340209847,81.58251661340962,97.60517645231928
93.54816195212528,116.53349031773452,18.419827239404484
92.94683493524536,102.78276953127369,14.231886726312084
92.40856787375964,138.296791272497,20.797980215917622
94.17593987865236,245.1237156235672,77.63819281610114
90.59035721449006,91.06307163357114,117.3238720839152
92.626707196264,190.15153279809152,68.83907997529727
91.00379025371436,126.38767905753828,13.496611835003444
90.98367925106864,91.22818611440049,98.36714750370008
89.57541041366916,95.76461987910004,26.516011092126774
91.01945718014046,359.4026477706552,10.28061707265845
94.60249292640688,87.31073047910348,27.52306582764523
92.8812274677422,126.74379896558403,11.41492345190102
92.27203581027472,126.16194541415094,33.54984365636652
89.68644334691882,126.4864021235173,22.39980918678176
89.64315847372903,86.51110656715684,29.241411163796805
89.3175100774509,113.06203434821168,38.49312674533503
94.4470089029302,122.46406515908582,70.93122264331001
93.34895262029092,277.9738664675989,42.53254696053373
87.36314211947897,112.85455527990528,27.07742633721788
93.61112433669447,184.25078885479616,61.34874635235316
94.2323668763273,90.99335374019697,80.8007500932114
91.78225542792906,114.57270432758295,13.826819298569514
95.20520158119842,82.2750913067317,32.774313488824944
88.58173448874088,124.52744225671488,20.043711860466225
91.75985344440484,123.57580520103362,11.446137802607426
94.68206724591175,124.55326349118506,43.128050180508566
92.84376600552204,123.23050776688616,69.58307782270872
95.92053277701478,115.1384324132188,15.334447370827816
89.60080146325247,123.52039894141028,60.205481406800594
88.81457805636927,100.25316447633202,67.60055161611064
89.57789254575607,221.53854537316317,83.72123423570376
90.51952282286508,101.27344465719494,19.24818193960981
96.6968853612039,195.12651434077395,80.28754908151204
89.59190550330658,103.34067952880062,21.59912786200012
90.56548797954572,89.79891749398699,34.11150476984679
88.25240683546951,92.42180513527076,11.554828508076302
89.65935466796245,100.10793017020434,11.346189673429878
91.5874448104592,125.95272867679226,48.228984025982086
85.64775218700795,94.7178357045694,27.635518819230818
90.70635647857372,132.5613887584427,18.883218970953813
88.9597693536468,125.40112002554208,16.33694951737374
91.75845116266171,133.7440545979511,43.25565092986057
94.0508171347545,100.01337690802715,10.012048739971895
90.10613910222315,190.73017057932412,59.18008881069615
91.54847262385584,123.9023334613369,12.476988876584128
89.96776419333878,125.32475184092354,16.376852654786614
93.6042064642124,88.08277068982505,24.64436300800856
90.57094903978266,124.36354597382072,29.89942372348396
93.81196102165944,96.93908281224677,23.15492169500648
91.7492280416456,158.72189980848333,21.601309931885357
95.15659953103676,141.3635462647733,109.6571817932034
92.46971877676587,179.48776131366054,40.78146719587202
91.4057455775178,110.71702832767538,10.7113561877305
93.56823169579746,89.90157427866384,26.87282731268868
95.50414002242384,99.45253978233666,72.38533426160943
95.15245464834344,98.79316653201325,20.76272130997322
97.07748574981449,83.2623076229468,12.979906859063954
90.96452010018736,81.48905350506388,52.61226350227582
91.9005462594182,125.79797552709395,37.943184302116094
90.44051871652108,123.9448542521487,35.340912907046665
88.96057863653257,92.87235918926568,11.651955960091056
92.67070334257146,140.95679266627798,14.542099062685814
85.03029757645335,86.1737467453557,39.22946709251346
92.19039080371718,125.61643586212612,16.989144684983387
94.64427366555638,128.32202586208234,31.03961956164782
93.26865225860875,97.11636346211024,33.61593589386043
93.11655348593382,108.38471110236858,20.001612011027277
86.61646497387767,85.43906435649147,98.94163707581632
95.35352904299634,97.26735643794642,65.44305860718039
90.25120610381762,108.0958074562058,48.444358639106646
92.59572506663936,123.95247761356138,12.43610208889897
90.10637033745851,123.33157479095446,13.36584849562264
90.7563231366868,170.13937462760157,30.36439293634052
93.189349729367,120.21899282235188,15.256089195044929
94.2788278629269,91.93298324660006,124.86558223529852
90.61424183375858,81.34316812574767,15.177799324911868
91.6257631209056,126.16969460432573,30.0517542960583
88.37392110903637,270.7852084106896,23.58241224114745
93.85845463883932,125.15212628865184,40.5984494049354
85.88286409118035,125.96519537193308,14.144653127623172
87.65254431725519,126.11869809816596,26.880226276466956
85.36208142222664,123.94261428652574,19.635305667055587
90.4307414750272,124.24533041156587,75.61121005819885
90.88953669851531,125.4975896296057,11.2429689257268
92.13997444643353,119.99358589558716,83.50732954161391
93.87187383443974,80.69405864944814,63.691791060888754
90.34944028408825,123.7047481901698,20.596316404416548
92.37895039677608,236.9365889420882,56.71826816390898
87.57824521535784,88.02781200158613,10.95133251663447
92.6731354753209,83.5067095053553,112.21545283590956
90.25323344217972,126.80527325282908,32.434116963835905
90.3506403546953,124.50641921696894,20.841194299216223
91.09326587250328,94.79631970808236,23.50994620088674
89.34411033692864,127.26770649799724,12.06138796715254
90.72294735232956,126.51146590006267,146.26449274036713
94.41729780145538,95.77217804036526,11.202541277414674
94.13226392353944,117.53129830416918,41.91825069741236
91.70469913288686,126.0038184424454,27.541481617858377
90.5592536690664,161.27766846059038,99.22864640597396
89.42302097355969,156.55098567534196,18.47087699660633
88.71380604431491,123.45829109213412,32.784175645322506
94.13024159565887,142.83463767626958,29.7540380388052
91.18353357192464,247.93035813912672,46.40720673771084
86.44583101506282,91.25470584868177,12.113003285395944
87.91460239844855,194.2142552978361,16.462298362367115
88.64188342475225,325.90817628277944,17.245520364914654
83.80236297464845,126.6248471307132,50.19959022959087
89.35475426116831,201.4160171936923,16.289747751720796
85.55926738900554,125.94748211162688,35.56370803939011
91.8671616095454,88.7426551766896,17.271466264299214
91.1733154176127,126.16042499897928,69.33362581670033
93.67019390007977,126.97343393521268,95.515446476037
92.10726449784156,91.57877268297815,31.92503373720889
97.75894042958777,107.92402311770782,23.030241083108265
90.32178636363932,126.16741897496291,17.999456091727925
89.74152904179041,126.82619833128727,11.531883887251114
93.90792458684722,124.44241516799023,19.379744880641628
91.83423821517997,84.62945949045512,41.85994543426621
91.27505033565942,109.73456121056796,32.882438401772255
93.69520540785012,185.51768275515,96.49422916621442
93.87770960525206,125.13404464429186,25.13920690901923
86.66236350213437,87.90224900342575,45.51171049074953
90.8350605999994,161.85478709680882,30.160524642316084
92.31609001266804,161.34038582476134,31.5586402337206
84.6945779927713,122.9422243965657,19.34999497471829
89.1982345859035,96.3121736452807,28.206375120285745
92.47474785788354,119.26840482710372,29.09081490481225
93.65980065846952,110.30789121674805,46.79090054037748
90.29929409721773,118.49974549093052,94.72403999235976
88.46883986866726,117.32031141449173,21.98395182014388
91.45368733468644,124.11293850925124,11.293503409012342
90.86449523785411,173.32506738739932,30.572942466738823
89.66370238039222,127.93201125310672,33.588240246533005
87.58160710692184,125.36721607782434,15.5335746091634
89.99630228974586,124.94592855793611,52.87162273964465
87.25071591104357,186.81174488313516,135.84970320835455
89.32945160396653,115.61386030567508,97.43824010331768
91.00571131119148,95.69446018471449,16.585978812542898
89.53526691409424,101.5368527481424,72.47055073799663
95.95341403211634,142.08683641689422,46.57194722146061
90.822637759067,124.81994014618598,28.14565972140766
93.45628888393776,86.56895929900739,33.33573762804984
91.48265271834704,105.98485262588189,66.83374092742807
88.2082531578667,119.9635632894354,29.62558001160995
89.59801581127195,150.0257335466652,24.0141857583479
90.77356861922284,105.72659179245476,30.39197639502744
89.5727374072727,105.7878268586019,35.96292447894203
91.13647009611108,83.57250986505315,16.287489403077657
89.55637142581841,242.2813984447746,79.35111536203114
91.42592663323305,94.64724104621956,43.64294574326686
93.60345837853828,133.88157529920957,40.09379332915121
93.2534022781898,141.63008501315008,13.144027707115242
92.04247809730552,124.11361614623536,37.80341206091245
91.58167200161066,125.2599802639321,13.867768883233191
88.47238897290686,88.262909801651,12.459011184237392
93.9645381276722,165.9329215307663,32.47952173758061
86.6988460867958,81.85447471274298,25.46436971942412
90.34411995756167,98.65223058748626,36.66101623641829
88.94488643093486,138.5671235252523,12.803688525825926
92.71203965385985,176.37895735987632,26.91535236321373
95.50333893903743,105.937006892929,15.763401965256053
90.31766144285272,82.49517138665766,140.51603885262773
95.28395087024192,152.95857325807089,34.707942820495944
89.94341418743757,122.12186012663632,44.888463556743886
89.66128642475117,124.16869180499836,21.809873658187374
89.5124579831914,123.3951969604433,12.985956547944635
94.25622846317516,329.96166032380563,121.73005466866302
94.13617979664208,124.87148194103764,20.11705531368318
90.3825415538076,124.84484689070112,26.539439856128556
92.7375846582204,124.0975446599144,41.483002147732655
89.82370567255148,122.48792674623328,10.7502217676967
93.90899145045948,110.23684682146416,59.8628794759695
89.97710670542145,125.3068505652618,33.073528089480135
93.50640579728608,120.9429037671708,19.7809299537209
93.16010179198814,122.55113038284912,11.907624734658416
92.35834920060958,136.478776481181,15.319963699416675
85.73712505687618,111.6579086915657,77.62352338295639
93.12483262586564,86.02996005461168,44.75318327027375
94.21727883455236,89.9428407708821,18.626531296570167
91.78542533626543,124.06792760303514,12.035544566706148
93.48995067413176,100.031919367748,45.19509497955095
91.05906923466104,93.58195990078278,35.4875550462164
89.23851420519777,105.50250321516272,25.551600321639384
90.95586853608268,123.31469786744212,23.558379197100745
95.0915783940051,95.37614870233996,17.331562468746995
92.16812245210042,98.3571454365904,43.22455922017509
89.39459705833073,113.56280007443368,115.8723146893725
93.46636837415058,123.665381696518,15.797176999880794
93.18617437958058,93.6314124537734,37.27324415814735
94.46333004093032,125.67606852773238,26.559068417308907
88.45117209656851,106.63067250875385,27.755036370061823
89.47227215503926,152.17157504104392,18.796813741430007
94.82138588466732,256.41473519499965,62.31220960839205
90.60702055716634,137.8935511456831,29.92254460773455
84.54393656465612,291.3287125709654,33.51881085617065
87.31696708291068,124.95457011667357,20.90498446635349
93.37653663541556,118.59570423674698,16.019764607101347
89.95922349668281,83.77004246478434,12.694800063765072
89.55038688262617,115.71838551539108,47.565403948449735
95.32729167004965,233.6367344639514,16.553423422033926
91.7826573893323,242.06334450307403,45.14278267238732
93.86554215272442,178.29507259306797,24.847409109451718
91.7418174368219,120.9115723760268,26.124062672212595
90.19755761862451,183.8843642878036,28.99982743644212
87.10703178257332,141.27979786229102,23.75214309543879
90.03211756229712,86.06011548906781,13.181488498420524
90.3003375688061,123.27547917334256,21.11590645053388
88.31752171592254,98.11583624683414,42.69561514600881
93.03116618961371,88.36231616145909,42.8790696900907
89.32219784065941,91.5458072668308,20.115595653944037
91.48613347326496,216.258445202032,28.49128619999064
89.93130538854645,96.95189138692142,16.449578506550317
89.00529401299606,161.0548097667482,17.085803012488963
87.55449489398951,96.39021433376725,10.699504751110076
89.64244539799098,192.0128795534148,78.11705898286489
90.61959532722902,102.84633475563638,17.09851739768173
91.49545282062914,124.34101897805331,17.745013744338106
90.09390768731456,126.6440623740567,19.838519630871893
91.33050725260068,93.72890445087556,14.088618055062176
91.81263023503112,124.26681011107765,40.588173825409086
93.1127847061041,126.37322158551063,12.343482921658955
94.07350852048168,165.30665373729917,14.323124391637618
93.82849635088289,92.88799908623884,41.04857340972785
88.71756931017599,119.77645600248135,22.450040941938585
91.43621733795992,192.74923705594568,46.92468450980783
95.0291719709718,85.03904481182026,34.454342813563485
89.96482547511657,82.77610091727912,18.872281089100174
94.51625707369026,152.1999985498972,41.56571499139307
92.00903619133932,89.28602239961533,13.708235721094669
87.6023268803357,123.8314230611804,33.06266693207334
96.12886913380086,188.80228423541703,27.242162484190253
93.28263829514934,87.10421904450945,19.35406236588605
92.21124220585187,92.2402831572899,37.79061065084769
92.17830915366224,85.88846812221809,71.51596633584457
91.93387793380356,86.83243617393165,214.50180292976705
89.94596684529625,125.38122343582975,38.076653213900194
92.991606878585,135.83488750842386,25.560990001546894
90.2926302875481,125.46444807338274,17.65478534276392
88.49679257430253,125.02986260660506,18.91565706598332
89.26757169947409,93.21166615329236,29.586366920711843
86.9372239678791,107.0050030281386,23.731709791073605
90.59903156313476,116.689321557149,83.53760774300741
88.48817112366262,179.5882788118873,23.780005187998157
89.64755940678843,123.15161079751002,24.025541999501257
87.55633994684335,114.93180863180687,24.51258817551888
87.26802279028574,124.47339966284618,64.35033371999835
96.09412964696163,91.80395831174846,41.56231030361107
91.43704314540214,83.28917671134641,38.57066323839031
90.39924859688176,140.5016839836209,22.20041139482765
89.63436420428006,133.83963271150677,61.09666688612977
92.06388486657488,106.94450149401838,11.173574023676048
91.28249611177638,140.25371566221736,71.39115405835636
90.4575459893759,84.17796537588781,31.569332048143288
92.17463845414196,121.90333869149268,25.23740777859029
92.63803166112268,102.86361759822329,30.6249319070165
85.71079131588348,124.73849544560328,43.02584222927623
91.26909418069482,90.58698407768658,10.385428140508672
92.16896553572457,130.75874586442094,71.56690024900688
90.5891017089295,95.5137302912854,27.75779101656144
87.45563583986905,125.24495425352524,22.600609073058973
90.31049744735073,105.17790917564264,14.46354783489921
90.92434492220158,123.3458025904276,27.365927860980147
91.76293540527888,125.61217858273814,30.5745890584536
93.4226545928414,116.64409765197333,25.50765979227984
93.6341292329931,151.1881067614454,44.05767455060054
90.57702672021396,111.70234002333244,26.388223317073848
92.08668166134304,136.99366089024102,107.64875472570016
90.91501677493656,123.96492161933796,37.43458466981993
93.45154672679402,114.50111785497472,59.42633535497752
93.12593823393942,195.43560507249543,13.47431120896931
92.88453234634711,123.16011981462928,25.18963815553081
90.7461279809183,174.80474188661992,22.32251811804295
94.25397536405342,123.3374461544212,35.28301137098001
92.6418258109544,98.15742859448224,69.22295111844072
90.23050613559408,121.92535650789468,12.447308598064057
91.49363535574608,125.68925904051238,12.260293976339618
89.4993849220819,237.47929160278557,66.9772085655822
92.35882760441864,124.2534505180422,17.180096824754244
92.02068498241744,145.20796476093494,43.14675179452369
90.96544262293796,122.05797111678538,33.484157645289955
88.60572441306111,123.27786256719612,63.67373539298266
92.65515062927392,123.73776862952984,14.008990270866958
91.88611238158444,85.55145872769518,14.170379012739849
87.92392204181742,120.24817411547836,34.41326713083698
92.838773917484,123.89712818540583,97.77424095849383
90.54232237222472,126.46195041830003,26.084187997382724
88.58873646030655,119.41524599637104,21.8777176218092
92.52554920314115,107.6301575126672,37.99466359600345
89.03630193182572,162.62808696249564,89.97067717745051
87.13777596453181,85.12570578052132,64.40687298618238
91.63144886329592,80.92137369561674,172.00127317479064
89.22839797033596,158.3790149606213,10.684814542838126
91.77581027036796,116.92658780523826,13.592511472492442
94.85450931582052,85.89704794354749,38.20734282734472
94.0395028717286,123.98519409234224,61.54018022868806
90.41814454879275,93.56420855440426,20.074435965570217
90.89394519355464,123.32742623732511,18.20198026103891
86.47685185862035,91.09666270123051,56.390485053943166
88.70480801433229,126.3707026165324,11.741011026153874
93.83136909113132,188.56475932621203,23.83168044811088
93.9440490026196,148.75788079898865,31.145009417850183
95.97272422815516,124.21563520673418,34.65319923769037
89.17583847157884,101.56069300885784,49.12652139504839
90.92654173539609,153.99601372463525,23.14797406923306
88.24799283554839,123.6547687742527,38.45545814727484
91.25691132764288,125.58949447972468,36.411454042307206
94.28674831115424,125.32847046650708,33.79672374381393
92.70060298047528,84.41794854160955,40.68983891252298
89.9379066268389,126.31306118873644,19.0108301879036
91.18711672505088,210.7424950486437,12.65342234512933
87.70536032061983,125.18397595576384,13.8101820523031
89.12586893023222,178.07079904584697,17.630606010116562
92.22936444498386,103.0785945162116,30.806293899494317
94.58600430073852,126.0823298527551,65.06057471234539
91.2636867363354,81.29948782762199,46.24879793144138
95.59234485554072,96.62679553405098,56.68268803002904
94.7533871397327,125.76440797338392,22.96855010642411
93.47127749215082,93.68225144103218,25.558362876781796
91.38373379356872,149.47943092461506,25.010514701091864
91.05343454402694,480.2230072875829,16.39108848345924
88.3618970363129,99.78549749912614,11.89511677732142
90.49284927830868,126.87222163385692,36.81504975905384
86.32028026913632,123.38378416871676,145.89265301173137
89.01997920002931,123.44082237163684,15.475516656263007
91.99970018555832,115.0645532638912,11.434291176100958
91.32451650796652,140.9136908978929,55.36003828478917
95.3334193505508,153.55603910751475,18.73408118341305
87.6330561708579,123.48812892719673,63.09591313910323
96.09234127196878,203.92246820363985,46.5154565447081
91.86199970434444,124.08326567396452,97.38231470879865
92.84017079102178,133.50334462845342,25.77448445822995
95.10594156388277,81.64543764088614,42.538604652565546
92.8563303518664,113.3527947878371,28.75651393559447
84.14402384642581,133.2696537462715,39.87533842758653
96.34854623524474,125.63890573975615,27.91324014201062
89.95643193378208,124.6828789028758,16.271016121306864
89.85147250161371,152.6370457992327,31.272042404968307
93.45905549780608,122.5714871962328,32.56044324724413
88.89039095099379,87.84850011518168,59.91743249800136
92.31618522513212,219.0083005116427,49.89976940564509
85.9728516110236,118.07378892594144,42.70072433205934
90.99712493919785,82.7369461358358,13.610404053840128
92.1726921460557,82.92117338833579,48.25507419226441
89.11639381589593,149.74131057947295,30.812730387567637
88.85156983774172,210.1859910090881,77.35766937684535
93.62956641860994,125.87487969248478,85.72349862844453
91.16063315609536,122.33825848326912,11.702082086781672
89.41820439694062,114.7115071583662,61.55107057791756
92.54635085534836,106.1744086449362,11.15278944432376
88.98380158778723,89.60621216010658,23.72658591492433
86.581968995884,100.75398508595578,33.44623834175704
87.0728428299524,107.51873191375952,14.808612021987887
91.03774749489016,85.05302985165704,51.14971775070391
90.4299439444227,126.51830387714202,10.25169400985249
90.39476855673526,125.13929584358442,15.539293228893374
92.04980823945614,100.3195913365933,36.08198750894396
86.0650703397753,126.7921399656213,47.59358497526205
92.53540582190264,91.41150900802874,84.53871766258713
89.32826486359147,159.05964648625837,46.673947219362255
91.31559166958006,131.75688858572389,43.42206821175
93.04087331459368,103.60774894311284,25.04315197602361
94.7452505387472,124.78603499567268,10.03855753324828
88.80088863251154,292.1499706674837,13.840430911717648
93.55881150580724,122.82407769115194,32.94281091060895
92.62167058827116,127.24615003658678,43.72989475855918
90.711735730743,125.32038891640832,26.210119434186844
92.53785593365924,102.9387111190606,49.35554035186716
89.94324022295723,126.25773636053486,32.13569508700287
88.47175115612218,90.14969707315493,12.312140153815353
93.90247908800136,127.35260038654094,16.396399997421923
90.6115514140864,126.89543962924974,64.97711077253831
95.60718007089925,121.98231127535558,48.72000839913308
94.99723783054914,125.2620069544602,77.54592111282284
88.06834256153392,89.42073644013158,13.751840914122226
95.3232542985984,124.43343147922684,148.8302497485839
90.82527474207517,128.55242558859197,17.049148611298747
92.36608996711362,135.06573721211674,10.355494263075125
92.08793340918264,199.3690139692021,188.83317092313905
88.74496415724317,125.14357498228884,19.8999006381801
90.2312400359192,126.05615684821952,43.08036711062567
94.20789958311724,89.68551590375661,15.83239429843774
91.94286011235546,124.17471221912228,36.04134520233201
87.99985109223884,125.20511386734442,80.31314788523511
93.60508963456476,151.84105675261782,21.577868169930834
88.20421198183655,104.8800910431712,43.28297635634022
93.5699522679118,95.46071111446736,16.244086385853652
95.04590027675869,177.31778492451872,39.40851395147263
88.6252726953929,205.38556438827464,22.304548009119785
94.0093363586559,126.82480688245298,17.117588366824968
93.61557146044406,104.08224214875308,21.27058046869085
95.65271977482992,125.49078420982542,15.911158163443664
88.20333359638818,153.93561460562086,79.65796372109098
87.91607265650494,126.72975284205803,25.184441735495508
89.65605158468782,102.80077563824253,18.442226156239897
88.34321458750918,126.37275877660804,27.848390446113616
97.92339162314522,123.7607365133076,21.593538172722862
91.34546364675936,108.52505058802944,50.92650661672623
91.4147997812674,116.91153526552964,116.4421454761002
95.29137956574029,127.6844295777696,27.2893995473238
89.77077562654097,90.54058336197146,69.2056498688561
92.37846917522384,83.92983878031967,35.03185887791291
87.29752095013652,207.40793598357828,15.132037460051995
90.41492852693456,123.75751650209163,45.19581542088636
95.54268636952524,124.7825950611022,31.611512360874247
94.47086760550076,84.8326505820542,41.546696539753206
92.39365644225012,227.4505420158054,76.13311717910068
90.82155168653615,125.42608881935271,27.41784446620682
91.3689630269938,103.89492884787694,79.43293642654069
92.334654470192,104.45460663215162,51.66922015864693
86.47513164388064,84.26917069136383,30.118385449436406
95.38701575873344,111.3298425486184,37.7313607166746
87.30745452044177,134.26090496940552,21.81711687981923
88.2733559862831,127.25170361378105,133.30927922891726
86.18916707958714,119.20239319324163,43.02003667356981
92.95830908235556,117.3922643573269,11.345115478826012
96.09346823392076,123.26886935569138,21.863449085578004
87.96263252286721,122.8381941748696,39.29033444025153
89.71876650516589,100.80004960714194,11.739466710672396
89.825353663857,143.67436917500314,10.72522129518574
89.26412441022465,123.6660894420393,27.93643220786637
90.8190965543576,135.77977549495648,22.135025281015714
90.7828048888844,127.0020475261386,27.303547039439827
93.39885817717936,126.67392329057076,19.142540206535777
91.14778697467212,143.12307783749338,15.39956750909642
87.58307694559181,126.47375577199044,45.05270283987944
94.48299467508488,94.9659814486559,31.681674473478317
94.74205902179328,123.69865739381316,16.70009001871894
89.86036161833694,145.3532258817591,21.55176634314968
93.4308151804862,152.44690905704664,36.88052202477096
94.12303646733754,127.48994965287422,12.249121578270495
91.06538088246089,87.2619677237951,14.78580850744559
90.08207929715016,85.89090245492548,12.282000808603032
95.00738276330036,125.21946146573562,60.19008046889999
91.05239638257328,105.1365583663524,51.87934089121356
94.1536998292829,125.83890998498096,51.989040288237774
97.34744405236646,137.55825877940015,47.79781819342177
93.37867563579358,127.4678284567984,43.204060121032335
87.60805638122734,82.72950471024711,29.444750706062948
89.05176672319155,129.1965053153451,40.83998762900839
88.95301719347641,82.38321119552718,11.173502066159037
92.37233715091556,176.00919818765954,39.1433564469755
86.16603382359457,128.75022337793624,55.13581518478917
91.22049701623668,124.29968655955368,30.81592474887537
89.39760851814276,116.44740846137805,23.272276211853008
85.60369723934421,126.10341790454451,19.748093770508483
91.07322475688356,125.42177225418388,40.88395508595309
87.5918273736955,183.76436759982147,45.407805385188986
89.00409669123408,208.13357039578693,71.430752269017
93.14502586367418,82.63435349192022,22.5717460209159
90.67277672568255,117.60338711510607,54.06059475595696
94.02854259941124,246.0747403099727,34.72200184083169
93.28592300154132,86.11681500190265,74.32554412685323
94.04116215606756,123.79436470050906,32.511348908883974
94.34516144622128,183.31879868717036,31.8713040643012
90.26270198428618,124.70901590789028,35.87376193457281
90.55780573927544,195.5434959468169,51.50678574298077
88.61539433095864,125.29867802208086,110.30807889513596
92.10134589882055,124.77233406202,12.292288472562444
91.41224047536387,92.95932541993386,11.647456497216035
88.46384312904406,142.2418187475633,93.201833357945
91.48004514263388,140.75987235884304,32.64273978185368
93.51965758591945,82.26555917564976,38.62780198607959
90.31804862566383,95.183088627666,29.757944049105248
91.49992403337257,232.35697243343392,12.950138702996671
92.07095164643016,125.62345081772634,53.84209700046897
92.58161030608156,117.72607289854668,51.2576232983524
92.61453580527706,122.69495091438893,21.20605945709307
90.25144840166296,125.036830295456,20.968843350045294
85.61625182385572,214.94200138131265,64.57540877716674
89.6225928102363,138.51448166948438,12.253257889977611
90.02933971983502,82.14839726057838,73.88547328329642
94.58739106528527,128.66428065515217,18.89812024033615
88.32509447434873,114.84712717302244,36.96713858318436
94.88892517960372,124.62734140485702,92.46343739983674
92.574031811953,136.05052714451256,44.00752736134055
93.18905797800636,87.71474726151024,26.055076806953096
89.4226849311912,174.27864646945883,45.09044671859751
88.60277208415438,196.5475778850745,22.64690344957576
95.35950075214016,191.64256929459907,19.74110629150951
88.78419049912172,99.65908125501356,181.26334940522776
88.8395237641431,124.46826828857088,51.68380876342012
87.83241949966578,126.00399579778352,41.04547013005947
87.74271203614677,200.2778921807112,23.168623668952737
91.53755083828284,90.36562626954216,11.512310397075892
94.55903717707405,133.6222917552899,10.94648093238222
91.6174596948479,147.8726208626984,34.235284357523696
92.52165154379044,211.39382865955676,53.06866294359169
93.33652318151942,118.05000954533028,33.1254263886366
85.16994311846088,144.69795474079132,65.12500722223739
91.72281980027392,234.57959249952896,11.01993909605434
92.268104982634,94.49014343634148,23.706798073133484
87.89568334971328,131.42195406863627,18.117685232557196
92.9221727165776,149.90029020342436,27.786730378929175
89.93720482598611,124.67746107728776,12.25387673759934
90.7802790264022,128.36000884211666,102.45939275438796
95.90715342172572,121.21773233121148,17.57931052460918
93.7537140056662,121.847570082348,86.65000291569208
92.71951150235934,84.59633177872753,26.64819276800769
92.27014269861964,214.839241668912,137.05817135722975
89.01248802045643,80.13973667765596,34.22701720450411
89.81297286680727,123.95520278642007,90.13688335006373
91.4839926403976,135.57208164388692,10.160900372629085
88.66012516249707,118.84557990429636,51.37822853031277
89.14283265292495,101.25335522966354,80.00699901412618
89.62158689788924,125.45654446801343,14.514940611785438
96.47599217139124,229.21610411423,13.031954343980384
94.1466202983494,180.29906553704197,26.57926667316559
91.39006330400912,124.20132499033257,91.39741823552568
88.34668589704555,125.6310972217983,33.451914074039294
91.39344488220264,102.9838728634102,32.488761880645825
90.92717271501128,103.8694999864789,14.563995630491746
95.5186598048601,110.5003967834045,10.023694687637215
95.07275390384116,123.01086853224378,59.84406395465411
88.89932223321635,124.91451680721856,12.749467291773977
92.95287827244344,140.7563811729864,40.141350952581845
89.75699184850183,125.97488461526422,83.81805617721693
88.78923557587204,90.41269416526642,17.020520463819356
94.28108301031774,125.61384600853178,42.83318546556327
91.95508016537502,122.97574154989871,12.459040539830898
98.02287696810082,84.6155838203674,37.77168805505694
90.53707443615046,100.16615834634976,15.371349871947416
88.86501311602846,161.92140894901237,49.94890852498571
89.37264195508665,121.92222482719862,20.753064560362382
91.34527051485328,195.2355569966104,28.67456755808066
88.31681341141213,127.88297445220071,37.44604298094646
90.15421901444554,123.9385108696231,15.6359495813633
88.27346728584412,89.75071971164704,50.60178623992724
89.43090921002037,82.5502952147346,20.813619722355163
89.46794071408821,166.84347341302794,42.57430499185094
92.39676101925136,89.59925675809177,15.16934457945805
90.41309815069268,90.68554157719969,44.95387825415351
90.5880256088692,125.7299161787383,14.11544674491723
89.76409885889436,218.29518809007527,26.620162719197705
87.37305039992299,242.99947869131523,18.51891276822244
89.36536575301461,120.66066897161144,51.39449158876455
94.9556329664678,104.94920910710658,19.11576661263125
87.73038284134606,121.91777221500874,74.0403343341225
90.2812932958702,88.10256716681545,76.71882180257151
88.8353327984558,80.16023751049046,16.561151801034853
92.25148893333191,216.3520683041768,38.545566488241846
89.5483870128455,93.30310685077464,12.754172003434276
91.61766854526331,86.58816406238216,24.90458012067792
93.95451467976272,96.69777185189449,47.48184102213973
90.9855203165384,124.74590896589596,42.3134429717505
89.49267717008385,100.84844731823324,39.40094069500344
94.54687076081278,123.73961366566957,19.96117857429634
90.29872549706631,125.41006866389336,24.245658960349655
92.64796393835344,87.1849162939676,13.259181381176488
89.9042914248656,124.91399632707568,48.08445473361103
92.83396577536628,129.11904367699367,31.02865532106052
92.98372234552546,128.09877957401218,47.00880846497471
95.3261475841991,139.68872433775363,18.588232901236506
90.28495966553916,103.49216993131336,21.766320411005616
93.89461309106824,124.1220732112486,22.20366969829904
92.96918118465966,128.9440342702564,10.782386317781258
90.72418093415962,126.35535947163945,22.51313175333702
88.73128155146314,124.70899388738368,58.78296415278976
87.19187466401496,92.6814395198216,78.2778554536648
90.63822165039488,89.34896720124033,31.90792613627454
89.88075740155458,125.6617786352702,28.236713498927053
91.42005503945256,124.09697753653464,10.939290742424294
89.46462564813945,187.16998377781528,73.40964703869591
92.88304161208018,330.0331748918584,10.39286762654225
90.58277133722532,149.77835455202757,96.87665171061604
91.54917333041068,116.87418097212392,30.154268968119037
87.37489456528645,223.12129629420235,22.55352396322518
91.15994764200308,116.41827111191655,87.39700658924977
93.46783730958322,124.77766347340346,10.740801415855463
90.55491546784802,124.98470243636449,36.12696827427104
86.95232185416054,125.15902852451276,33.884150127606134
90.20921135563437,127.7330564252968,17.427713744343915
93.6352153644372,83.69484466702598,26.80506837285628
87.65106232829505,185.33323652922837,41.689351746651184
84.41330569396287,137.93054278189103,48.96292521907792
91.0256455061874,227.11054620056584,10.021513473179292
87.69350907401731,208.2584319109961,92.86890244674444
86.88218853778446,80.29470873068537,15.392658979677986
90.934931826538,196.72593778582083,17.980765695760418
95.02886838019931,128.5739118699557,19.1742996700838
89.72478094265597,131.20212534142425,11.156616326550589
87.10022496592646,424.6467416420168,13.939231670339971
85.25976703909575,151.42612802721453,138.820303367523
91.66877679741422,122.91360893468143,21.359586871505726
91.727926826022,88.60856080093647,13.67523720798571
90.80768264046046,260.62388387196825,13.394767367045349
93.56199755106076,132.00934906253875,48.13116539345455
93.26064041878205,177.55909086059603,67.84153664526778
88.34333084072483,149.56195771305266,18.909851094132684
93.95250444073277,251.45854717949663,10.633936361683766
91.40008457894184,128.02904059045076,17.57292367543278
90.23538548008251,103.67125639646642,11.745266341811083
88.16878632802276,123.47724469240936,13.274193999276267
88.91144966801244,154.36111134689503,26.94304746480869
88.41277861767188,127.16861014045904,17.837762736557767
94.6157065018809,124.96658015062478,31.766756718657064
90.090194766553,120.93922980209727,18.770538819898952
91.32363890536163,126.00843139023974,94.67218216940763
85.85057620628719,124.99813283621484,80.9159376522987
88.1519249881334,134.8991065069363,35.0970957032965
89.30936903303898,158.52332423611534,23.128369750810343
96.10460458656816,81.84765241437859,24.39661971061874
90.43170107021392,126.816097498566,25.92331430475229
90.3623618722691,126.32117852283405,49.012233929720125
87.73664677832845,91.85259109237003,28.024643248739817
89.58572875755759,108.54716969113868,68.29071831091825
89.59737542317879,165.90523887238896,96.52292884666495
93.9306460705012,126.15028910118464,22.28176115454503
85.33608984615198,125.91262212524292,34.676804972974296
86.8382785423545,84.9188814776716,12.996484266155132
91.64717324181264,93.94985791519372,16.71190098906724
93.06421669115524,94.68847050876457,26.005727314341016
88.74581473377778,82.56612207469269,16.927814800961336
94.04811332202632,126.38602003294612,72.76012140593423
90.8130214238298,124.20871407661627,15.169458823296086
88.3091682412984,136.6131401840086,28.245482098692715
87.94405202178876,167.6805530834003,37.91923935400972
91.79303177583748,153.1552906812975,45.31641210933454
92.47768861140828,136.71245132852113,24.48996076217809
84.96776486725125,126.92740290658492,70.99943475067631
89.60113625104407,80.96826589681044,35.20206218231735
87.12320113819477,95.34729063199116,27.36819753485879
91.10616584807724,104.64719020819244,12.088240771338208
90.74341859929068,120.01244930286184,28.747248029779755
90.21075201808114,124.11886820513912,61.56684434070849
96.82210700810846,109.59201413226752,38.59961482867729
94.86003662991664,98.5894262273835,63.54276261684313
92.08013420078896,129.31565085713154,30.43725023158494
88.72371199545348,148.26609193593998,13.782605056003453
88.96774765997957,128.55580958963887,10.412011694759748
94.24453814909224,90.80350091941816,20.838547178778573
87.84127392648851,124.8394713659267,45.91890132319561
91.79271555447312,124.6850860126582,56.856584577653344
96.0672344297628,140.81425956687974,20.518776917612428
86.94203931500627,187.73832707914784,30.534777449291838
94.13729581746568,103.1568009713097,26.399745526469214
92.75008904391387,127.08535114145944,25.85557630152812
92.0202163370619,126.75173468952862,17.893536265635316
91.8237070709103,89.74009970938116,14.398363664743464
91.92351001501112,147.0669415337779,16.57038377341248
92.34670551326406,100.05155366676784,11.707664374262375
89.7032554434952,198.02056405081763,16.62429112404787
92.29517775113057,125.0018117352742,10.27730461982669
89.96890320115266,181.90902854608464,39.60609587526088
89.11741512134738,168.236578718757,21.410390597143525
90.18225675336129,84.02020398617783,118.51877530246963
90.52957958818594,89.97164091374611,16.45961633358982
95.5500933174482,103.43388931325512,22.731575108943765
93.99355418418943,186.5545850277008,23.28758768345101
91.59324577835363,187.5483450660868,10.254622373900732
87.72056331131836,80.08184739078928,64.82930147983099
89.09494483472244,125.02371093698927,10.975524061916088
95.34075978258376,88.53451269706063,94.49237388949317
88.00071561127295,126.85657833558312,76.78938174972626
92.89243001127625,90.19977043915854,33.005227118273794
89.61954809033756,150.0963584893738,33.53127896212781
92.71137039636837,142.30037415475027,41.82024605947544
91.60015569204272,198.0216119826402,24.68415795737075
91.64823441807263,136.762857654154,41.2575135520847
88.48141758669719,124.76109040402008,11.374043289169084
92.12615457178342,131.6302817172474,11.66689171699944
91.09864662415868,135.5487759522538,28.332111838967947
90.7116536855362,141.25271926559222,33.93006152150442
89.19451892920907,94.57086865820368,75.62888561495889
90.09278956639436,86.9923572448078,13.316573577600096
88.64172760246382,88.51363215059246,61.888552305190224
90.35760868968504,190.55775551833403,17.07346767817765
92.33761049322364,187.44229026234848,25.03040008855923
87.5743154656494,107.05442557544248,21.42035506365305
91.12810533568658,125.1076580994514,25.3325333609923
89.71498714786657,115.29575918594296,14.89306115144934
94.3620906228652,106.54396224299684,31.00938826666304
90.2388497287747,88.97951050686433,58.53054320992779
90.98983482546674,126.22683562704393,27.476846747820428
92.14620494512896,140.83609014574012,30.236451026619687
95.46156352394662,106.00478786982788,66.66812365460133
92.1438728110746,209.04342491993248,46.73119600058063
97.18128063166895,105.11036966723545,30.22707842605704
94.08154471720768,157.94571234522812,18.93987826815983
90.92074228065128,122.52887991568994,74.86559108350735
84.3458411951684,122.85931648032432,35.812939961378646
89.33737308971568,88.73412869467272,17.498012131885975
92.81528211052787,99.95417539171603,19.405169588518152
88.0413512958068,123.78231774957648,58.756820707198486
86.3532836178579,90.40453607611224,11.35448917364399
91.84917526032088,139.7331223952898,155.19712073613022
87.2072321782839,104.9904907382962,14.18999135840593
91.41173839729818,82.03377623044209,57.69913751129315
90.70473874140764,85.14563140716032,25.06466537973595
87.44703299412274,139.66975210333464,30.33098438894513
95.92977759950074,126.47016877679673,73.77099293865666
89.51092656004886,123.35875347769677,25.97737525537964
93.645688493642,98.42579572781672,33.13285649648415
94.42905753625256,197.9077385312769,11.51669105560292
89.30093866937109,271.9349725128102,10.070507005115834
96.39566703915574,123.21020923936436,18.423174879573185
89.0557987939791,179.24359949148368,44.23774332166889
90.92088874672774,123.20826283599844,13.878153530409662
91.93870674782303,124.26942638245626,13.623090848242722
87.67031994391076,126.10641063646383,25.877866545133827
90.75586045752594,216.9390388330551,41.30983756050716
92.81567411497304,94.5671544759906,47.351344095332855
92.04875736550878,126.92169204160751,15.896898988145171
94.49397288601722,126.42884460930432,12.488021296347442
88.23152701829483,97.70359444011348,94.60149820404284
90.5907396431032,94.08202223058233,19.060180464061904
89.89794351734051,126.7370840467318,67.59047803568217
88.92514064756993,82.11860624367749,69.74104097039562
90.44621651835656,237.0964548190688,54.42113049918671
91.74801046166206,124.32873882875045,15.5477581450656
89.43337303605568,198.99297717572423,61.745708585059006
89.38020653174505,121.77174714867292,53.9926848755286
92.0220194796788,132.2493345397347,37.24394751106489
94.25051510961566,126.20288449164588,22.338551919914085
93.9658568217306,100.66353242633468,19.135025729149405
92.39411472428137,125.95829745225738,13.899475334994875
88.33014821894415,172.39727624161236,31.38562686705149
88.74897405324562,124.51940777697293,36.403167162984886
89.6631666095828,93.6148268800247,23.3576442492552
89.9684003157051,124.22771716242184,29.35123566468564
91.8214462230365,124.78818386641096,23.553807252955536
89.59802405333517,132.56560055757197,40.73349290187455
92.22280470576084,147.56016001866186,79.45771369173562
88.63014550678886,127.66993032826278,15.370938703576858
94.02193119483412,124.15006711209168,24.409319815371404
90.8749339333006,124.43094871620626,14.555002141808414
92.45428463964956,97.25510004476985,39.42037956019979
91.34836115848351,167.0415518196426,49.15476242377024
88.1128696696786,208.8597240837416,90.6089515729964
92.96692331169444,124.75806583151984,19.808155719766265
89.11078523959866,124.85065628635802,99.99896012949564
89.97990017086249,95.38613657273623,11.960571064915031
86.63106409610852,117.16560943585142,37.715617576554976
89.24248362590595,125.1483189332612,11.76489243607355
89.28475176202619,84.10025355707788,77.26564439853651
89.60269758232032,80.1013344513866,32.638492156805114
91.96174636387398,117.1702084166606,43.20069631029966
91.95543181685106,125.61060823461057,63.43775064695581
96.84619540423782,123.33462818387638,14.886533035090771
93.43119864511254,131.74385840671198,11.180678401377582
95.8409408910286,123.37264552285406,73.32948850927367
88.25463865862122,168.5434154730724,21.347169019253705
91.0691408540558,122.68966339620492,14.142672594860665
94.91141874633324,299.04818986159097,28.959374580906942
91.80288243397108,206.1278806495826,37.36194588070766
91.64751890230086,174.63312361436664,10.943809915787671
92.76285588851636,87.82057032566485,19.64319144512514
87.66123189295588,125.20945738993449,11.000495490846877
94.62535202643494,187.3466909330244,26.35916799791457
88.74699915149965,123.0592911536568,77.64244121995567
89.59301041069342,180.75994115018787,131.62905319699678
89.03762353259629,361.922153674111,40.404503640583634
91.41592632784334,148.86307536872488,15.289147768470734
92.1470084730334,145.5322521350604,80.88578634609264
90.07414564814027,119.60403408802094,31.785476044103007
88.03313190721859,125.87056546044155,15.008189256372294
88.07689045646644,92.42356557676868,86.42645020085676
89.54271735218352,112.45723547289847,52.49877852591934
93.10692999235644,126.1726237118082,49.4700752225469
85.83535397903837,125.88860189844704,47.05159539802382
95.20374308557476,91.45252000434948,16.707052537834045
89.36746662137129,98.39345973043608,17.109923182715384
92.2614501976294,123.93642009284947,44.97074889772738
91.85446374059669,125.0852737312654,17.443179216368954
89.78631630169824,84.2328280887968,27.323480018160616
92.55581268561848,169.2324671827299,55.69805771536742
85.85193031824575,104.12231963250224,55.96771215503612
91.28251524196205,157.7486449249456,28.113554544491866
86.29248335613933,125.23695187338332,57.13392343763823
91.52269109424562,94.25397565752584,64.72013730589771
93.2211587745424,148.4758291102442,41.90683230488067
89.05233837070408,204.22956578756663,17.779675099540146
98.34150915696917,80.10953400718583,19.606644721460945
93.52602318204048,127.56440548918653,21.343137330639017
93.27309508037526,95.03498682082936,13.72624763311018
90.82022764501744,81.87673742031836,19.571451576979666
90.10785676710174,126.35925331703764,17.053418254277958
94.29331794669848,82.03517573338206,28.22718630944868
96.57748693865206,100.76241507077802,81.7220200782373
88.97890304351955,85.97771693483452,13.310532326460397
90.01850649184644,115.95056850034317,48.21769015441358
92.2782539899164,102.24257821213918,44.87369994706052
94.7668135223655,122.58231339724706,13.019621542472084
88.71174163652456,80.77914720099989,86.75236108485421
88.18271982776065,185.20866557941355,35.21270047337744
87.56039950812067,125.64636471616372,23.563757146012566
93.36415079695205,124.64449240879205,52.383904083823374
93.3395841320554,125.0121997350152,18.92653671742856
87.4141920304132,104.01962816914012,45.47708856666056
95.51290628776334,138.22610354606852,11.215636429407436
87.38016493861656,119.518490096083,64.86665578306484
89.13890395457075,194.05551416310084,27.83550358255447
87.50948309627485,123.03693155807584,40.37520509166168
93.02835783638916,124.06407436300994,17.501487049153333
94.73103106814436,90.96325029160872,43.90993583106354
93.6453123754522,109.27203938730044,54.383921420392205
90.957677481325,125.2538948263046,29.22878024431567
91.36878469273478,157.88208293539486,38.848602018646005
90.99197438958278,127.97390678962492,28.28216009039878
91.57282630068497,117.16415081269344,77.35535592142027
92.50837367294471,124.17753091419073,30.66683789964335
90.59852814057604,125.27577674409272,65.31850827744998
89.55492223898187,109.97667954683976,58.48663474195473
93.03200704254044,124.35624638568584,25.854662132384234
86.86486841801327,81.82692278094899,17.84423499520547
93.12727748287767,155.43221600349406,25.63042718447069
95.65416985563536,88.92203166505749,62.4985014052139
89.94567400323824,145.82200137912224,17.74884557000054
90.72927894939856,89.4475981955799,32.297636144474225
90.92251517480354,119.47912428068278,59.21187835420061
91.15992140005314,264.7388568899192,23.084417203652784
91.4708686953754,111.78956524412304,40.83424126957446
91.03778048446448,88.24843152324283,18.45623205195337
89.86699902199365,99.55553916502178,13.471735956070903
92.06920238180362,126.02299900542612,57.452380664271125
93.3220206411928,93.76314501672051,13.12645593383416
90.07160934975444,123.1761680969426,19.4981457870938
88.73563168499608,90.21532323763812,67.95329367719752
94.14550994590007,98.27268649425716,22.7609724831377
91.46626538098046,180.08955658881092,118.40798310227404
87.21888503819181,126.75906583016166,126.96481579248596
93.70554769621631,123.93601012719522,19.37055739763877
88.52142708288785,124.65218619889087,11.25524486635492
90.30162235216258,120.67343053467124,46.62983405157125
90.5652823877986,130.4765116497153,27.98896757304483
89.74200799418087,217.01272714873863,13.18592077005945
93.08879580490708,124.61886227206077,46.88105886860775
94.95604594494758,126.64588850025036,10.950135644313406
93.5411858109222,124.5430449908404,71.25204934177259
92.62637574469552,124.8422891307622,14.477718679429287
90.20752221328412,80.67717241805032,14.085311091844702
97.0280971977446,94.81135062424372,15.795613944788382
92.34178648648482,130.76455899153174,106.76671170930774
94.07154271627992,124.2074503823928,45.44378037043263
89.72622902417305,99.95181458992988,58.48957635033064
95.60171484819948,160.97775533383887,25.206750442858237
86.15755116135716,129.85757681938492,22.29832646822213
86.41839426671979,122.63073463847532,18.016155147762664
93.24247750524457,97.9129395062904,29.65520358589155
87.4953224871853,97.82575923723068,34.07739485210343
89.70642363253691,94.19539126927504,39.97182070028745
91.0021763041076,85.23690575680172,18.91656222779814
91.27593719670004,80.41909810194234,99.07509454219512
95.98910543254227,141.35501645450603,15.581159634951884
91.3193900983172,101.76507281537532,111.13737065931186
87.72854767174269,182.0682538083721,10.449027398701451
91.61749969960135,85.95586293782208,29.682808177341418
89.63301096925711,123.82459439314792,22.16550599867372
90.4907094019208,85.99654710614509,27.88733429924405
91.72779015329752,84.44606303713348,35.36550395126153
93.24722736167176,126.14831167440184,27.159185482906096
92.51973320071768,178.71238771987402,26.076450149685865
91.54442934235055,191.82300822252253,49.584137782745145
93.91685295921069,104.55583884674112,44.739050268868816
92.17305816406044,130.07202748931022,63.74161692197465
92.53880262099578,113.22500857709365,18.62882146799932
86.40083251360021,100.00702103439065,38.21200962102111
95.2816387901592,122.95902271018883,36.39838693986594
89.22602833512563,93.86998142805903,23.848581188639752
89.35189004618236,123.72849713213832,29.9693190706228
92.26784064119484,188.69502163060508,21.29680378949653
89.11936811882339,127.9260679355877,14.589095235346075
89.17491373524292,124.5560697249706,17.216368176613237
95.57873661528448,123.0092836255562,13.345168961446827
95.1858174188221,122.67093124179355,44.47219027867499
90.71708400176512,126.76737294850098,42.428540339099975
90.0934176307447,83.57793984649265,100.23801527369392
89.78108043589127,162.07427790929316,49.24428904503714
83.6341454543457,114.60062783453736,11.603473930433411
93.67758301951211,137.86527322108907,74.68842678899915
91.80692105460312,147.327744569042,69.56218258972481
89.72309353325262,96.66269525490344,27.57295859965689
97.05975376709677,202.448279079836,36.44675692094268
86.36865656523436,121.7922222074709,121.98911918926552
95.09398711728566,124.37056074355762,32.79812634210317
88.43938771043156,263.7157057129434,80.71815416904626
95.85392676088058,81.24421275946062,12.600702204908965
94.86234440929044,93.03387674068796,16.36061435727146
88.20923009540799,113.14991338672267,27.43502554189739
92.70037458465288,94.44814759858318,36.3667277913473
92.44695482391006,127.01079704324522,60.821758422185226
89.7384303770252,124.618043333977,143.34800938997242
93.55745549556497,203.7315325831434,24.77245898145606
93.91208319976911,91.47384297166198,11.45729814765762
92.70887697276876,125.85653006017478,58.459379543424646
89.66963727557064,112.92951606360612,37.81908826017121
95.45490636682524,121.87260887565812,16.63971345055151
89.4884760588541,136.34104947494268,30.48571652589224
90.55604900708506,223.30679358501408,50.67996759144896
91.1532789412663,81.63039389979218,54.144038597845615
92.23977748909928,125.60213942828322,30.77152886884576
90.33600958256456,95.09820122237709,20.924564725363787
90.52974544900786,126.5708243274876,119.1942022256646
87.40400869082575,108.1615437969047,42.66246774500712
86.06402170021572,123.25953820964156,25.73949819155321
93.18988911877058,252.57012923633656,19.874429229168086
93.47477352387509,117.28394829694142,49.40280427376042
97.71607152541928,90.73128892523734,18.319418058587196
91.68056843550714,121.92641718347022,15.651757931772917
88.57254089505123,126.9162256817309,32.64007656935887
87.87822401486876,104.2489337068923,20.2741765679557
89.31235566343419,101.21943335954856,39.73892724980223
92.2092994619852,91.6730056762408,13.76481087314102
89.02127159231357,122.14437348317216,41.92120495363727
93.3017330223867,202.78855884968087,19.99279274694853
92.64663354360124,128.53692251223413,10.007288918435874
92.17446000352292,92.51124566095982,14.072394443958842
87.36459153125234,80.44539599350917,91.36869529671333
94.27548215951852,145.26432136333102,70.60228514829105
97.23974840290089,104.58034175136608,17.9818851223269
88.52127063189708,131.36970584336913,55.202636428104455
89.98064009016139,127.93919204195277,38.13857947518626
88.38647307866502,309.40311409470667,116.11537070219784
91.80627029967314,179.44354899208042,24.03325508087255
92.53543551943233,125.65281145496112,44.320274381490805
91.02366894210331,126.38863945264592,11.969317072958336
94.152065567797,124.77308812251393,25.13772038554067
94.77126975058964,148.28987321187574,109.575524719846
87.77560389554158,118.27161607512964,33.229472492591206
91.67222564500224,154.63291111885133,20.185244349995347
92.23145657668822,80.39615110380426,13.844239947125835
91.9449704696756,112.68432858557478,46.47410942537233
90.36178817001684,105.1350311270444,41.0569618071615
91.96810020361625,116.79465722134948,24.049210332480165
87.42739290576176,95.9309108936396,100.44216387666565
94.90913570632506,98.03748572494366,10.67359017087218
90.50221895304584,82.17396522952737,20.8602679732388
89.76525961104579,397.08750613430624,86.17562160937628
87.06866053276939,143.92911265880818,21.611172174011934
95.54684506283046,80.11540871298993,18.720711139670527
96.18431936756198,123.40188164154318,32.92128218299494
91.55544029428732,87.13106797111972,62.08436490921915
87.86611567839583,118.86623302424896,13.26589129986297
90.4582284260684,125.40616568141353,95.9520221285516
90.83412477038516,118.75115786505717,57.55302643036354
89.2981742559316,84.79863245635502,15.99930412470271
92.08726522927782,125.4013287184324,47.3446732683233
93.08198581185472,107.19875299151562,24.581976872962
91.2023310307016,126.01482101537692,25.439722575602453
87.21692255104081,220.6314731791215,55.87586953940798
90.051812600559,124.47202782223636,108.73114640367506
90.30404447328434,87.54586290273768,14.06276834908618
90.26299629071808,80.30358853442448,26.374431446332352
94.78296942649324,81.1673467654287,29.67216680910311
90.7344013959539,124.92738181252872,24.16314226499022
92.49348634141552,102.92647442178186,23.538476950193896
95.2573355647348,104.4576193210418,11.610526644838854
91.1314159557518,129.98539890597277,44.70682030789959
91.20320289475626,90.76507972707152,27.192438158995337
91.50462874612788,125.45768229769918,16.499706657380866
95.10887451864104,229.0302631160237,60.790048470398375
98.17522315373776,89.72233637025744,58.66972982598909
91.45006170903802,94.78064804645788,29.9888267886779
94.47040990918482,125.22339006133708,20.63392145657836
94.4010459514364,175.51907556779122,40.49101745731026
94.48490561889216,136.73406388827425,20.196731927390104
93.18289061693687,108.76221183089284,18.07593609623044
91.3434006286014,130.30898655415206,49.33723794931684
95.21583721104663,125.20226577199628,11.234825298970271
86.90101906472292,219.832825672676,12.986936046729248
89.70970727415245,112.78421566686478,10.204339554261573
94.2180126936238,167.1910995768786,14.97962531198364
88.42229415561334,122.74560586123629,12.14455809940359
96.27242684688927,105.4867530520075,174.1970400936126
88.26181599566965,181.62409748859585,20.22446840128986
93.7590608507448,123.35484511436546,14.849744155571887
88.01856504289603,110.22817196022054,18.272457142660127
93.3965118477078,238.07354173384883,92.52508534867174
88.84382813065133,88.56969303836233,32.02909086311901
93.15883894693052,89.56283350691737,23.6153157581405
91.31578517915008,123.82465177035084,71.99965895431988
92.40349234427435,114.09658682128904,25.075322180304067
92.75081215848748,125.18475950501056,22.239433766912583
93.49173834917028,88.94101318040919,16.96865174143727
91.39272311259435,236.19243606199527,24.23465769754055
91.4114312683424,169.89171726159097,21.42395148120704
90.8332078172646,81.8254885607468,43.93133347852273
90.41046473480633,122.99641504990676,20.25708225093522
94.28570204408616,84.62116188863305,35.82566275686433
91.73484902104968,124.76834753628232,12.044901772594656
90.55556198625204,125.63894649203532,16.369415519689248
93.61724229918724,142.38437674858807,25.69733618845581
93.03417054576168,93.0452804216814,92.91446149940894
94.42775242751276,126.89444875578052,24.208399404072715
89.30639917932784,165.81717450837482,42.72594226490378
88.14221618848308,191.7775926003229,18.834644335970065
91.55145540507844,124.40946512692273,14.075745529977826
86.76100417661704,145.9717608949293,11.809594175877749
90.7272559046816,84.08707328070047,20.93315717228333
89.72764224203125,124.60608051435308,15.147182942575068
89.53378670039736,97.87077900540685,15.735194634132696
86.40948843098748,125.5434491699376,52.90855467803437
92.08136711694796,124.306170183634,10.478945002625204
91.62978023550436,150.0154841135517,34.48047728089999
90.91484340041328,116.79596727219358,24.31502311305261
93.60681694588988,128.5993061146522,31.190012265363624
91.58279192732223,123.70072559991354,34.82301058388781
91.61782106894148,122.7990015081868,21.278690427713517
93.01241656440718,125.59203813243784,20.491356991044505
91.7160399798299,159.22293490118565,49.660384240050085
90.65575985675682,92.7739853528231,71.50277133657707
90.28485477700065,123.27220709523144,16.41739965470344
88.38547107518139,198.26329659444875,13.081545641637105
91.0470965574148,105.6068808288386,78.42347706124755
93.9184673922454,125.2160367191429,22.91866311596756
92.23218735201218,112.40907325820986,34.043185739076776
90.04346427861188,115.65374436657548,23.367205618034493
93.23042793679475,112.77161658015405,14.033463073292332
92.24057885258362,88.93080745790324,36.699079367099465
89.89073474023007,106.46150066041405,32.342111468876425
94.567560418237,124.80811615307744,16.806775567259123
88.01539134652866,105.48449266416436,28.03723152910539
91.14659617490886,90.59275049408868,57.82872197390958
89.12775843508629,124.14773222539586,36.77913806734969
93.81105102320826,109.52932894771725,13.05823528360796
88.24871580058367,94.9687677710095,33.82361981567138
88.90171631104498,123.6889401321016,46.3942714296581
96.7020848051872,215.112045724835,57.20814066735954
91.39418721686285,81.8215889387095,39.75610570444237
93.05468131187894,81.70608994273148,14.969532459129857
91.24148221011824,97.3473831512631,47.15416016677285
90.3786108445254,198.39462627677324,43.93485589617195
92.9316087987916,123.81719551763676,10.741905049291832
91.15233075122056,125.18026446037784,25.917978591551925
89.57498509059948,123.6718637135105,22.14671930764203
93.33627776271562,104.63179513557768,43.20647758769061
93.98031666275344,135.98182740866827,17.305585108785877
93.03459700180072,124.55495594457057,36.81181075592035
93.11049935044308,139.48220544825625,83.32652032509381
91.91757137017072,113.0128902950169,57.95529113367167
93.12727855075345,120.73769464726158,86.3235522078615
89.12164678936405,125.92355388818436,125.1993974236182
92.2494115899923,253.2232433296929,10.321823830504933
91.43348956479156,124.58953255750042,39.24472172060903
89.54914915200611,151.43852526231382,25.973706946264592
95.75323119540144,127.23136532549742,68.95222124136652
91.95839173678644,225.33261789290287,18.703138212988197
89.06942267861706,125.64285306514353,128.94608692584092
90.93230041159896,124.79465633557317,38.53484919925221
91.9305633438508,125.93528333262935,57.32908022742739
94.06103180069566,105.31211966776053,12.684600323880654
92.77440586303346,124.7822712232592,16.08030363076704
92.03739941259268,126.84404269411849,52.61461047979547
92.38370566719772,84.77690989979978,10.666954836891788
90.97756081177954,126.89773971811324,60.92807813697277
91.1614229232728,100.1550454746747,10.421416616066535
94.3837126279436,226.714411781,42.111140842511176
96.6076190306656,126.21147248317492,23.628345907163737
95.89598656678272,92.55653581400288,38.36346580444519
88.48738070620257,89.14582415592156,45.72492686131616
89.4158499932116,139.319337725604,22.57818478569877
90.27859548902391,203.5800038201448,13.427411462733776
92.22641796397671,101.1573859639708,12.165699338454685
88.00693236491313,122.24230030500424,36.67019241205786
89.83788683934506,84.99340748426641,32.06006284775698
92.3028860246833,90.75384029191277,50.66725308523946
89.02629556956606,109.00565930183382,31.38430774005072
92.3312094306728,85.15611129674419,26.468589127459257
93.6380204804459,126.95041066730056,25.229279755174726
93.9934342689411,171.57693421936742,10.804087386133611
92.21018405551472,125.14673865707344,22.264194605399
93.37482174650772,121.45217221050989,121.916250951973
88.32683992532374,99.74182438664356,72.03857215345663
92.72361673904902,90.72407329158194,21.986492170132458
95.80970644007454,209.5418449801233,36.58706389743148
87.37250655135301,96.78915980948942,66.37776262555055
93.50286642420951,126.11851446130142,27.462900691232697
92.33473991428994,157.10188841311702,10.543631888304542
94.62075412099152,177.9833389585222,12.322973529892897
88.41415806913513,125.3820599736868,31.42455044104576
88.98209359800514,123.5783041978734,114.6412865631476
94.75591754802352,124.2715390494372,45.44770937143091
86.79490007173028,153.90647163283415,12.206689915017222
86.83445368071398,84.64390885044504,16.297969006406625
93.64008410707048,239.60381669824255,54.2633613317696
85.38151401936955,162.2262747533768,65.24862083509143
92.19991552600828,123.92300857612844,38.84606431660576
86.48762146712589,109.10821774719098,41.02041801713394
91.96504565493812,93.73568087922216,10.86240117927652
90.82490140281035,137.5437745234284,62.9004540595642
96.23460465423932,124.5827504585304,56.57403998164684
88.10305749440215,94.56354508011788,18.994062482515908
90.34863864183308,91.59931723195326,46.99965101442635
91.9872375918288,139.7435733187114,17.256590908139096
87.40244518958079,169.65205204580775,11.234979143065727
88.88014899648347,204.5698444808561,16.736957190169793
94.79586754081716,131.35393169821032,15.903407008300968
91.0511600358517,127.8013888500003,22.3632737768977
89.0165287980584,140.98577893269018,26.261723847077263
91.9285817635526,117.65827975137528,31.311174121002857
90.26757109104112,104.32505875770092,29.431099728783398
90.44777650476352,124.07426292603525,19.469058695813036
94.98541638959937,124.3268546925093,10.888137757635176
91.97366742614642,91.9721661665967,37.87380456002376
93.68378748447064,150.76324723215566,25.112761093638905
91.97702308795994,234.5752003621667,20.64339468393808
89.59745339283494,93.63523757165864,70.50888885983215
91.30738211652417,126.5011312241775,51.20055132771245
94.431689189521,141.79192209268248,68.50835545285554
88.91123908175676,121.44498746998642,30.49488341232482
90.63264869319494,103.30698612779456,14.209991361076812
91.51989353852386,113.65948685900312,45.743687538633765
87.95511995829123,122.77538034656013,16.922942316632074
93.11903190955616,125.25606532081152,27.460502419098795
92.24014914661986,125.19300190211747,12.01628780468226
87.33086516297982,123.48971693885235,62.341994778855934
89.93224851155593,88.60576707942826,14.0382096763358
87.64032533799923,83.04374158653097,80.02150100113131
90.92105179755278,357.53850103665025,69.90392311826412
90.47572545316096,126.64177838575009,28.741268694440787
89.94370400811991,83.00570473284243,50.92051503725711
89.82358292178755,108.92208446686196,38.98374278356367
88.97683992771604,83.90285177693178,58.74806785712727
90.8624289295652,116.08496227307648,26.95872360094846
92.6543304582629,163.846516353046,56.22654192210516
92.40111046466568,82.84843530404663,28.622385455905636
90.15202235252085,99.99110605269014,94.88914408189216
86.69154896294991,123.4697093094531,29.98768621775192
91.69671061401712,89.91209484988173,28.631453346283127
91.04698123596556,117.3568655120186,56.12354639666043
90.0038825137767,126.25065275755976,61.7080606141062
93.01866163375652,133.86643135889602,34.256007928748495
93.94527213203033,82.3455385908798,15.946132006255333
94.98684254398393,93.36894975459668,28.919723193572963
95.7575515002966,255.96267343061703,113.32862988183358
90.82659229600486,135.93331828804602,51.94933135868947
96.5028254875273,136.6810472305357,60.00606916631353
90.12283415752896,86.67003145533856,11.001290307176328
91.36664037305763,194.5939338032569,28.925429696374227
95.49814245851007,126.08731714718104,41.20643565519564
88.94183437954163,128.19773789754606,63.16447351153855
92.58239803867626,130.17343501284782,11.515870340506655
94.16993088295932,171.8932807554991,67.40538563151352
90.27782827565804,88.53313824225941,33.84881562946838
90.70772883457288,126.7729957320439,16.59374915428062
94.64564199571916,124.76535085104724,21.449024770257715
90.97618545810565,148.9141986080898,19.93562792228335
90.34747179597812,106.38631831691748,32.70555967443525
88.44165114811197,141.41156529347393,11.592078112186918
89.73941321569778,135.37696952205573,15.178367061315294
90.22268480691028,124.43804331119482,60.25019585824836
89.23096546434599,124.52892867422636,14.2677894521895
95.14274060167548,83.61114719285318,17.973557791005405
89.65955869369323,89.06385796219234,28.11952690418938
95.62452777044996,102.9419697385726,31.839668278157323
95.95616058985355,182.67336154611093,53.26822973325787
93.97624209166152,100.886888914109,27.78995774274177
90.3857598780467,96.46011207653714,56.80009882702762
89.85899993586737,123.2505306145338,38.897249334954914
92.76648094202147,124.9007551386547,13.600682463825514
91.30124700725725,123.06664226326676,15.099866830912276
91.70288984328458,82.24462537562763,27.236066672339515
94.39096124014766,93.8374629645473,25.169640140881665
88.08157904986952,126.46205694361898,50.82397661336262
91.02474116524618,163.5982208655555,36.07771613330816
91.072911562071,99.14448891733248,24.73721418202342
91.53083717397092,172.85741661864856,15.617380064102916
93.47367958190576,124.55357977493642,17.717965546530493
97.196179999718,117.98892011339191,35.70537017362034
90.69758735163803,298.19785048118354,26.52021386669752
92.89849112352908,125.29819904128432,31.70370798840904
88.82373715249393,94.5711523200366,15.614382956940007
91.48598527066792,164.43422169716973,42.621826130850046
94.7556426213502,109.96216063781762,67.42569362715231
91.90981362348369,84.73630421922607,18.94973535689643
95.71449729452644,127.12202235229988,30.28954119865946
89.68526399973875,124.1912277801959,121.30594762816932
91.7589137587004,197.56116934943984,22.15983185113852
87.79110141620006,99.84151131922532,37.1194795100185
93.9335639683682,177.90412650095345,12.835772732920688
88.43611160622699,125.23324404188834,37.94327343304471
91.49175859952744,106.5846498038211,12.817183497929127
96.1499261886548,127.85885233420494,105.99826263359776
92.66780406726784,136.61279260744698,47.7278170280381
89.19234685338685,111.9302989462949,56.557690183579446
85.77404469432109,80.2917600639002,46.53245371000006
88.47270901737181,96.54094800104504,36.72812349866373
92.37666989092574,100.566669925766,27.930353004506173
93.31740159218695,126.44768913339776,68.63683358061591
91.04746973534716,94.48472389576582,104.28222286988192
88.17233372047146,136.58638133445993,30.73664145727813
90.42173648856748,92.41466507167225,90.44299993480314
90.5464361188487,124.67807399628202,36.264031639805744
94.11279282679416,98.4852318745654,33.19066921654709
93.39845042163472,113.3878165538148,28.18062461797794
91.9512760760159,124.34201168938164,17.044635160171424
93.84706281089018,112.86827725509532,10.1117978787785
92.14291413392353,95.84904214676938,18.29262068985216
93.9058882104128,124.90311313552684,31.383552744816484
92.49696668592924,131.69004842801283,24.339136296988443
92.15592127425958,254.8204034781083,27.85259966561833
91.11363142741912,130.32607481334517,128.34912554636165
96.02661321375876,129.60273405617056,22.936061071293324
92.32859039842452,123.07087522427612,28.05441636151537
90.28451670657746,87.89083791855222,14.29933351922731
87.9899427940537,95.8898486672363,11.47437539427165
94.42805542859956,206.71312014617308,54.80429799891318
90.86395028801638,86.38660574828204,35.36680338939475
91.78926412813202,179.77787323072752,52.90172104090065
94.9960851305082,183.04065934298444,14.870725883464551
92.52370764317646,85.88646386654362,35.44696288227327
92.49848969095495,123.6852770992538,18.776516100107365
92.35945586901896,154.52801607774444,17.765524176043606
91.6184318640666,123.77554978122208,10.347788602381998
90.24693281978053,221.78542512304887,14.189613409879492
92.40288797482944,101.28636703257705,21.10010606717773
89.07276853461168,134.1872264490308,13.728783514884505
90.31772382950216,84.97510848911388,137.7591198501912
86.60075136613032,94.10240294143446,21.072519205012867
89.01729872732516,125.14800480751636,14.189034676160093
92.76389382240166,207.1625605648456,16.659912993278013
92.66035812056856,124.30315263704937,36.58035608136121
92.93894462689433,116.20016315494712,11.985589103237205
83.60509716200262,87.50937485784503,69.50957269198467
91.41175604828511,124.60608546013005,107.71266118661312
93.85398359729628,94.9415825703098,18.500640301178223
93.01366261314844,125.52610721089412,27.94030694136768
91.00218441266942,114.48917414169895,10.671492816646731
92.8494294457708,124.06731898103196,40.70878127864157
88.68243015745306,124.34496287569876,26.02927949702865
93.65918098648456,95.68558587996542,19.44372515791588
90.58430264248403,128.4472958747374,16.951800081470196
89.10395171815401,117.96809073684074,41.84149613753728
91.09642984310628,121.7192515180632,26.146779811146317
89.62205939023997,80.7454184011437,15.941065715125518
88.24498465266254,110.62443075122232,45.04939517976119
90.65378697304266,133.13165322276265,34.9772628880394
91.89557095384713,130.06492398108134,68.70016712938596
93.18991669460117,104.56640721402935,13.749075414778972
92.3617160784934,126.4487074837204,56.20667624328385
97.19930796528642,108.8322319778371,43.58130238106139
91.86908924157544,219.4874907869461,13.665399761452566
95.14595379516604,87.76536668689482,45.60567712396001
91.79855942216706,125.94699053758264,27.477560058516648
92.93212063344605,136.15721538913894,97.00436517238768
91.28919295983737,86.34168158683745,14.580949322406934
92.18666730639296,121.45162565758416,40.88658741029895
92.64143552990804,139.5513931074135,24.43703599452436
93.72948861326832,87.32169785733265,104.26763315257764
87.08742459681787,242.24079905118063,22.01320292749277
90.5151578776754,123.11819860970716,108.25220443146786
88.7440154764911,104.65386955867538,79.52665292417912
86.03292164064499,125.15818801132134,19.457075877024863
92.59864370317293,124.90018168023232,58.81916424973157
90.5216429720699,182.46655518865535,172.81318448981594
89.71952514400805,109.96652825310466,18.737171818057178
91.6621536721268,126.3958812668502,27.22239812610522
92.98440716362622,139.8075982985862,32.030373415036095
92.61771288750316,80.24975090398014,20.483794036881697
89.74567399333347,94.0885012323144,10.461476400996672
91.52125151112229,129.24726604840453,17.458812121510455
93.40166434059684,122.76118312419368,19.935934269424678
86.32780597823083,87.50294369256524,27.5880184636505
88.85538058342631,160.00785007366665,15.629762451760726
90.98137363615102,132.13748223162204,71.96719028267424
87.44447801411573,117.80966007659976,46.614361690868606
88.59689997838595,243.11256503457903,12.671510166126447
94.44640520142526,121.83309158711118,41.502589165164906
91.74769014251272,122.98313047656882,41.80972461125431
91.11951832091424,127.3086880907925,103.85814985013062
88.74123264219128,125.57431808324212,10.090763301941752
90.16036739349038,124.93390651039806,18.547873950419216
87.80028679242247,100.74127581794684,88.84591677562531
90.46662805184243,105.67004183376228,90.70656578818554
86.75684218731087,117.61902779832076,48.25186680808673
94.4685820515701,95.24368308995648,53.54269678837139
88.94805625125856,112.02138344897268,12.878248985543657
88.6365864927865,142.39340387141726,31.63873611150153
90.92870001941635,83.01947200456019,17.902681393070996
92.2201266374424,125.31590436484818,15.998123862802837
91.4080557898888,80.10776243811581,59.86986380377921
92.95715241125149,116.00441617160668,14.352095850106672
89.14330179126154,91.21164031796052,28.970122659796573
91.51115039566292,126.08768663424787,93.69973307437246
91.25454346468167,156.7079823128522,16.167658429489983
92.26108583177742,86.57739017945265,124.49241847907388
92.32287870035474,136.1635818033311,164.955506834085
93.29390618841188,127.02670325140602,34.33206471571992
96.09395904193752,123.66991153474864,15.595047072944178
90.8693966587409,133.61977454767307,21.39852154182863
88.40150527878009,80.50570989965289,26.575107904510386
89.8890889905452,86.26513755307958,21.102543270619485
90.33376876370498,122.56807901302705,19.881616199608164
92.870413181035,85.04951196598884,117.51365519725609
92.83548198762584,119.25783646706051,14.9945621819395
91.84309825011938,117.29907623409578,49.65206493632365
91.56994259581704,123.05628630762438,10.012311208927487
90.42486470352448,161.13620431511694,37.20377965775803
91.18919121291869,198.12896583743557,84.28780557627636
88.08084279867961,104.92762708053226,20.187544221345163
90.97665896868374,87.22749343442251,16.15638227486473
91.702717033078,151.61553653104806,41.63899277823316
93.70303768034223,91.77661043432757,47.40655606009953
87.3998875318935,125.8324267625441,44.945497393325525
92.0774511278578,124.96080062517422,21.539751906074933
95.65639634892295,165.4147522235308,18.718687862384293
91.83153414396033,111.59524618143332,103.65165671249471
90.7665389472809,116.51976976913777,87.0354147863926
92.87252533870844,135.9311634115463,28.336876132353314
91.2846895705306,120.12363788970234,66.1618702223409
88.3876091796962,114.97800790528868,28.06211361928881
91.02095833851304,130.60345377422846,26.569696751656597
92.94591489838274,125.77426678393348,15.115214786800898
85.83615800015501,225.08949500797652,26.675006454706576
90.2232113785589,97.72750326287968,33.12787437813326
88.01348110639927,85.48735887748919,10.682842425083049
91.06128373063252,120.9930045343227,27.615707563219747
92.64505267209248,127.38355763529242,55.60934324434714
90.69249441526118,126.20456151023468,44.18734659148969
89.93385137465518,90.59706433554064,40.24864373195503
89.26402746889394,125.0294998549754,82.09054254493982
89.286083450486,124.84804701662404,10.54589703166964
92.76130799718916,98.0044055770689,34.42878798243679
92.58099265584778,125.662772277177,56.44306725614123
95.4269293508704,102.13985189731412,33.383080517968985
92.40396402233516,126.50734871030424,21.7422312057135
93.66252463291688,103.85617454616416,14.39417674394246
88.50650368009953,101.8469074550077,75.5608855876078
90.574582157756,96.37203543171142,29.08953352717392
88.23039386159606,121.83367449442171,73.14036753729188
90.53535396868668,128.51873191364058,36.44596530233055
89.76869080682715,212.07992076784552,43.64342158298713
91.9231995310645,133.61557571173927,58.9292178553315
91.0476567643496,215.98356290672925,42.28987144856967
92.71850619920411,95.38121484200568,25.22766805888784
94.15142032798153,123.74417952481453,31.6237775622215
91.944194351234,101.67718367631184,58.74348000024316
91.0190374965179,86.72739295670868,24.03539295600296
91.64024929150844,190.97603612790869,24.73664424812239
95.80239376505573,124.15652195499376,13.01749556075402
89.16914448309461,153.0310333901676,83.80680812313649
91.27914929756876,122.68321182947632,12.863504081131826
88.73841469658402,178.52608381821292,41.34155602414644
90.37764860925952,116.362097145006,25.99185471293162
92.63429160546404,84.69946460220451,25.607062230129472
92.10660503005668,89.12284118349484,44.1410425683526
91.38345355909088,151.83297718295927,12.083516406376832
87.45830171122375,212.31502890931412,37.020331278860425
93.2194464465846,126.02486843206998,54.35647215717777
94.47921755016436,137.55759945932212,62.84495596892896
87.25650703465502,123.42341796095036,15.609064174598275
92.70358704379484,103.06397258921336,78.31309110284293
88.16800692541537,102.06056365857782,42.02615192248717
93.6777130298417,127.56968889449324,74.07522728330063
93.29888825476084,127.02795397727668,29.92400826090546
94.60428335977768,146.60067165947677,33.42876710222551
89.91807964252779,80.99160550003907,85.41336375726851
89.679448621305,100.44636238211442,79.05042806243343
95.92054910412526,125.10016240142168,27.83496137331456
90.77013132252917,134.21519904241683,19.623213666143258
89.97733947528243,113.6175421423353,24.985219275053502
89.24598760852936,121.69124122533935,24.71913959481845
87.56845219005487,119.57660154848789,20.142614946763423
90.282681785402,85.9578659540821,19.3830066359604
93.41462244878576,140.24621212934466,69.21202686451277
87.60940384889504,183.50239346438323,12.172666944210537
90.95650506405006,223.1538304526483,43.95990858648727
91.29268037481494,123.81007851711526,15.69199047031166
88.12211247057638,123.0909955119632,22.670978995116062
87.7445270505644,93.23198646082172,11.905548345188704
90.8595201932856,81.47166003209401,19.44023894785492
93.79125731243188,92.52823859975808,53.88503554200049
88.61826704318618,81.21252146758687,74.88869249293194
89.94782232188045,88.59262886741148,17.512634965572744
91.11563869051692,133.88581527209183,28.683336701671923
95.12081316392596,102.96581112582813,29.06469611878889
92.93929060024696,132.17612760662183,72.04325351577731
95.04660600167408,87.88573470145401,53.16542856794456
93.2859045385193,124.62420623719836,31.589491832461245
93.73915053592106,114.17554755935458,43.32788306954829
87.25705494067635,99.50497621664042,66.38922004520632
84.78159476808348,124.63798257773637,10.287542237649706
93.4244974165469,109.17763188030936,25.4696193986955
92.12998507079746,121.69863648217846,81.333217361089
85.81385464583623,159.378989735544,50.44835014296678
89.17342345001889,129.534254093433,33.48174538600938
90.06203341561195,167.8017450355397,32.627996340725105
93.11016682649904,185.33513747031628,22.82074504516021
91.40319644603184,121.19442648694064,32.05162625808154
93.31222906003156,131.6106793780159,41.95966607029848
88.15679376807654,113.17197735607502,26.25726409749412
86.98269165097882,87.99875220975918,47.56897265430853
86.35419489899866,124.95873178567469,69.24860328224831
92.42558097408848,92.3959116467288,15.041372812886577
90.85983445965827,121.59622710871156,28.019611983466035
91.48899410231118,106.45336148042762,25.72847747966781
91.63329103641378,126.95986410603004,44.89114567320279
86.04593657390414,80.96989037969924,18.625161252227635
90.95711777405236,121.23174783955338,40.67045429554527
93.74789960892174,107.06828549123352,72.98669290760309
93.91869839275633,123.67522905822496,26.245329199083205
89.43730252431011,124.64160952483758,82.57885987215876
89.60295546069385,85.31742435059813,159.5654297351377
92.26390305478331,125.98686571789804,13.364574197721762
91.273666794903,125.54223126422065,17.96013476504814
88.04781618186135,125.98835239134112,100.1006887692664
90.10863922110488,85.14542856376843,105.33754945251508
92.97198168171688,121.81264116995384,13.084488495142248
88.62365564897205,125.14613300610053,10.453363460543422
96.0131972176531,126.4612889958774,15.269913905572263
91.13272749073624,86.20745521312645,175.73985643135228
90.12537294152588,139.84763081210565,15.95351413528014
93.5317633390018,127.26472646366506,30.94766256597448
92.06423080144825,88.81963209040737,66.59880224715232
92.9251614139416,112.66480243450587,10.618377944079546
87.15520314104745,95.11330281247758,37.82729903226608
91.62190139039078,133.89700890722375,19.73143769298009
92.96436633641186,127.30687875832992,69.48794422952648
91.67092325808292,127.68675903493876,19.9996843073423
93.2661583735567,123.5479149548333,44.82315839344666
94.97569136248164,84.89730723167611,43.64595531489893
93.10715279710948,198.77250123340204,17.511340033414736
91.3358071709935,125.34705549841352,11.062573487543336
95.3583191096447,91.89220001328388,25.790849243046537
94.56453458961676,124.22509252386524,20.240636454551925
93.73501264993304,83.40813245913071,59.66096090654083
89.99179316772356,131.51592567699717,58.33781543924837
89.09106890274103,220.4757596738196,28.320702126192835
90.54250553865818,174.76016050035287,37.98115839319135
92.19624604155184,133.9801775451389,37.80989877881001
89.9534401459264,124.0605255856026,62.661347660129245
91.5840666187842,89.05406768271965,26.601683100061788
92.06176528157732,124.02223497977192,19.665997721713904
94.23433467381555,93.72535757890768,19.2379686571612
95.4665724963054,124.45416245641944,33.048556229379095
91.28588337152974,125.04880162364066,27.8886842945246
89.25177785607063,112.3377082066996,27.40102542953613
93.2161456806078,185.1227179460449,12.866838529813144
89.57821297526765,127.9298973137524,48.039742825970016
88.48654375366627,135.4110798181317,17.213906202586543
94.36452255592104,89.28429659319023,16.580284630295296
89.80594530173471,82.81386209957333,25.969564712403823
94.28371496698036,122.80810421878807,17.754509437370015
88.17436042953317,124.70148529628368,36.30188119481979
93.193750052812,86.65330672999099,23.93082766715389
95.97930593805316,134.06181566733727,27.875808087451954
87.91313985923176,124.454040282077,33.11181991572109
92.6528562168784,130.5102779071675,16.827182465380908
90.10599976442334,170.15371477114078,15.079256259261273
88.88007379134733,124.2461571680124,73.71356765894336
98.87067286460648,242.3210619289908,27.060194870422794
88.49023483161625,124.1021750500243,25.93562631437568
92.55207341305471,123.2459990147124,11.0878519463273
89.00069081514799,123.65689294649962,30.67323863210102
91.54954510568642,122.38136738569196,34.23450823345452
91.45296052381372,124.19017115361544,34.550488953512655
92.72438861122129,87.22990175200337,46.83067166696205
91.07664397758518,415.6938717578991,15.861541344075151
91.1544872763274,124.37384034863688,18.71951959915677
92.07294600916924,147.21668523247038,59.93749509878322
92.39637896762204,191.58441865707076,98.22063231640064
93.56140385496349,104.6653907034046,14.383140235363742
90.13836415942824,138.87672522190948,30.65371912758113
87.94376185064277,121.6574241693905,17.230682554756232
89.26881235925897,123.55548269916696,11.85859736269563
92.41913704320764,123.65591687649962,21.813656571537383
88.28604703065412,81.57689147696578,14.6536013667607
88.17848204807997,108.96919327449312,47.12930804098889
88.74654139146688,127.52951746994296,32.889417320272884
89.52815040192685,124.1421288817123,14.658746395708402
88.97731863078083,105.4475436863803,10.278536704583871
91.343036388985,126.74630098346076,59.53234616010839
90.85746140563896,124.10435393051574,15.814621201583844
92.60917748308816,83.41938472097749,37.958631227835774
89.37192801317448,123.79395793030552,22.325875527003703
92.99685971943109,105.10410226625638,36.41945141593445
88.81672211809028,110.05865072893056,21.378732886981275
96.25593917926328,83.6170165312421,12.728596059807748
87.60497507668245,125.0653628267498,17.567517749009422
91.28519278490992,102.56369484843856,16.24981202882311
92.15858091569902,127.04832934459958,26.759503633333782
93.09736829061303,96.6865013437084,42.213239874224655
86.80397375621394,128.19126033830483,19.187851294964176
88.21285583527835,110.2428233727477,10.364301053705509
90.8446223940134,101.84993390643297,31.952733925913527
89.70681241659614,124.64247630138286,37.92382368470935
92.63066433214676,260.2815563464464,108.80029946607506
90.05676020924105,125.9729180153874,36.70924682167983
92.89938206707548,81.6116435376982,29.1127929862272
86.99042310448083,108.6627475425586,35.55736852736223
94.20083501556564,124.08521317433002,88.8912991203951
95.17199499463104,136.6881582519725,62.87385230211039
94.37012331016588,217.32315604293933,21.70157780533778
92.53039683594866,207.40088614212044,18.124920290650984
88.24379942658646,95.99967544828344,19.140111294737032
90.70495457060848,123.75974700743863,31.0608574943584
90.34645220734464,81.68022586964794,50.88313066071142
91.19090562868168,122.04257766095284,30.98819232735125
89.9992839875073,134.61950939906376,12.106120862302964
91.875039171493,164.58273331159518,48.57509094338331
88.94824718380052,105.107681411143,59.19229467546899
87.87884133258049,126.13397363686477,20.253499800756643
92.23184244891944,122.10774866635208,42.7305523934746
92.5583183557714,113.33975637235034,26.68472803621219
88.39970678415939,125.86385016276722,75.97902799055468
91.73284458344074,124.96417527021757,65.97359307565858
94.16978401460044,132.28052143425458,32.36051076675808
91.1789401414326,127.08569237907348,45.28154237510824
92.80786005833647,106.16091283763986,74.45724152452465
86.92213842124588,125.5827539597429,30.538530416386315
90.63956916340824,124.23879475084551,21.27358096774777
90.64169446437649,102.7224643813062,52.03202500581559
92.6719567773398,113.73904075997292,17.456389148138033
91.53905430714138,120.68838883444248,24.75673786606575
93.34635982620128,126.53644948825256,70.2364601189386
88.37761927461784,148.2672173195033,48.66657410835816
89.44277717214894,135.06494620090928,25.51592670683837
93.26482921407556,126.33222510672302,17.25238418548221
93.0015363727659,127.22924737662828,23.20022414570962
89.66623168144736,92.30917904651793,20.026617472499407
90.67970308897156,102.04235537515066,15.81079342297316
89.92023069426605,207.54365002117905,50.79926252036122
86.84237731052075,125.23451122424149,18.71337210971625
91.64501093759334,97.9574832994613,28.16329216615006
88.12115371977656,125.7888448255024,24.625943892522685
90.762186180764,123.52413269167212,130.65074801918894
89.48780006041825,126.66142614559293,24.882654729051666
90.44212772669276,103.1680610075525,12.500877060460237
95.9328603172107,127.51045932509032,12.823576513339336
86.67602470044977,86.43533507527499,36.80314467630559
96.6327547776766,127.86282503860711,37.44102627133479
91.104337600448,97.94251581388966,26.27769369091704
92.79700653453034,146.04510119069977,26.96076125581597
87.42526280776067,113.12974581301476,11.663243409208471
94.10319721444225,114.8329737668878,31.80400491809969
91.0282003852844,124.4515802521455,31.08014027512884
89.85687654412953,126.7863314669446,14.85966569646546
89.63391634391051,109.19059134586152,13.289068764973624
86.10219780037062,128.48560183451963,13.957038479833976
88.69255124265867,127.04755991936786,13.195109947162626
88.82674426141065,80.41984053837378,38.22581809181524
88.65278034111594,85.7976783570396,16.562695119931128
93.63392395706846,80.03822417510553,18.687722872762063
92.04889382976432,123.7830051381817,15.719279628412483
94.6022712322334,122.70013991699751,104.9851601916878
87.1407984503929,93.15003804124322,67.85160475911258
88.95586744058674,126.49642649264533,17.86022849892608
91.94561761560806,182.0097323023976,21.90555252064507
89.51701880306112,213.20432102700457,17.067601002034007
89.5930639405433,125.513143612405,30.31089060758885
92.00009872932132,102.35019129577624,10.594161112710422
89.29312577518003,119.0814652690978,43.38450167068926
85.69259878716507,98.57043119193006,32.21711182148064
89.50288959228428,106.16989985425803,78.67198509494841
94.25870778424496,84.87847735828481,15.387894830371811
91.1133826707682,120.86820227334395,58.90594459021965
90.566583284768,84.23010998926591,57.10089359185688
92.5853859870348,153.40509230162365,14.080818774076713
90.0743348271582,159.84673894763395,25.252816275099207
84.98211229717172,84.37537505383696,15.595405002924526
87.41151468318138,120.80499582614536,18.81987891367326
89.4104300181081,105.51537820787898,19.165043962822395
91.2715304526888,140.70762223280016,34.37389831936569
94.09034137086368,162.7059610146713,25.90081047499271
89.63732833992489,175.36284728414995,98.54158997064516
93.9829015431348,101.572830026689,14.052954892040235
93.60442357102612,134.4483991391662,119.13661988142904
89.62948181555812,124.89372313421823,17.865835334648292
91.82888404405978,101.26405620796312,54.467502079389824
92.32367994446584,127.0091621471044,22.41867828088518
92.398151117018,126.48697778259886,14.632370261340906
90.76142680585453,127.1465881701218,68.53444420400575
92.82256444702163,124.22839578477132,21.08242515724405
94.7595555557792,80.72921938586725,42.26346571151391
96.85299332158978,105.41916574486264,35.07200751012479
92.00470913237132,106.94061401345394,29.145926995178517
91.49941421135136,167.24323177494352,30.544626575673853
90.29463513026202,122.97475500774752,49.52969295686096
89.4381227793411,125.35993708895973,12.755989666927448
87.1850444671139,112.41512079539874,43.09493862098855
86.92895509359472,125.28705235867643,77.8467787800988
92.89937438574096,125.58052837941968,11.785755572542728
89.7362173038923,124.92152130176602,14.547486257012558
89.67260799706679,169.24291803069832,47.83025947995938
91.43688429422927,127.69778155208486,27.24928117983452
93.60091489738298,117.036699424333,25.502726527952383
90.16756620820054,116.15789613905336,14.41905779417598
85.51082607072645,249.5265970396318,31.20339294533781
87.98570579695131,123.91328143134766,14.058970717099449
96.04526877101812,125.50890714912966,29.42345119487677
94.88619082151924,124.79303740802769,53.26884135892778
96.34610346950228,132.77943204447516,18.962871303178503
91.03783979959692,89.87519409755022,29.663184199214253
88.75356758252833,125.00770438459269,154.90935720755968
90.95731944424485,125.73884540865376,44.8130756011122
89.74075337113631,121.98378088313426,65.23292327920979
95.31602935072036,91.65117853074622,26.07648892207083
90.54700077602692,115.03701222452506,53.81255852921967
99.35226399141024,143.0977788461387,11.240575711195705
92.84741032070556,83.77403603701948,13.934410526670309
94.7084424948052,114.46165778591704,16.809675322441628
87.16084039636766,171.5476662917165,25.422524039285957
96.31795178958976,85.61107280535043,66.07442239075313
91.1481390016366,165.3043549242537,22.751644473366103
90.52627570450343,121.97064121682564,41.89340423471382
88.7408826940912,122.868002961513,47.06537939070903
87.87867808274032,99.94160510214444,36.46989613012372
92.11846841170376,84.2810539855074,23.25960810621921
88.62623795924618,97.26274789870128,35.815276336877986
94.37604399966268,152.31655434945668,22.568621967955696
90.41395477590032,125.28896777286532,12.628032513950425
90.7791084075092,126.35311207472996,158.02680794482328
88.55866632632234,100.66808585746352,14.080862233836887
92.9031562237717,131.5743447693119,12.25297090893132
90.3025838687792,123.84118277341706,73.24282384377825
89.45940614575927,122.3758792280031,20.778979862761823
88.8721964214113,153.52631978502433,41.520129460875694
93.66113348789582,97.3312952922182,21.969840431104824
91.4138992627912,125.64989738319127,24.9004965601211
90.2732826613418,232.3534742458464,19.118936341388103
93.7940328740032,202.63385375283923,22.604147279164508
91.76610889415356,122.4162540184862,25.864617007157378
91.43003856296964,105.1269350297682,48.23358225976027
89.68242576771347,123.53925889398138,31.49469708530983
92.95052412297916,126.69236761092256,96.24008780485212
93.06656560361316,114.1863708207006,11.28347976847692
91.9122610813592,127.48138059106076,30.979081972598507
91.44224439133303,182.90775950058293,36.32831567605899
95.893840850508,114.45826882700648,85.84582020240332
89.08731907276855,126.82713373110512,11.512237655095038
90.37939206784986,178.44667518736978,35.56425816587913
89.05237812868742,128.84996419367636,67.64851384567976
91.63999794075345,131.23446028807138,18.309296571871712
88.72557799076486,90.429642044272,72.69502439185258
90.41998812418672,152.83318998005726,10.576812112617926
93.30478475030964,98.4482198656492,49.553983489399535
88.54463493055493,144.5770700100362,91.14261871653612
93.29415862590818,99.0044823326148,42.11803812785201
88.36610855952665,124.16370941585834,27.342595093766864
91.64920301915988,93.40594758479348,11.377580685435484
92.21365626825512,101.83682539015018,85.81456971375965
93.8343519228182,165.04916735376065,29.06312018270857
93.45667517536904,124.9240066868337,10.882763733950087
89.045191304032,136.9067064744575,45.11817876251621
91.86281768371956,94.26853565291437,29.72397711347071
89.21130918912834,163.48126999567663,13.98350391267456
92.6801174067934,126.58731518969752,17.234330791959838
93.797619198992,153.33333373707285,11.999925136541131
91.08901200410652,115.97965572059016,35.62015691718177
91.26804395504855,102.07114802455877,39.18817221528717
91.0025839139705,88.31101211369075,31.14094703695289
89.87246532158832,107.3872809878003,60.9648215733418
89.53603799496608,124.73451199938174,69.20034431538593
93.6319858294475,187.0573481133822,38.68405212453138
90.588546942179,97.94135126620642,10.385156266827366
91.54095053271269,186.1380547449524,45.64590266990419
92.70018290947898,134.94864147241813,26.238504572617803
91.75016545847912,94.35387260832438,35.01074921328323
89.4893839542907,126.48811073361657,41.415961518038486
91.04630483480663,103.9877879753712,22.93441013218653
92.71015591300916,131.9410583353948,84.70306555900392
92.06970014397824,146.36959169006843,14.315240458358456
87.8232088864738,101.15971760735928,43.39763154160883
87.58089345149341,123.32280528409078,10.131073319056092
89.3998222678986,125.86497587755346,87.56878072875116
90.42400662251084,287.2362654837598,13.580542444392742
89.50085210975132,103.36258995851549,12.99077262924181
86.8358920151338,120.96242177059553,22.149300309652983
87.81225962398376,84.61957751536315,24.03136941931577
90.25968023480358,80.96536714206101,17.235409925480173
95.35341912474698,89.86062363516388,36.39309881774317
96.88999723629856,125.73579321312114,27.55107485200243
92.75574422842922,95.1746160836575,11.0431969145594
90.77730667717992,123.33615374083276,21.5545281555426
91.2840969077791,124.73507449399376,59.89036897077217
91.41798188252174,188.6203865299521,45.10661961761602
91.89476874546617,124.1435493265059,48.71544004624623
90.8591771689142,99.0067252894506,45.93146507244381
90.05608200230161,126.87209082031131,21.174245576262315
95.46709168682828,123.90937935066624,13.149614963409917
88.11360008596334,124.98089387297374,19.54288519286593
93.49543781136768,125.2832794560655,63.47542421216895
86.74757320617735,92.10973709124715,128.0753315210644
92.28782974469269,89.23322602525813,30.42748938948836
87.08813229929353,96.79185348339423,10.292431295633854
95.87666955991132,112.15683453075825,14.526249946750957
89.32210610901498,104.1382128414867,21.661805222603448
91.56793695656948,109.65755832257756,35.92414029425943
93.55923227597415,121.8713292208784,12.3418835590943
88.48176489088925,91.17878962737628,96.1297641539462
91.45193403245112,216.1085400335164,23.62786173170646
90.48121984774674,122.38733996389938,83.11238319038351
93.68282587032712,102.9039670258772,55.4950714176864
93.77206770154642,124.80286053240252,52.24850346529272
92.0786043186702,122.68684932316488,37.99697152329699
87.85353794087342,161.4776661891134,39.567923448395646
89.94638620605843,99.36410049432948,40.48360012773282
90.97970100316172,125.16602961951492,39.7240755955047
94.34455264059032,127.35842515519556,34.20481497693726
87.72935946834879,170.84472054032537,138.9615036595105
90.53454730457528,124.9942482032924,49.53559280382883
94.44974621706102,114.30344966910044,55.010293768605806
90.65759852798216,125.84141529556888,71.78041931504936
91.1839337606416,125.28345415532492,17.28660633532517
86.58690859076154,122.81304216253076,12.625754111362951
90.0501168039318,123.50588222940988,29.78524722363127
92.58768277308444,124.26732657008894,31.651381277102388
89.19881042656674,123.68247079968044,63.01465985652178
86.82171734448671,108.48709191282173,27.59793443719017
88.79713921764511,120.93410370721142,35.37867462785621
94.36011916460122,124.0887097512712,32.46429632359729
92.1183094493052,101.8672290141786,11.168549333895848
93.43039469726487,124.28725399157446,38.65210820529638
92.69656653154348,158.5065575310922,62.81537485956875
97.42448997584852,130.24602157069364,15.141468018727316
93.74691291574275,121.79778932633008,37.066585960240985
91.10917778687012,113.86332339060364,37.01329987104454
90.56311594279356,120.55901294632874,15.380438177434606
92.40798511179192,92.71028070893234,13.953310501179825
94.23399414138652,111.54673306668688,127.43870598082614
89.12683952297705,226.3091825141125,25.012359515287525
92.33064524204846,125.5801013263675,17.74065859906687
91.67469997833716,127.64638255603133,15.637800687616352
91.98911046328516,125.67063685577313,43.04264113595059
90.4394530066779,122.51870966044676,38.20561707532771
92.62860637273872,190.1187659307037,40.94701772066465
94.47325156607664,111.35919595969976,12.763656941292414
92.10952792327396,126.95268334284368,77.19805222758887
86.73813024504283,100.32618963479972,24.79283248632681
88.85119091464547,122.56158864702712,21.2787652264901
95.507957882905,142.6634541454649,28.617063389068367
88.21471038677907,95.21040019524328,24.832138965533357
88.0569401337803,95.77844057661116,69.75984847291969
89.73231643347829,125.99706236174389,89.46273642892355
89.28281346442517,88.74845828758765,20.848609555815155
91.23144913058928,163.888490834503,69.83885501901997
92.35633719974324,297.9791092717446,55.6322537810863
92.23231525948955,126.09764042322246,90.12595883618204
90.00250548940771,123.92481191977728,18.46095444536367
89.87201131753086,102.07535814965746,35.808595983418016
90.39270474741548,95.10210030350513,19.62866987074105
94.31284825642102,172.0814796137219,62.13424917599726
90.08269880520952,127.2950102455473,10.160152437511492
92.11729176567307,229.7962783741165,34.959808503324865
90.8912081204503,124.06106713918288,22.429277481748954
89.84221329879796,182.84836901611945,21.68850752067032
93.2458515092504,169.82221055047057,41.06120943637393
89.69991949150749,106.25009086983336,67.21196823393072
91.79314528143271,91.38091773118668,38.186426983993314
92.80915305461272,93.38259463866348,67.55500331729067
92.28758356958107,96.09119593126697,19.220103485392173
92.01558671750576,103.56584685938915,31.987957319561243
91.34220894207472,137.77454387880323,27.964390074006317
91.49265837709014,148.46133063994426,10.351396970482291
91.14250334101168,195.93002106569972,34.412846281230244
89.92882630188376,167.2724190774561,42.499091435245774
89.70666624798888,217.75633794484088,36.88835000472861
91.1674394665236,108.74047964919173,49.98600882801751
91.61566854909512,125.08540545121696,35.41270345074837
91.8472357251954,148.1428885218699,12.072473027987368
92.66904441552722,135.1156571055246,13.714069897286636
88.3539222387502,110.7355116682616,37.225473652274616
92.0919295439668,187.71117495450957,19.6466477143992
91.98781562703368,111.78587950591744,12.489878620103177
92.0220732256112,122.56091467280012,26.84266658758062
92.26256215943754,84.92311404610619,34.24479708306497
89.34317382503679,123.27814213325031,21.95822970366994
91.7344939002656,113.35220568920714,48.23547439527624
91.78272087793634,125.32691156521574,40.96541189122708
86.96965160009319,123.92879515898368,22.140788438142465
94.73360662513578,207.502247590184,52.1793074071681
88.98385684125459,126.60114155627996,41.38301824101302
91.77554024636716,113.20275854778086,40.43740409918552
85.92222230667268,138.4756159589606,34.18461902334513
93.90724965867156,149.76003117835955,10.343650813313
89.70464023384945,126.30020454322164,45.77192012649425
90.16228208170722,126.18800299212326,24.150156573605106
88.73088005397558,80.2301895892378,95.73640469481964
89.96367999263586,126.5392866760696,61.10994760017886
91.51363334070048,472.9152726509208,36.579718769764426
95.08853205671218,156.1246142999667,18.71786865429992
93.3937592871924,138.40175182723644,16.834033677294652
93.31489021920729,126.01049476430612,22.482961042403637
88.21062088967726,80.8563928337379,29.420441327739624
91.7680215690996,113.70131986831342,20.532099435594557
90.13265236001722,80.2013322048451,31.703830848553533
88.43608930112416,100.58902410630292,15.423018277909748
89.5959636788138,123.451011087446,124.1122999542512
91.25006069406008,192.23119302723143,13.426137110293787
90.26497608593058,196.4846819764408,90.622793060845
91.97598946370498,107.3649162411254,83.45539413691502
88.07851694468782,123.96614661587446,32.355990164753834
97.16182635027786,250.1981899303036,48.71973850906808
91.75395121209128,126.0379340297126,27.183599975623256
89.9956754999031,87.91025354749952,39.83037191584762
90.39394341567288,125.27352361894889,22.49165372149758
87.5977253480762,88.18247579971201,20.74996176238032
87.35611698106194,102.1344030625418,35.89883890716125
90.72479985986826,216.01132141810075,30.68240523301097
91.73355634589166,99.845447093751,35.991918806778685
87.97775904925368,116.70594556358677,20.13393786294085
88.95312480567009,151.16610769294732,23.716547279616517
91.50967013202532,167.2333691034689,12.628825714564815
88.55009432217683,98.92777203782744,11.610770534905498
93.44859582894712,126.93788921266534,18.769067056494947
91.9539442024061,153.40140304981307,12.314429998797138
90.09326515741726,211.2838033464369,13.286903690721743
91.56537407268236,287.91654117684794,60.28791629630049
89.086408259864,124.48225864472307,11.189483498353695
89.10552417406751,86.52691621525233,42.2711516813964
94.8529395228233,81.03908650805612,19.54661988706652
95.36791569825223,164.0507532271955,71.56545789223357
90.12004535401348,123.60105351026444,29.907201910831223
91.2286610693817,217.53669172488543,20.940196464191065
90.13915042599557,119.09497789742124,31.871870478518662
94.02453963156158,127.1936382458977,24.43596680452439
96.0639127623779,128.19483557502969,34.924113683391155
89.72094306658741,126.57584901296924,13.649198224873665
88.09830425278803,124.74456938946815,184.1794678460344
93.46738773380189,91.60309140226052,26.630573488100843
92.96496723590369,110.62191506021388,22.8419356455811
94.40550440163216,100.5244789804474,47.157946984627216
91.73878252305394,126.86162982050858,23.571956867832345
86.04414696965145,110.3842210234427,63.74216086311789
88.23019547840913,202.6549261221915,28.168967750937934
95.75811176046096,156.83731906748656,48.1416946792416
91.0574847536766,138.04907481360794,13.410290444489174
89.02270211735805,125.28741020537127,66.14730725154027
86.44595348894187,86.98921497817989,49.92215542265253
92.40018263725212,99.72563901309546,17.136935065120902
91.3624509880368,123.0886890663922,14.709651409909924
88.12016963252246,90.96694957302644,21.406745894291
88.86115619614102,125.08773952099088,121.97940600355676
89.20766509082425,125.95568163403593,18.904977310048217
92.32714623959508,83.92056791244869,28.2711969833936
95.43913213783472,87.28316191238147,10.914401768712546
90.32638559790604,82.64429106615334,25.186464482763952
95.28634402027132,85.39109218563176,35.41133785416382
91.16361407652686,187.669547799408,101.80787584686956
89.14982926882008,233.8962947652864,31.815768513818927
94.65980184254045,98.33817003274017,61.295541576869645
92.3914344402602,155.67308501043075,33.76434894638432
94.56027890206734,82.02902639983178,11.249201540985917
92.14208895875107,80.1569037491691,21.350455640856868
97.26406465684953,141.5962658740958,35.708797187613456
91.88743116238894,88.46172768139905,100.23048145313147
92.48616809572994,126.40469031377206,68.79761060484759
89.4009624447512,87.19548489467887,17.776944256379736
93.589717274452,125.9779856168988,17.458065307891395
90.86356335966272,123.5130511903185,16.738325084280113
92.95574222076937,118.2922244902486,86.72389304398652
94.81329354725798,146.93289527035216,67.45162599531089
91.35709348346552,132.10624267368857,54.73410796175382
92.93753067374338,123.10451674292749,24.963705939336137
94.72932676385832,185.6211578396721,31.05841587889601
88.73023030543206,198.3278061656848,28.72720709146774
91.55867388991813,125.57995158335883,18.766695332795564
87.13527158612858,85.27895757706838,31.0976253071506
90.84388623149,124.78316546916,10.92913730666937
93.54976133855232,87.74789296802112,14.240353734067124
86.61005477825312,116.82560299969704,75.30226442064519
89.06857992967898,235.9605557895069,51.791083114265625
88.04845510915163,91.01651463418848,26.49054933759154
93.31701836181789,148.38172911143215,31.841499486179327
92.44923829550778,193.4499612932363,23.86101073841878
94.11330261852332,123.91217593252296,50.50232933587525
93.583146214368,184.14955640479053,56.00031452518443
89.85796990783616,93.28614559934776,53.22697589876431
90.83157469831956,125.18098258044562,48.47011116644982
90.25721960477894,110.17183399675535,16.863696557925003
94.8125239644468,141.75665811679,22.373331264820223
92.54561808680984,125.890416835227,29.03760048538218
93.63293344747623,125.34112739674634,22.04985510590275
93.03392469627346,141.85632324300806,52.18759051701746
89.96472792282347,105.31317927109718,21.985394278728787
88.92536235880993,115.7742649528286,14.463078603430093
92.44360998316564,122.43967050458826,25.27682963838641
94.8863614276014,87.52116927324096,127.23261312136952
92.02754731140143,172.65866728529485,17.680906115927485
88.233642244396,97.68077510185525,38.41476813368371
92.61252510302371,126.73173966495254,27.02045335711155
89.89938962166697,150.3013637468466,12.210189573429409
86.82070753187196,111.3702463087312,30.07569037208099
95.2330223760324,80.17119624652193,46.33640148975911
89.14196585692429,124.45502530870564,31.598288610694244
94.4264269120879,120.5906689965813,71.69661944741517
94.6471465674198,109.81592854520562,20.229828068070734
92.21965267023116,100.30245000517009,12.705920830026235
89.07014877308295,186.68951294207776,92.73247485146972
94.14743872066197,138.3669056894239,24.253927316839075
89.18150212614476,180.62364512510743,35.769363122661495
91.08575973685116,215.9928110419893,57.10696686597576
90.5953346568477,172.37452145301955,21.760789313090378
90.23999255086537,125.27082785755474,47.7808170548494
91.80802988064376,187.6824097417756,14.365303262947789
86.99516532477344,288.41436589600454,20.32942450892259
89.49279696748906,125.66107437949326,14.68946290105367
88.94230237316697,108.86628091998112,60.016866829306544
92.57006146945284,130.00495131434454,17.55590787297767
92.96538891671143,139.43290781238807,47.91206169587655
90.70078434811546,123.8962681874587,96.09858404126504
92.74336468377471,162.86506130335027,32.50881405728201
91.0327375974888,173.8071984903633,33.29776758847108
90.47344320919969,151.79866400806918,28.543059654613884
92.01173894283193,80.20010929932818,21.830865680620597
91.73346442473702,121.00020036236278,29.36816420022698
88.54868562536794,152.04719752977886,37.70002931205104
93.54140225020464,99.33027617991712,138.04288428036426
87.61792984740482,113.01805513151864,93.30491966868112
87.92688483765457,167.52042740750542,69.44831805926876
88.6357222746743,137.04971318079788,75.9820530111503
91.14606569170418,103.02765239114171,28.92485019290962
95.1162144273368,125.61090774493664,42.13963258307352
94.41902294988824,89.84014383368033,77.63291762044194
88.91301389441752,141.49959681256988,24.97436137514314
90.93362868849368,100.44668774362836,107.9181400956601
88.1032221507148,82.50301071771867,26.124640934914137
89.46441750109695,127.51665168053218,37.570031949818286
96.02300277668483,126.7248081488332,47.116035403788594
90.69096331732332,124.73558860499372,100.2292956769633
94.14970171320446,108.36384648479267,18.41588237674366
93.23070899623264,128.47286046451885,51.1281042196005
89.49825667307474,81.43763201986384,32.07009274156799
89.05542768290951,116.29455296691772,19.382085276609157
91.09464603274505,90.91719791979028,54.96466028891143
90.85620101284051,142.33735147957523,34.103749923944115
93.42673742571704,125.74886623875472,42.450338480836166
90.50898192485197,123.84767333968084,21.698136539808907
93.4080620552376,257.2345710479036,29.69138142102972
89.5299182954795,126.37357314938257,38.81936965376818
91.26849044405007,162.96971016535431,25.571319780571983
88.71701283005015,88.17572007210386,16.633338776837917
86.94458428273063,81.9402837446493,107.82258589387396
88.91537597230204,140.5952392638897,31.490480844489092
92.46133056443104,126.59069063223154,49.718789655369214
94.61314807871469,138.90305316038246,25.882276702710136
90.84466648972956,205.19885158284143,23.16127805099917
92.35040635617158,140.1008143271617,25.685139446675247
90.37982643708416,104.28442308028684,25.788161426347717
90.02240402902787,115.91197775497788,33.56972615794177
93.9750811790568,84.83967100522243,33.52301736681278
94.449307934065,98.4759136838244,30.624128578950096
94.73013793532252,170.86247207373754,14.343344656466364
93.2998310183852,123.07753936137944,30.55986343166145
90.40923487323664,209.1773848267292,15.557515676022993
89.72790003492499,220.91781693850095,14.04490831872937
87.0448194241119,174.53965503673703,90.93366370128965
96.03507909470862,110.09724161678496,37.86228919283529
87.4787308895543,124.9065305610798,42.31932867840461
91.2960865048254,83.29009884710584,25.41458654962936
87.19754740555692,127.11613894649815,81.9005744665074
93.87745634658292,88.8207681348688,40.47757203561044
92.15915128486635,127.07327395747176,53.98219614632354
94.4969796964268,111.15155680620312,23.792687912312463
91.72990082435416,124.93416962795072,106.57518668396968
92.94838088220884,123.92555103402182,61.52093321768802
92.08102218741308,123.33414441301338,67.71387179530358
94.37471455523622,90.50435875430465,15.669303238597394
92.08117070326628,226.415059387584,19.480932368036672
93.67674155566571,108.16237136762892,20.09048451138002
96.24923227585232,152.2849094221605,19.478710972919053
89.19022083674021,94.87716840994744,68.01521250815074
89.36657380589912,179.98841140530732,10.972125567184191
94.31206245390403,91.57011770196004,12.37454279135734
91.82062791747008,213.968721994304,19.602640388380024
91.8819054443574,124.7760772758918,16.68954346691477
92.84929791927334,87.53958126838243,17.91348304347866
91.7982444163264,83.13983163848775,57.97619139404686
87.23187988960399,182.9469405977944,34.84335443183591
91.84650477721964,253.9988877633442,10.17362127678183
88.46594795863395,274.8355735950166,26.82794479234907
92.55554378987922,175.96379123703878,25.72162848001595
92.37069925929596,157.317875470096,13.629296729468544
92.00850820149547,104.64118894453084,43.82348434339927
90.89668675222237,111.09949490485904,46.32963943516388
96.44267802689666,126.60728902979793,48.28482528911167
96.81684697872927,122.75118811025844,49.11058392449906
86.72727591278138,125.82299535188643,10.00158484983065
90.01559232374271,126.4499497695676,102.32181122010954
95.50294949127868,91.99677750522328,60.49394917465564
93.73093103067444,176.41319722096955,80.29649335478294
90.53327177753523,126.78998626641032,10.473008285499851
94.2361187499626,127.88367759689746,91.47890093633907
89.2597706178222,188.76370137939904,59.78856456549746
89.43425084851043,124.22504735495414,64.46051254206503
91.23527617380032,81.40805540242809,12.937891930865366
92.4437363329572,123.8473271924937,50.27154307556637
92.31908441513217,125.102250898769,106.50385695568
91.88294206552254,107.6665890966815,44.047149935095455
91.59852009184752,173.682907950196,35.358295464182795
90.7716482965261,104.26980211843951,97.35810462524898
90.2175980262942,92.5095130266178,27.552314741659053
91.20775332755744,160.33315166775014,37.43578616030059
92.0314528115073,257.7833908965092,29.407282042632648
89.20433066953976,127.9046415493838,91.02310257909568
87.78867022994115,124.40774217395683,12.374047215352611
91.4242864986786,122.41421978287724,30.8616728026087
91.64652668444631,124.53883239980853,44.84200466586714
90.33237503311734,124.51994569448358,57.09303897078589
89.86382835055825,124.60496954183768,36.2414132882402
91.62565549028449,126.80640694729408,81.87976809980033
91.08000404837055,125.7571524225438,95.4149443536559
91.03507685460028,137.78043751362688,11.994427332878844
96.1149045239924,159.5943865086773,25.443530452672988
86.62599832272515,113.70505352131016,10.712156953078717
88.00042755202153,80.8158568966875,21.98821854301235
90.78140446052257,126.22170644793512,33.09230916942789
92.97231437684748,126.33618516489176,82.50452224488974
89.45596130634037,122.67114392220188,66.23226000616874
88.23313589319835,139.71041422371164,14.091769349070203
90.76053199342708,96.88746793891698,12.929389560040462
90.74984144314487,109.41114695608368,36.69438206164817
86.90835892833675,125.79511260438788,32.78617278234542
92.25471225500544,156.72261182324826,19.29282641884386
90.81634328216316,98.2525009164352,78.91392520149653
92.47334512893,128.05654168308342,88.66983353684974
92.32174774113894,114.2292031148186,25.455625607604176
85.58143828527191,142.37445665590826,76.30087666096219
91.1102351504765,91.9244018773414,24.53276065093352
90.92541790656556,115.26560182287562,50.04715096889964
90.03917860414998,125.12070933364436,29.384599866553025
91.89846331481786,89.60879746848059,13.923192801489316
90.3570819694545,126.58828186315438,88.90527116753682
89.4359538653672,124.20629748309224,28.159396895070664
90.58747585879888,91.93443536318588,49.78274881439295
89.13670811969858,126.747074827979,23.72678448709955
91.44035190497618,191.96386538388563,10.571841946662886
89.80312847744122,116.40472593807628,13.178499303738471
90.4278624208352,132.87538063185008,30.56843742808126
87.47754811109681,85.85927215408451,45.132040333016825
88.36370639458602,90.2875290280836,22.227109370961387
92.10829435420004,133.04394062743427,45.6713887496797
94.35136560459983,122.29257335107673,45.98305240479331
91.20374238366716,89.3090697896303,46.51537956397879
95.37792929012356,168.7063402829207,30.349048933083104
92.61106899077645,126.9155874754242,83.91296525099273
90.5725257172149,236.03442876914815,30.153110141530338
95.01708386523516,181.619890336146,27.949578610925176
89.19848902888461,121.18458773534256,16.6710962332793
92.10764608932304,81.99368423901346,21.03013056588898
91.7058447114066,124.9892624770075,11.29770157294126
85.20981554517091,143.00618642367513,40.11559184144881
90.5070479509122,135.31732468156432,18.57194903088569
95.54421427084412,118.96016945807312,20.878861309608265
89.98866716786202,188.87558709165256,54.19670962586605
89.90797238911334,125.85608943147048,21.890159676955424
92.54649093353852,83.35304173708202,18.319910784228256
85.60343286395513,91.05919922362352,15.555849402515276
93.15200311422728,147.93065211681716,54.73077253249129
90.20296457320516,126.68901546775508,14.16773469474955
88.56897795341192,95.24248703428935,28.140562490486136
93.45644135141934,107.48078497063662,31.2131308781935
92.2743256999534,123.80069218892147,44.88395777307365
94.91830876285417,104.97688835888786,40.09498482494466
92.1354145390274,86.46036886554185,59.93594302143296
91.59220194786413,192.18137720189145,11.373510812702175
91.78152420008024,106.08903761061904,20.548094451357485
90.8474008587167,113.5113853674925,19.86071081201487
88.8041163230419,112.67220332665045,14.735316434944256
92.87507001861492,100.19923156035112,20.240007678112505
90.88459776232652,125.92620715158972,21.12170844368377
93.3633779900374,173.92865335917008,32.1370859274819
89.52239226243886,105.23725996039894,42.69294935712932
89.09359374327474,94.35831525641028,24.394372003470476
91.45165134723534,204.78193155487577,48.13226297276377
91.32956403566098,185.89012500916908,22.29166493191682
91.72700850513742,194.29940957687649,20.286698029002963
90.86906528916757,130.30526386213802,33.373445818727554
94.05008201021012,92.76303255578638,10.720063610453597
86.7396895209939,104.67337169819064,12.494572652894032
89.79595082354878,135.1533775172896,26.23697506037668
91.42736637104726,142.43426280093843,95.8952141026252
91.42730065944336,122.69536245660048,48.35138553916848
90.53664085281368,123.96778403364924,12.767622426582085
88.77592100353168,124.8591742180649,66.18609489147272
84.24707259491397,121.35638679073858,49.53673621257929
93.19054723572116,109.48844636116128,38.32115436253798
91.62749824889056,124.3789196311072,61.492819388341445
93.48333289727134,114.18223033783148,25.53096811591601
86.16549736662964,124.72103354617796,17.511629126601363
88.7235915203319,197.8361452631165,31.5246340833746
90.71436649940932,81.46572592762202,33.878113795178415
87.41363564693523,130.57419077155288,33.18691211390798
90.27114638331312,105.39510713004375,34.97736693608936
93.40118281501812,126.69562110697488,99.10481210530676
89.13214530123194,123.97360125552424,79.75891913829872
94.28927651596608,124.21842725693548,72.55583049599831
89.18531600092145,129.70482543662416,58.49641534079424
93.13359761561938,191.74760952354035,96.16729035730174
89.1775841833985,110.41635148073996,13.110678777195483
94.60387805961984,124.58989491130602,19.24157489440679
92.05984095618224,166.48035383280993,30.499229179544358
92.30701879023228,154.9779625934219,66.22838344323478
88.7603032806404,125.54745731487417,31.105970296440383
89.50426692897747,89.21446846463931,51.3539216651091
92.22201503994796,182.58758873723536,14.488426239504888
92.6668740701661,101.00380624377092,18.727170399941983
88.76524909608997,102.76797940036457,49.47799543004873
94.39238958238026,100.0017119252582,15.400151578840005
91.62527457998368,133.1655832212971,22.98613444742764
92.50041697962502,165.41337507192085,19.23108502491999
92.06031493112934,80.99762110198209,22.917104818217314
87.84733116065708,108.87672860842729,46.96335550199734
95.03878411461338,86.74824467266785,23.7587233622629
94.89059391591708,124.7113270354983,34.308187244754265
90.4269436996432,136.14559490271114,13.158544790816991
96.13245215214462,105.8319864716184,59.0453937721471
91.60923479042069,101.40997298147552,23.85576071606841
91.69572885942227,119.67805264527271,41.36928259608906
90.71272227972264,104.01490972019998,48.77205757440492
90.78863204152611,94.65076858905684,17.058796392687363
96.01511563655023,112.8439871421042,74.80002757199652
93.32391174104096,124.7817990438785,38.7309065662576
91.55625470380106,128.12103905705615,26.79654466560953
90.01474050845924,90.49409922405654,16.039083586884466
90.04368087953044,90.7096362476182,95.57543081161415
90.68737083175878,202.9064932879145,52.20326474212607
88.65753574200772,125.57938182327752,16.9967470360217
91.74590091156436,122.17266591445754,22.36158766808521
94.92872556644431,329.0405727257678,59.77054730997103
94.32166999730052,124.76757206646492,45.69003462837388
86.40013720209362,122.37012617972162,53.54538286731745
91.47882481864276,124.681431829128,27.45896872196091
85.71025004367173,229.30336743906332,47.81378288986608
93.32591775859584,81.00224757333847,24.65694349608556
91.05284083382898,92.60852457847314,17.1196672518286
96.38449991520352,97.94448795832152,40.04541411570034
92.29082215527336,86.22755663640605,121.90845550953274
88.84093843207134,215.20919252624515,21.15805101834817
87.71055690963956,125.7753530402656,28.539498834229704
91.36541463188682,126.16144448179564,43.62586310080062
91.9220577379368,122.68052302015197,33.394260665385886
90.1419622194662,87.27211238887216,65.62714018386268
90.70655730849823,131.41189716771748,53.032123719602886
89.32479598786526,108.90305558611855,11.80196671677773
91.68232308104103,190.68125004507448,203.53335104406312
90.06749371409406,80.4408949590229,51.87851944704411
89.85082748268334,124.54140213193472,69.83169208661525
88.26961091674822,125.55136990972562,41.59750082827459
95.4699912266802,126.7058784567689,68.19771994565819
89.01260442893326,89.19273850229276,13.576447212699222
93.0099782904694,160.75754841020273,22.819261155179632
90.59399081332369,148.48800660384745,72.72622584863623
92.00959745810944,124.49679494094931,16.75644126293235
91.07017802611168,92.4947736487563,12.44418009131359
89.94822085565477,80.7335999353178,56.55190597683963
90.70077464904575,125.51024902975364,64.14281656284581
88.67171790357659,94.90297820094663,15.32547354593719
95.520048890143,96.00267681297844,67.795636439518
90.46449167254208,121.0393995066322,44.8243148916299
92.76025830705404,143.67728603227627,32.024243398579195
92.98660738013407,89.934762492372,63.20288944666716
92.45516271256264,86.575521299699,26.303008441788467
92.46836552412408,96.43057598821126,16.469921140644544
88.15951484955806,145.35506482370056,20.05800132443177
86.95148285047908,123.90900940893202,31.10586764228564
86.59295172332745,171.21213602486466,32.735742227667615
88.67906222324191,122.62672722270466,59.13216287205511
92.37548494444978,190.6626895359755,57.01330377158118
97.79987101148453,111.27155805605727,36.12278740454023
95.88515337408576,97.51115040300104,55.53113501735884
94.73776750305652,91.8369780576259,16.38738659078188
88.45084218994775,99.4338793804137,11.54083659851616
93.79749880292566,125.1173476400846,72.05714251635064
91.5237199430808,86.90166722796492,12.35683521789504
87.77656487427748,131.7099757820356,18.49829094525748
95.47027863807676,101.89563955004346,45.65469358035988
89.82787139915929,189.20505325980352,25.80092441916913
95.64654481488148,241.6195614164222,72.70026819391495
92.79425270380108,121.99579644600786,20.613792785144664
89.89078076296451,288.7815066354172,10.35827121369776
87.73861592940408,84.74319775896777,20.72836036667803
91.9411149807279,103.66661642041426,35.887834672961425
94.2616991173654,125.299668398983,24.1451847436714
91.48507437556964,124.50376939654454,32.96332801896352
93.7640376828902,124.36771737297585,72.7692676953475
91.18358626373129,91.26785589551008,83.07837074226825
90.01932243294814,124.5360770695041,19.276327501994764
90.49320567508497,148.54663629474578,28.604735669372896
92.36123159338884,157.1019888466078,33.89821944204191
90.07228665286176,95.8974817796936,99.34411353868278
89.87107231979415,98.02684054067588,207.51193089350213
87.49523828692779,111.5406450650198,18.0523581499529
91.63818006632174,124.97700076879512,48.94629265543567
90.06579518363242,91.43057680200404,24.24595380314888
87.8609639205702,143.39797737611644,10.244237412625466
90.1367119585424,94.831171244547,10.278867787033272
91.34699019840188,123.91927244329288,28.517045538467364
92.1109355273107,83.58084749873275,30.102549848158105
92.74547187843784,149.08704748276625,10.68484871521116
91.57764201350248,408.5034980457884,44.83960660107316
89.12968772898843,125.4932828501327,20.44434523629937
92.19115001965147,99.24296623365844,34.62212891568994
89.22590950075863,123.58957051521836,20.73966304878953
89.68982813817203,125.1168394921926,15.48648676469028
89.45766689744184,260.20753948473964,25.685617161169542
90.01229689680703,88.61394275791692,17.929646588053135
93.36169126807263,86.07800934074665,32.95869875014133
92.44599449815212,122.5262787953929,16.650408558053176
92.81619510072042,125.31945613293637,31.30306176700052
94.1151269565558,89.90331755404398,15.137122934485609
88.42824174457843,292.8371475659766,43.348619809219095
91.25345381165512,97.34668261583248,52.06511379549725
90.84283985139926,122.57283080713408,13.509306226690754
92.00905504719984,95.8494453134927,28.9222135794927
91.97133696467864,148.96233777461526,12.205253347571068
87.37592251836881,153.76645005685964,37.35271414040825
94.29577593048148,124.27342021261254,19.21223887068317
89.86777111778217,248.90915369739832,32.499429023837294
91.67599521819504,128.00821031604153,31.86080655705333
92.25638481879868,201.70100680848003,87.45085875211691
91.1411355228802,126.83143928430452,33.894174564527134
88.36655026602745,84.11854361924708,36.23996234291639
91.53771836635184,100.4128025266664,25.407539078484508
91.11825578537834,99.12799703310222,99.3247513710992
91.08855505764008,111.35187321478962,55.04252589517134
90.62542847288364,209.13993714698907,20.08119209760448
92.8851581753376,139.8062583234145,65.77731020804609
95.24465057529824,108.30453666760594,26.98995763228074
95.6289122140096,126.61239586037092,62.92441256406875
93.0947492050984,148.42887297372823,61.92920091265869
92.88462253531006,165.15846699027338,16.279815160960993
87.34780029583433,127.62045318343212,46.23351485020507
91.54089281427596,96.0300924870935,20.301889294426672
92.36831096313182,86.41304036203032,20.592983309636026
86.00520336651292,136.19337391948093,20.544144174424236
95.97910945835248,98.37556056260682,48.79158021806717
90.99146619091889,83.30593175520694,17.834166097014343
89.0418066550224,93.53704424640698,10.027187372882874
88.61431654100421,124.94507218585102,47.68292527272022
91.82107373961712,86.82043576169355,15.632740003344876
92.24157458351333,182.20389387329857,13.310601958306384
94.54098006199908,89.75451013234736,18.13521737460287
89.01255860914692,125.85287797525906,24.336260978403267
91.06794562263237,83.42977132874994,29.382545388202573
90.7707919937578,124.8978201463024,11.367814620116834
90.1037061080371,124.2096822373166,115.77561886812369
89.3304492455501,147.63155902035305,47.77009253661301
96.09369996112426,139.95415743798702,21.71112105999253
93.39324221458344,98.28833496157392,21.51245546508988
91.44752449613256,117.11876684981809,27.8557178601495
92.25671585354344,96.65063299044878,39.52462906702416
93.62320258996346,152.19396989181155,14.74783080284636
89.45270208983344,327.7243362792154,16.28202057344321
88.87621503550821,124.62360843986664,68.86246887878255
90.51794488516244,167.77484093413017,18.88170827497803
93.55414200538485,123.49860962503408,24.35051089827198
96.76689652111456,122.96809707239224,71.50157409877346
90.68851156685432,125.29253423581387,42.64333323333939
88.41916219334936,80.68909433200602,22.54337710463429
91.88571135206126,127.51324213854204,44.53188137364244
90.9114226425829,123.87660379884696,10.596385298218491
94.23195148141984,87.60044042366269,49.91360591530349
91.47576741227564,126.6423615404326,30.02532107089205
92.45414647412385,109.58707393160216,60.32863559415134
90.18220902834608,179.5144148935682,102.79218572129484
91.73379603551744,100.5493573870568,88.02510463703852
88.05609290206344,87.58472067250247,81.99437763043468
90.42929192943316,97.05239951879,31.53364612436563
89.36328514987413,82.55756203510217,23.395275418840114
91.78525159896628,84.02690903257634,28.76663685400036
90.57914721477653,124.32623962789616,45.12542693736353
88.08171393494436,176.3090638966866,74.62437769467563
92.33917948641628,123.8497866211017,16.95744355339754
92.1631197784878,86.85248772929144,85.1018320445006
93.60206215697484,129.35330729781566,60.65122466906539
90.63509539271926,122.9233769453538,125.69199458593238
89.8977526531681,187.72905473052987,73.67091552995679
89.21863820483262,126.03507394815868,19.85251085996216
92.16906147708896,190.98675307554151,13.360005665639688
92.2068996453113,113.98895992107155,13.57165150943952
89.93106489806743,81.68038902538422,20.326443367114656
90.76315094829964,95.01110172545997,38.57181975094927
91.9791968891815,125.67359515189536,58.938288205796034
91.13126628230478,161.62867529709845,78.85348375370225
91.3403440058593,112.835201776964,39.325313738823695
94.7298385532436,124.90133100340611,10.16941685105104
88.02350549666546,103.6422128004056,16.185524471929384
90.36900959360962,120.22534862546529,13.151690319460569
94.95888954830748,125.31221172840064,23.544854019625596
91.87493252725812,253.57028703301012,30.875584743516576
89.10191709732415,125.38301339356327,11.331009949412158
91.96438717718875,127.17807402515427,22.853322328292183
91.98627493365709,81.35684457252047,15.923531259665443
93.60529267919256,125.45273225583036,41.24458039234196
93.23615223795662,116.13628083276122,28.72388196366077
89.512150408744,231.9301638538373,30.514781543266054
91.5009584304326,123.34847328634918,26.74232801832698
92.64124073309318,126.81689688756356,103.72041133102712
89.2381466698734,123.53883360406158,17.252025936574704
91.34033461134123,81.5744936551109,31.811312578439843
87.0393763341304,182.39081535767224,49.95615901787997
91.60386680247612,118.33270284569156,34.41503076134787
91.70749215222816,225.608931887845,89.36108830723622
90.11930723417495,126.37285588436282,24.242929370868133
93.3557082313637,125.6280694206193,28.69049382333688
93.7712803860634,90.2139026607742,12.780645010671371
88.80286450318337,124.85598509271632,38.17136336424629
93.94033933414238,128.28175430559702,20.199253611659906
91.35134688037223,141.6491151225764,15.241640770699814
89.23703857901586,212.933230228342,33.59284794285256
94.3752347215826,127.07487054216786,32.798504765708
91.45060364867707,116.73507665283812,12.367129016927649
88.64604933863424,158.7354187912417,45.94125815143276
89.52838116972492,121.80181799778254,39.32681329397133
91.46535900912676,137.51889150452118,16.28525606526132
92.29531936652263,196.87144991029683,29.014376281154
93.8085976692132,125.0886246995591,48.22358843445426
92.19888016193008,125.19078298523542,32.61468256973558
88.22276187751116,171.39913007398576,25.100066147832106
89.77353216351639,125.84859450189838,21.67321949179764
96.79184103172044,83.70834435813292,38.27856893912812
96.02614686258468,90.45376893008964,93.95994831591317
91.83324634556548,98.43091259800698,43.4189214295473
93.09018689023132,259.6373733942118,12.330606412628814
92.30764392040028,126.90724494721432,28.523662420704284
94.584370183117,95.588599520981,76.44385673864703
92.92150797489526,159.99103853521547,12.976795209803557
91.71903694814807,135.6554498462676,144.9587339602647
94.55377506142445,239.770735173679,99.31873697529842
92.26169761445384,96.18769010869757,12.445234035693876
90.2325803938565,125.14289909859406,91.27752184569655
93.1407209990114,118.58077357661992,23.535813791494235
93.04712091173182,114.38142644376812,65.87366736239687
90.0889786078448,84.25793446711171,26.258311123734877
94.40619663768514,123.77046615006871,27.440399477635072
92.73606894576942,155.41978284929604,40.1735904774029
91.12906485007952,85.15651680410679,54.68004966412878
92.25675058216788,124.00960101873449,11.031195950415816
94.1682371183778,128.7130710439084,36.97976345212239
91.5133024218623,124.45778024412785,16.20087408424328
90.4971458135484,102.7806665887772,22.737122220769063
89.08316434362885,145.8111605218284,22.829879804982653
85.60687134590587,93.95577984924012,28.99320697795713
89.66132802831488,180.1967204373452,22.200113561729975
89.8978641453709,112.41218189055112,13.407195035655215
95.83992985792332,123.66929935838984,14.721683417695806
87.1916192925928,132.37624573152922,11.020294553847751
90.61045350264487,125.15672547920632,29.06045065677933
87.5316809604836,98.64769646032327,102.66682148791064
89.95253077068676,102.70885836359294,13.687926692618513
97.65679817642445,101.95613974302988,97.71043856799012
86.64292152276809,123.90688942546863,49.65584577436663
90.51181735542596,124.19057253048354,40.44182507326828
87.03747167496259,123.75182884104984,41.092606153324695
92.01815693675051,143.78511726207643,62.586719069439646
93.65341711360692,84.07929443577034,13.392368937856473
87.05807680960224,232.3207775668345,31.08103970524904
93.46008752405471,125.49965798302884,45.82969915171567
94.56923273568934,127.41512536677104,36.51619068429152
93.67919593973878,86.49905625624909,63.65318238578218
91.97770983663474,126.677515479929,12.250491368505536
87.76113311601345,236.58548287919524,45.20340880326421
95.44085481213313,125.53045313442423,32.908874616713845
90.5719397508058,107.22768303726086,24.30049812492173
89.87826709098972,98.75399697696778,22.47796511585959
93.26892440515182,88.85469729736602,39.09332707595037
90.69153894523022,154.6444968798822,76.4909488959107
89.19997192466974,98.00523092203088,30.56584394712189
90.3006195279899,134.7758958976944,62.24165906244729
90.85950930188504,114.1354828987995,25.43278201992973
94.62380557265196,106.61058323349955,13.240737259909007
91.74093531688658,105.79306123316678,11.904356060308238
94.0515768864136,120.7881025204401,11.58096649474365
90.00960520192328,101.98055228965676,24.348339841521973
88.93754725596777,93.3216581076465,22.340168549616195
93.79243382414124,125.52377054123684,47.96874737466968
90.55349270186268,121.57409236410412,50.73954666430686
90.9037870233223,100.35152321814812,11.565778396460855
93.77976916192682,118.9767374605172,17.497074335143587
89.04262628537077,97.0363344809398,19.61698013098799
92.11058110928047,123.77113521697768,33.79645075716159
90.8581421131194,122.1943937036008,14.682609434221709
92.1513741663502,86.15746669901897,14.314074902249448
92.99561905089946,168.15537767279835,96.3592252209019
96.26737374489024,125.25320223425248,58.92029191897714
86.80357150707954,113.94216846597688,15.9774975673093
89.79544121760689,111.99821514445652,25.65496967060139
91.5106291321697,127.11275146146215,23.184093021864257
90.77550090683292,123.03779405337244,56.96321561029719
89.82073337884682,84.94222432500167,31.4135351720459
86.56744482073036,87.76656526917483,14.103806498707485
89.61496264751942,83.24999396040627,50.29613388276246
91.97605622585527,217.6664952631845,25.169569762623773
93.3862730168246,173.92811652409887,19.151938219454628
90.92463271243253,124.5254828960488,24.12405228660597
92.09962516039718,88.59587794962613,30.660110313353545
91.207416742251,141.49413127604566,22.60741300092961
92.17876944066956,96.16695808017997,18.3084277150216
88.08139030415468,136.97243789483414,25.24996349442369
92.547818462739,123.5985314996591,10.580772839086894
89.78484269894352,123.00063826138783,54.4178671878232
89.92365970566384,100.66625704132484,15.624059580268714
90.99809128608467,124.97150347222156,11.34692783113279
90.72983248447746,101.17291977562064,41.813381593676525
89.66343179203967,127.21774610645356,54.60813111441164
93.97249107390364,101.4656512599571,60.43271138850598
91.85530061938634,114.46781812993147,30.40747255281027
89.80140022766065,122.3444116349922,16.896291909991064
90.07041638734852,108.94907774402974,50.09401944094137
91.27049276118956,94.35692048059607,46.090505557256165
90.23528522515367,90.1735288824369,18.48166117751
89.05884591860683,128.75072707748828,80.11770488264992
91.36163800933618,125.32136677582535,13.306885771594626
91.10943623247398,151.73054989278234,131.69107648071045
90.83074921398496,125.31100091459284,69.03653509669594
94.6275817404828,99.33912497152669,44.932818690779
91.1344890608809,124.33405289613891,93.78368816668706
88.90613104595151,107.82351325867567,48.43762308112867
92.31776854075191,112.81440971950124,16.338561531914625
88.11328692811782,118.64339518224456,27.510285194904817
94.52407587148096,109.31257365755114,12.22564466253302
90.63530747991534,80.68641304701359,24.812046299447506
89.40517017362643,113.34520511742056,50.59774580294448
90.42159363430424,96.77490843239455,24.65448044718812
92.16259815742104,93.08941549436744,22.027501926355903
85.72097751825812,98.32421201825838,37.14240775050668
90.89185683517428,124.01324272127655,71.71972527528001
92.26249919894217,145.08167249924395,11.462575511545351
94.42125402409596,154.0103555938967,24.60694715075158
87.62426259203403,125.7459974309592,15.167836668009166
86.21756303564662,86.55429533464302,45.65816965666691
90.589546782444,122.11021649807452,13.352243599278992
92.19437038386788,91.4304738215353,42.79153170293598
89.61606312458892,82.12101652876079,20.11377007536534
91.12055212499712,120.0797218641784,16.65371452881774
91.80928497525258,125.95617528858502,92.63188421702742
93.12991508383126,165.69258952162795,10.560949166944544
93.3034201052326,92.21468829996282,27.27571582708264
88.57098721521776,123.24515822482525,10.65592850081018
89.45293365837914,124.82026705985766,29.82580473610219
87.50727269683236,184.45303644581688,30.857323996540654
94.40665427438574,119.91132725406725,21.643308553498837
89.28423315014828,87.56137563952403,14.252498839892615
90.4139172692286,201.2884738585161,24.16678472824984
89.78211700331873,125.45716406934665,43.46630914671864
93.73174132335777,123.68633409716684,55.75232507324923
88.85035461974671,106.85153873267784,32.69862661725218
94.98284697406768,124.3609069645417,36.73582854505888
87.52480872490902,123.897101379663,16.717429365396452
86.82736474800559,185.3264118701329,20.162117991525868
89.43185394356283,115.22134398573633,15.298378477451417
96.31752997111602,104.21909614585908,18.602289406293337
86.43675457023738,126.75355981407192,17.642385108019827
92.19029040497225,124.00135522483136,31.98464416774594
91.06425985838032,125.21883554028284,34.81330324268933
91.2533000922378,91.41991148843306,96.9839969604644
95.65785044394276,119.22701788440062,16.528663939709347
89.73517264070092,88.82261652782572,40.789505952008426
92.28826196138984,127.06887253489022,60.99060703397487
91.22851517581682,123.98184941153336,34.64588452091603
89.88924350309969,108.4684132912036,18.831278899018105
89.60258113505253,115.03296040952212,19.1367190476804
91.9790295179485,91.556058092691,11.201326820256057
90.28202224714312,126.51414210198872,20.934484379998064
90.32223704371457,123.13617838422633,50.94816221067438
88.70754618678106,81.88848313408953,11.460514446765483
89.60227954699639,123.09331398069064,17.42674849678923
92.4396198303928,117.27458900760884,46.7489990749684
89.83777284659573,84.05187278739366,55.787605357737576
92.48288996964467,209.3452858048452,28.226616810956006
93.20631118956786,123.88352641271102,45.927233374327685
92.66741244102523,109.66482360085372,24.72834531193467
94.10222546506208,92.12824789632198,15.22750338233742
93.668767200721,97.26120777152956,25.23238577868962
93.41344189195702,83.33139003383221,36.02271856227489
90.5427856273112,161.91387292255553,98.72610210194672
85.89243897651069,126.4354663088042,12.136855949979807
87.96626686100198,123.24139917129568,31.241374108272144
90.74211130012604,125.52531791611828,21.965997807518868
92.3341341981694,258.4562125233325,31.297308646125675
93.65096911362804,109.6169061774274,10.728026095268694
89.5641310132728,94.33972120341178,21.26373681543417
92.93128038232176,145.03157502853844,61.42198547530929
91.28604408720864,105.91157039888398,34.21917081740233
91.65930415256196,126.49617746959368,27.96689919467005
92.685595434564,136.66488191164123,20.08622116307176
93.46201699226684,126.47195025261884,20.616473517035544
89.51726275853792,132.35962627668093,24.491519998943
90.32935454735728,125.28983892822498,64.15823946989921
95.74340155450464,127.40739396458824,112.5318847380848
86.77937804607612,260.368955047588,27.32260805702084
94.75388608464802,126.72698686287798,24.99423819634931
89.85407738851059,126.42889263823224,66.23156661331268
91.9783259175694,124.5683998644812,26.701130242764872
93.73002868936436,141.55165461666593,34.090078316493845
95.87366938153704,117.39989731397752,17.877653607230762
90.90572267420347,177.0061624360734,50.81909501495339
95.97081037548782,138.13725287387783,32.777860672484266
88.15667626368214,140.30459321484187,59.66988275827008
87.89349499136584,125.41449660221402,55.52391647300795
91.34601391232262,85.12412882656875,17.262329063425376
87.49490088837126,83.73843913602593,47.724957724829125
89.61381357883599,121.07672323437863,58.291299676014525
89.63000211284059,124.54480681935824,22.7443575310625
92.46426717553302,141.90155108244582,15.68434116751567
91.64329690830029,124.23389930478868,10.079068773755472
90.63865702834416,100.3866841855301,27.984440727805115
92.92598774611048,88.66214413733155,23.035978038678508
90.60896206847347,102.12742287112243,34.28435190170869
95.56493133651976,126.15435781895876,16.249166402123613
91.35992012931592,349.4534269489081,68.91180280379675
94.845090512502,136.09241117494656,18.94228576431513
91.87374844514171,90.0341659578899,17.702158144599224
92.54364930434714,186.22250901464108,29.659017899103272
83.36330383671779,96.697548035375,30.725555929104388
89.79722204376827,99.31657662213712,17.26540416384453
91.74315095108264,124.91305287931851,19.517888189210364
89.80467599790089,123.4829845460842,15.579235230657652
92.25950144567544,84.93454507537655,48.02444136902064
87.14228192370551,200.31391359575588,54.10189412222799
89.57865175304956,124.54410444153942,28.615224861382067
87.52700946085162,90.05218292544596,47.56203368757372
91.10664890773135,191.81130196189295,49.94684434801111
93.18703138584364,125.92814950236097,14.464590912721802
94.96364733013117,123.555313070152,111.5993360477978
94.73581870536862,182.10316882980985,61.61643893407202
93.29523859349906,121.27085976063388,16.862909229067107
92.01441268412596,123.18912838306451,16.179930404567934
87.67404941373918,113.06293732285724,14.028618195350717
96.10724492490544,116.94488707629412,14.468178173885605
93.01785484679664,124.06150106002174,51.369053719508685
91.81581356715029,125.56920698008456,29.02678419239281
91.63293343233192,123.99994079640626,55.82663860042708
94.44473579921576,125.4772258846378,51.142751106753536
88.18921320487505,124.91418481216778,37.83668566873568
90.19338601736304,166.0874132819219,44.78591536152423
85.59445285871857,123.35312508112882,10.555788431183176
88.20955617875094,144.96765188777707,21.20929916437952
95.9022420601837,140.64272138626472,40.4685991074626
91.59570852212592,124.62554229676864,10.28166674532526
89.10241480004557,128.3567939896598,11.005988220160727
91.29338827054848,102.92118741592137,67.29359248910491
93.7478377058422,139.538391718693,44.562752341932885
91.610650815492,195.51632633126823,19.25163833783391
93.30548510242764,104.01283323643864,44.93898988243395
88.16233732715827,91.12685353174074,57.1724541306017
94.01061615250532,126.30370258218429,20.99285422223306
95.73748155394571,139.99843679893948,11.101082753881084
87.72893314319644,185.1230382248891,90.99314305495882
92.85371425717464,125.45638548661938,22.701839299882444
93.43941552507374,83.8204115320115,13.377656024959654
92.241229893864,124.80187725508792,30.309763655842804
91.5597923182974,150.18915969267482,53.89108910586869
88.0272601642785,124.12564206669578,17.51726603229846
90.48577299502098,91.60060178443504,19.42037281777124
91.5388560259086,127.38396932130404,18.340467785073677
97.5150621827086,88.19478679260777,153.64775129115628
88.22372191055624,189.51817189979616,16.597104196125297
94.23511011636975,126.55299631867268,35.706726991802576
92.62478572343883,139.813870285459,87.81405882720736
86.5834145071835,89.02421852411852,14.76623449388418
93.02187416682636,123.46152917297866,116.06333157218484
90.48274569374144,187.923262258152,98.39525718446764
94.3218810928495,172.99864991235472,74.7732462371229
91.03796659267634,127.87949015761768,17.24520339213758
93.77528143011769,124.85761454683232,40.15817149466358
88.5959871204152,152.92271591208203,52.925132262673344
91.78120016702997,141.60327219783898,138.12084438838292
91.9374205720556,125.55589813711067,15.969037856105132
89.55736633333555,114.76545539978883,53.57634554369508
90.62578780488994,130.97857104918523,22.411020473097423
90.2911121059886,81.62111046131005,15.793945999150434
93.74324381086298,82.82455533090385,26.413121035304027
90.69245899634276,119.97436908266508,57.37248652889984
91.30253717494536,129.32359696375582,28.756234922390465
93.97674962297546,124.58804512592876,33.13476008985967
92.53278386139698,125.41210944858634,169.92156118596318
91.62690780842723,120.87174165265752,25.28026671430943
88.84410828445078,91.16179371879612,38.66660224455698
91.07184539923531,115.6840590365769,23.63544770584827
92.5192646778483,88.01158346819768,24.96620242192053
95.52717870334853,238.50714159409355,45.686396295526
85.43940349548618,106.42342588426472,93.36398761935357
90.22727724843568,119.59632662387736,33.45010410543834
89.83341506981925,170.70302155362947,53.8822967949744
89.27254057930719,126.3909970675462,12.803174379368784
86.89609651712175,246.34272736063315,17.115678373805103
93.50189059267994,126.50467750206482,30.922587282912875
92.97056794684032,196.62859171961952,10.606440108267408
92.79116169790858,125.51105056494376,18.744879234669085
90.63284915503152,125.2138173844486,31.857093953596703
89.88300179900372,123.65048716135368,10.45222737858161
88.7886361613971,97.4888103405315,19.21803017702439
92.23739615602412,114.459817270317,31.64830214955501
89.04425122517345,124.46614345347864,35.53962561221308
92.91396745661666,124.00419326143464,88.01020910952869
88.5335999530274,124.0012271353804,41.09834651114328
95.03602079518892,162.4806178661154,26.0707574227862
90.94937565035862,122.47081055853629,89.92868438767823
90.10849415821524,116.63647678701923,56.097194067983416
89.89881693609556,122.6707535777892,16.694641083019643
94.19285684510164,187.3717703349204,14.206923034233164
92.23641439187068,249.0249616020198,43.79291682868442
96.310350191416,168.73701895024732,34.621451636135106
93.91998955456536,83.02074460625427,56.772842043403855
89.05813424607348,156.2526317398377,50.27464647735447
90.98702530506397,83.28730575491974,39.44180507371645
91.59440489133168,270.78903633037004,138.89126305275116
91.68613798034066,96.33856815510468,32.88068874098343
94.5610671199852,84.93751564955211,13.600885996237537
90.38881822337557,94.45366146430923,62.85557684385441
89.08158613709762,88.80399488169034,18.704688417284377
92.80441205975548,115.02204899679874,55.05818052022796
92.47764438433995,103.33244598539272,104.47146623968514
89.72849880515291,107.45089786688028,45.80043489073765
86.69694868381929,171.2093014679609,37.19245178872632
96.22600131936773,131.6575751187539,28.50704606192408
94.7324417600638,125.52536486063872,23.59604100321735
89.10245217232266,97.38705765921792,23.06248982760308
90.84760361406288,126.4234050978182,40.348775580726354
91.13020117778257,133.18319306466628,51.74199519024904
92.72600446266031,132.04668200221485,44.04432489934239
90.49434213402074,90.9793715646392,16.634744500609248
90.17222513632878,122.7811114285092,30.43579822992444
90.90696832944631,104.13408190178556,57.05464817618695
88.87747028596311,156.6303879034061,29.370970533525696
93.58068905885035,102.29476210827636,33.076447151526835
92.74389404018432,89.69675846226355,54.23882646367464
88.72905881636692,103.94584779445502,42.47614277066423
92.04438744603064,93.8013047964192,25.79569163273096
89.60107918743469,206.3067845992057,77.73199770006887
91.54766146509428,124.30028413408893,15.322423014276762
86.20465871865444,134.08681739657305,172.2201946366631
90.60215252192022,110.3226067689584,13.795909982157408
94.46715960855154,123.9372794059198,10.451885450282116
88.53462803756273,128.63982613573495,76.22340269737252
90.31028089692111,272.4939224072964,18.429278599172275
94.34579810708118,124.49739467328072,49.24664342215495
95.47156755728606,126.94199823602932,59.98268848235257
93.11515311139372,155.0834418645439,68.76696627276297
95.08908340776054,83.73333416923495,153.36512734074947
94.128724226953,160.3819830295367,20.44588868759107
86.92874820983594,126.74780618606084,47.161414550366615
92.606348158698,118.13714810306452,13.678586600225684
91.79777737637616,88.54275045438136,25.667179958530703
88.61431867855879,303.61990704211115,66.51065641802614
86.94100323561015,103.32127350994476,23.74974894390206
93.26910656487792,80.75771520480299,36.82820063137685
90.90711448471528,198.6430674668356,31.021680695774528
91.53894097935212,98.44733444690202,41.14964372374478
92.76834927977166,102.08657527688212,118.24043616581795
95.48493492926116,105.04637471890346,11.720469684112102
89.59889152944173,115.28057046372685,35.596768068683964
90.3104030847332,188.05829721073837,69.63953328224832
90.40051013438313,117.0959765232794,29.69767210131283
89.54618883787352,80.09367057838115,12.4534601242936
95.8332662809662,124.31192033433835,34.66621314776622
93.64816588784292,120.84724297555586,22.107331797085045
92.83252749220956,83.86829297818325,15.050492827203492
92.6476482750947,121.91176276287896,66.72112099250012
90.94144626304954,123.63687652178062,32.119211750532585
85.43471752000916,95.10352619508308,91.21590253240925
96.59061937755234,85.45823306054965,59.199465964344014
90.45976845973466,143.25625362100334,45.42446975969893
93.36614215402408,125.68800754402426,10.151145210248918
93.77339809662642,110.73868988429346,26.74923078945207
90.90243448053984,125.62802996114812,16.600189888284227
96.6064537815642,103.9246575300886,82.50552462807164
94.00395834831812,124.860763184867,15.756032762378716
89.49308977304254,125.71830189189384,20.108692784351305
93.54083827610154,123.35864992799888,31.82202182267367
94.22255101762931,100.77804318414996,19.16982657236975
91.2127352899945,164.68948913709772,17.06653160820763
92.9156093526859,80.43228913670872,37.42124727639245
90.82397494534408,161.33008479091706,12.794050666188902
90.1218108472102,93.26081236200264,11.797843242383106
91.63044646934044,95.22469654232748,23.96817358741103
91.63783769705428,166.71945467436177,48.26024643329784
90.67245119009075,158.252250186989,34.27740520017477
86.05481734015024,182.43747825692515,26.49096827830239
95.19564844557097,136.34514150915288,35.02415427989674
94.5201835751784,113.12752214421836,23.645245972702103
89.19823633746127,121.5996252702638,92.53483914284604
90.53663110879342,134.70867346506338,11.69409136041559
88.80697678146655,96.70299179068915,43.569790265772646
87.34160229881799,125.18547982073704,76.57012061093513
88.70769976964493,110.51284442572464,58.87157715841369
91.54539363007974,110.81903892031131,16.101736391616498
92.23062865480549,127.27063688779234,20.526169311113243
88.88477299670733,125.34409797806784,47.87433371237674
90.56122369342496,124.7872516186532,12.641029846692383
91.96255069805582,122.8533669435002,60.11733842241056
89.66288908770449,94.3535421330233,48.07208519437077
92.50406866442673,125.70049243549973,49.236325764492015
88.8760258662985,90.96621356029291,13.168862224395696
96.32938413649477,146.21180325582225,47.949983094855696
89.72927424952259,81.44787085203416,44.165982578661904
90.44939977872924,174.43898380135397,63.32194105028032
88.58666375539597,127.39745239611294,11.274574970947022
86.12722771839728,125.59673706209858,10.701457213590531
92.23050795052288,192.15984207112265,24.00460185950802
88.16098291681993,127.03716843941028,14.832831886435676
91.78990198429932,397.4565521599075,34.51946902621787
89.80027440012273,120.11741422978292,84.79381491696992
94.27159721343004,168.76894629785025,24.901751687102145
91.12783532278227,126.04092428455536,65.92030200011581
87.36894206811512,134.01303804407982,10.007227105983777
91.53827835697626,111.4520275584107,15.53624774197655
97.4717225062756,174.10639801592336,10.926878249735214
90.71914233593688,216.45334660496,21.931479432120486
89.95268412782613,153.2687653971529,81.64088953415202
92.76287668791218,100.04553574525916,13.059391231011984
89.70051506928907,82.39449693283503,37.973348602019485
91.37716481658067,100.02607091302646,28.01681787050201
91.69009192666232,115.55953048622476,93.64604096804284
88.68349522347351,123.9815783931952,13.92100416211452
93.29833048023688,186.0645104085166,17.148775990773597
93.99291224243342,81.1676058441975,10.899613648811064
89.28983365204088,231.92013493806468,27.071404221326784
93.09792089926088,144.13842182602633,19.764961774644185
93.3484307431015,126.35490729341775,71.18492514187682
91.17360169790672,235.3836207216435,37.86159055900673
94.9441659646659,124.16032933147768,38.56459028881248
95.30746988123468,100.7021315625344,32.77288547915061
89.78688356473464,123.9579506628359,12.890382613696236
92.37548037184436,106.90253993539504,27.664624905171088
92.52905964914171,196.15273446852424,238.3400835514845
93.4424679399835,124.53002830133944,64.09601239059218
92.54615221279346,81.88144396327144,77.1767769942131
93.58260720112824,125.00384457038768,61.98655691963409
92.05950748378702,126.56132357854324,13.262376969238298
97.13194444280796,160.8202164918893,17.741688622727434
91.29938799459028,125.11592385694888,10.093796016209916
88.96051305615391,201.57371683708243,20.851060679905075
93.41483303945462,123.95119766811943,13.449109680539673
90.55382375909788,86.70224174030528,29.204880194580525
90.00207582543621,124.5059809024487,43.91493205425388
91.21123430507927,190.64490156364164,72.26475138516548
92.24765877514336,124.38103411270926,51.495037417505685
89.64799090053071,125.08929889160216,93.70332624703596
93.15073138206093,126.55761452377402,11.662156008089797
90.08969968128432,101.89134182117738,10.367638523626796
93.28621754471696,126.90399786408028,42.48259165808663
91.36982763976457,255.6447462555024,20.24735879131376
92.25772634006154,153.42901491720966,18.770830694907843
88.38665286723308,129.6798736510525,22.054073660741206
87.28614991699054,126.24126491256048,19.432942333204423
92.52758671328074,132.52141739906816,31.48856903197542
96.2871184036658,98.51715649414456,27.402508441684336
89.46854032385481,208.78796738046768,31.549553140139093
95.8184622462793,93.70983187280956,43.50759056709849
92.46063383510976,105.73027952734456,24.688098033593224
90.13094113763358,87.75527029291064,18.68281531353309
90.48866426498766,158.14067610692564,15.452870720368264
92.4603038558702,202.99243880552288,22.89922588964729
95.10437343045028,157.73469806590396,50.62137637890441
92.55990225273716,101.63182919031408,52.40440632103461
91.24952983209629,92.244155061747,42.97986115857559
92.27039092205992,121.93577199159922,17.99829676908964
88.76675679758608,94.73908984147982,36.6082385843481
89.67425390548293,125.92965267774116,35.3672566598115
92.09956039320448,111.59579172772531,29.86493603278059
91.80515873099264,272.0194370303493,33.95383001149879
91.18930082894524,140.19844832606574,30.30585327416903
91.75815527224889,122.98180234797503,35.00376748042221
90.79009190635622,260.8533554119756,47.7112886728534
88.47168262127794,95.10256604186176,13.483484331871878
89.00078573583025,144.69984418804893,51.5439546727188
92.79213896925472,123.74352837130527,14.381522445202624
95.41742640315906,167.2219048708065,12.068543262116892
92.36125977189522,149.51663645107152,121.99081696462362
89.00369381419291,199.04583822255776,104.39091279969143
93.84109560613685,116.7517650251834,11.870197633024656
91.3861428612957,165.52139268495557,27.569354626862854
93.08650211273384,88.21435693138041,16.18287595790119
91.50889911597842,89.88067348339372,29.927749175301106
93.96535122745368,123.72144260789229,63.18999975110162
93.25872217182965,124.31012264392513,100.24129714955778
88.08090317125881,141.42915095212643,40.174374817938656
93.3737438129989,126.70797787012106,23.104292796171777
91.55346459600568,126.24216281293518,37.73918197983487
90.96949378340535,126.55967554154468,21.21905018392122
92.87649609022124,81.50387489389242,82.17963939243641
92.43464929262028,80.49473001490578,71.29918205253564
89.79225107524731,206.1380877881072,34.50909568926755
92.33617392414372,111.44453217218944,21.782341880011916
87.56029829429772,123.69709652535796,20.418277982839488
93.47151116059848,101.27956298075192,11.019674087214076
92.29711475228058,82.99335971488958,60.75539077950688
92.48702841575457,104.88331059513698,27.9560198373822
90.0757979259398,195.9559134538294,21.797186153992307
98.98210292625704,85.17873480353552,29.10926438403451
93.93093123509952,87.6272299679981,61.234351836456405
90.78137600587024,104.26610659748732,13.99271752952989
92.73344305798553,81.01954197893943,68.4852559952105
92.62104221530862,99.5853453684613,78.33936040893525
92.28304849217238,88.97361660067253,97.95902375605674
82.99695170375436,86.43110272409955,25.19943052680757
91.98558198029558,202.78298847654835,17.344057437153317
