Z1_mass,mass_4l,lepton_1_pt
87.97905431596915,128.65505891984412,37.3882766132786
88.41683445616648,126.80932115397768,46.93750185113771
99.01257816262246,128.19428681689345,115.10672425474937
89.67808133454032,124.59602489806662,17.16062875746841
91.4785877271121,124.66591266451276,16.0203696624899
86.4943443509489,123.3901541742549,20.36546536007207
93.71116144639493,124.9498939264011,23.68831654662541
89.66735532364117,124.88874648700347,28.26804063579325
91.9242321319865,125.0657201476669,56.13808033092736
94.9556500730784,126.10871917856322,16.68207586386071
87.69471002513177,126.51317580568468,15.608837559322492
92.0642437972886,124.44659007301642,99.21063380520792
91.2818223647988,126.04647675137358,59.5699471843863
89.41428240482819,122.98423114891337,20.89863579906275
94.4290373652318,127.65242692783102,27.40272527756195
91.7035325483504,125.4968406788733,11.049811643304372
91.43337977835124,122.724401508931,21.206397449728712
91.8121872531656,124.46364008764591,33.73671393945393
89.8970199016107,126.59473751974514,94.15283257874746
92.19279841796876,127.77296041553892,77.5645599260259
90.33568042101156,123.66638722809373,86.48306137808216
92.17579542739536,123.45612871077648,16.544040838938024
87.10242106065735,125.07959041253253,11.388458970604958
93.54543473512588,125.25026956080772,24.76390875382656
92.45217059160582,124.74394457584464,62.93673595722802
91.82678920065838,124.89481484651986,23.236809985896105
93.79235179687052,126.37554663972765,10.166122611278064
92.34599045723206,125.3644102478681,60.69690332458378
90.39862786866516,128.52006193949342,49.16988726363997
91.50634816476853,124.29960555004378,54.256435781305406
90.6178190703756,124.68767530113551,12.30787796541389
91.15298937432948,123.79575954293708,23.31678017248697
95.5359164378427,125.5575086952487,39.28903575137122
92.5012643853387,125.70392902834564,11.970041974143486
94.1627513544111,124.14208879703632,40.4466807677806
89.45883527251968,128.29441788402403,13.821171808465056
97.11280214629537,126.81210540261314,52.911782592305926
91.49572961483145,125.83670741113548,34.71662484657486
91.34992148246496,123.6630286643928,26.73442581725282
89.9020947231041,122.11205184498117,10.772433219703412
90.47462728485164,124.69677908620604,52.2624744261575
92.08719403727946,124.11857119393704,40.10482571561593
94.84216594354449,126.06251807092418,71.54559191562439
88.60755780769337,125.1805339914803,59.42044873910699
86.96988432759522,126.03638692479092,77.92727947858694
88.87604766175657,128.60053491814384,21.481921492549557
92.80561313402234,125.72858237855786,17.76060238418144
92.07543676658617,125.83414475012307,26.71173078245843
90.08970001957262,125.5221871986226,69.14034915639499
88.64711056910755,124.69174613297922,10.20929227544952
94.57296263079397,124.74930830853975,31.446284780156677
88.51094965930359,125.65598193860832,22.35725739587297
92.15039061450972,125.41776833673248,95.8936336807345
83.89321033876247,124.80611572867394,31.94358417280456
93.96917096386304,124.89854127539296,23.55923496900887
92.38403928937004,125.00853347378587,20.05749029143245
91.94362950569514,126.71480953654768,30.955588984889157
88.80446471704823,122.16572850283396,18.21581656426231
92.23469590021854,124.18805721413236,53.01662878718388
88.5891027165594,124.64328677876011,18.13999517007417
93.15897864982811,125.10746347568984,49.08246785476948
91.79322493567976,126.2413090394988,23.75568397792912
93.09436725902836,124.57676892069878,16.192963198226696
89.69253997372189,126.43130632610163,11.248892793830356
90.8552500212225,121.97695369914726,31.52891753648465
93.0617599126963,125.60313058534766,17.70472441164873
90.92120404987048,126.15809947433809,15.748126676174014
91.83101259346714,124.75093799731124,22.51397301985515
87.18792452556947,125.6510585991977,42.36288217131744
89.96690877082891,122.78220734232733,32.62838230581838
89.02289354253976,125.00571659375606,78.25369675583569
86.85612740970271,124.79400620622454,78.22292047321757
87.5210194678369,125.9271720416356,12.636751785882522
90.05397645917846,124.44859059757296,37.974818408967685
87.70084965544153,122.0441666610162,13.20990704307848
91.81281175217968,125.90917718045084,33.87093538416795
89.035132360316,127.7368124912436,66.75868232390204
94.72359698781878,125.834436930714,35.20132916761772
92.72665645892177,124.81008314792648,18.39100610987264
89.59033012275223,126.85521064276044,24.98162491120071
94.40378642358388,129.92926660786148,76.78165633745569
89.30734648571251,122.7919687954972,39.920031572094494
88.42738104960233,126.54686997296352,30.348803000250804
90.9639517588468,127.61898884691084,10.73849443242066
95.5901062161541,126.58923162755303,10.467319461158333
86.52208063262992,124.99983537853268,26.76814831159184
89.28055736489607,126.03689238970291,67.52161051538258
90.11171159342068,125.30793734448014,67.1417995743424
93.08838867900012,124.78079944553376,34.41210976180683
94.46175353377215,123.35620468258205,35.32337009306967
95.36796576744116,124.95350617545328,13.066845920479686
91.9784657876285,126.00719256662232,38.63592146553153
92.10071681049916,126.60906072582146,50.5010274506101
94.6283494419659,124.49811569477964,45.8222327590502
90.82103229350405,124.45043093900053,46.3686266867347
88.25218850568147,125.13073918639374,23.36477026944847
90.73945779046704,126.05626796954684,59.721235217791374
89.32275057129212,120.65391895666671,59.83984597261086
94.38681338412891,125.95576285623008,30.885531326535972
92.45530759689284,123.04550550291756,46.31651945534551
90.01040449797316,124.63730800334838,76.21970429040302
92.90785723599416,124.31689171301026,22.374472214129625
91.33718056202456,129.90108204397217,35.90242079828304
91.54290931941354,124.15319357186245,11.09812312632571
92.19808769854912,125.58865725653418,28.79820844546329
96.64221396773016,126.60007238455516,33.46883757061378
89.09227952737962,125.32157709474764,36.80897590438526
91.215452350198,127.7198290943086,10.929251863044236
91.31062438360016,121.63527851567927,61.88054108614408
88.78480505242052,126.0265713269602,23.39755072623234
92.39255869638328,123.30420277185588,39.25658855969479
94.17147996852232,123.83331036733551,12.67633086969692
93.30209801802516,125.3775858423517,11.591952877309282
89.69085929944737,124.46006320840532,48.848816887500526
89.48683619143033,125.6908235402162,21.700591423179365
90.52201573008368,124.67746213539492,57.56961939198059
91.55953373696173,125.49534320368056,108.62139769805806
92.60487810736002,124.43959778330112,64.23302926345187
88.09514653026116,125.82330617808282,25.775789333954258
91.9651828069218,123.65632483184206,18.64017967379751
92.22089475637613,125.14929743450142,47.61547863330327
91.36081305161905,125.46741690685802,50.17052214625679
89.92551792357374,123.8045347246648,26.321135965961545
90.01535349958732,125.86719055250474,10.434942391624128
88.71794210027294,123.37761560419251,13.701411767199282
89.28864677877334,125.11730225751302,11.412831308575615
94.05265437419077,123.72730701402784,15.70584138400675
93.0198037680144,127.64306683416208,30.98318357823369
90.4783321197072,129.31258688326338,68.24048359526316
89.04837065493848,125.69080602140936,40.85182441326673
91.05520324739656,125.02094986069343,10.806072180021832
92.80545217578047,126.42153127889569,40.92481473534946
93.47601371215826,124.55364152339676,33.664430817289606
91.1403999821774,123.45141929769684,107.4727558452026
89.07431903665729,124.68635630213218,10.551696635417011
89.64547857598963,120.1361232166348,12.976150349672624
93.29095264142246,125.97237127561318,44.46624617731501
93.73345834140164,124.5384976749103,21.52471564884605
94.05618853575832,124.4387138774264,65.90578120291832
91.62683306888688,124.59711920136884,10.706410095421344
90.0701129106952,124.24679858405528,60.53591518557876
88.67837196133391,126.2842570913424,19.93250400518888
91.60520134839598,127.0549672982084,49.84880736293201
88.94519128969428,120.12799578827008,149.71014670420692
93.20982479210484,126.3754283862806,54.938635100307614
95.42950664262396,126.03460831410716,90.1041377319798
89.18761521603075,124.35325602690482,13.26512556420154
89.47944438783955,124.89315243976203,79.85337042602896
89.96122717974922,125.53670680655378,62.5399767256999
94.21714855307933,123.38279715733331,21.572062784935248
89.45155906046668,126.40717464119275,77.76371543637778
95.44922668671104,121.09821179912886,10.326904198455264
90.28367757248438,122.7944068461599,35.55991873165792
89.47608803376194,125.20995791943643,27.476658249618502
94.4210757884248,125.73151953390852,22.965748584036557
91.10891728715094,121.37406888598564,14.62922963626358
91.19226506066175,125.36477303261437,12.635665650058153
92.57835517452536,125.45288678832804,46.21625414959299
89.64001798072644,124.9866235620512,61.75557561425744
93.42191998093436,125.2571792519617,12.545462517409362
84.32227586267585,127.28633146670022,12.6596160333342
88.69724467932598,127.40229541963346,139.46375686174275
94.0017599808278,125.77692583271433,24.065127476568687
91.17683019713654,126.49019764879452,98.26493613889733
92.89003133280036,126.22185187533536,138.06321818805952
91.08481075220718,122.4055791545649,51.99697690349025
90.4966256084516,124.62389090345305,55.03727621363877
89.0921569162389,126.58058674213436,34.52081222684479
88.60011989765157,126.32363962340732,26.560993759149213
94.33645652095312,125.18387457603733,81.04713026434271
90.66053537627374,124.10620979727254,30.355153281188628
86.01981794592754,124.96910444825332,28.97063108748779
87.44258678037754,127.35917507358228,11.738512931977771
91.19175276833234,125.82863514832565,13.750786960223689
87.2691768713711,125.80904830071069,41.427051592209146
86.58111281754385,120.2614280697666,51.117931527894186
87.44734416373493,124.11611749380783,36.26661331608605
86.65589458481072,124.32685739826782,70.8850761451069
91.16309894889456,124.18046077548006,10.36686833076908
89.72628268403791,127.1760043304379,115.07580768638444
96.23057802786752,125.72495410785464,32.504297510481706
93.75537765842404,124.18157255855392,158.704858237781
90.27909816338638,122.43142158189671,12.299841278633648
94.30964209304662,126.9697285017915,45.69703714350322
91.74238026391792,125.32444720382443,28.18383267030853
89.81174717225367,125.4519644049764,36.33477585417267
92.47403163299234,123.82516052251472,79.42698308447942
94.32527662157108,125.69062193851973,11.395343852304428
92.51415086427394,126.09436506368684,76.29027485360459
90.75551613859884,126.40360603175364,28.2452578587886
93.7350865443018,126.585504952543,28.691757964122964
86.16213688144757,124.68185228039316,23.078606038502
89.81415464462238,123.82298550775027,36.28731118019929
92.35975535679998,125.84779477092025,12.427668532995543
94.98153216667296,124.833654465291,45.93591645738368
90.32233744177483,126.29257743537208,60.4272150246399
87.28476421324505,124.8995443466573,44.62988750946447
91.55556273884784,126.0913606687046,15.324209623014651
96.23295504820508,127.43835104652082,82.54903275997383
92.40854715150157,129.40034444059393,48.80812012588403
87.924090817564,124.8233877721256,38.51212058774118
89.79419823958031,128.12850348661692,90.97055084641354
93.66871101343166,122.54950649104796,11.388188159593684
85.07442068196313,126.43931093908552,24.170432847497885
89.03202710902572,126.58724099716986,59.90943168988259
89.1579760676039,123.66532228848124,37.05172390647207
82.91456391779477,123.48040942247616,24.384210992742883
92.65776497587248,127.31417546322132,28.97246713419321
89.5432279439375,122.94522760996716,60.28352317749769
90.39296908007483,125.74580748588772,180.84620202233
96.2329482448371,122.10024437631236,34.319547779241816
89.3057066624225,126.56386585529096,53.95849270618783
91.1436954860288,125.05128065725752,18.5245733374344
82.70672463113253,125.90185091624576,14.14889032939266
86.84209533097113,121.36196366183404,17.78811176255451
91.76154568069292,127.67054386291976,43.41488617519751
93.86625589103151,125.737255520244,38.88011304229215
91.23712946721182,123.62954966612756,23.302613868913184
96.546186479021,125.12418870854748,43.40323850557306
91.76426552458456,123.12019232066385,54.39421242881545
94.92600383476652,125.36467360792253,14.316638661708968
90.9315392242797,123.8353914567307,10.439544287970064
94.30001580049604,126.212981864047,22.95061784545208
93.78537111107784,126.1867088478382,36.741921269948335
88.88961231120554,125.5195754858171,27.259586884852936
94.45764797493052,124.2221897665252,88.34988289126237
91.39744368399028,125.06926721122169,18.962063630541877
90.69412762549916,123.92689036176232,28.437609021120924
87.53218159970025,122.55686412825766,127.40959292741776
94.07002935403844,124.68952653350476,21.958480963014992
93.3047359142871,125.26121037518789,40.10458821872979
92.91918671733822,125.10166304183834,14.139256591372476
90.92411376524888,125.77099624608852,14.94279704670019
91.49730847005776,126.2932837017962,14.483801982025495
93.18468507058012,120.86924576938996,29.27143424939781
93.50986189555724,126.12040248771996,43.03867250957141
85.87223069138363,126.49519596245658,15.673855513396497
92.89030406223496,122.7903870477176,16.406529429852853
94.77744951740034,126.52905643158124,19.796443558934364
94.12504563724004,120.83763114483416,28.52888030096137
91.7399974261033,126.5252644086316,23.58943346532756
91.24130447849882,123.67559128248764,45.173723020376265
90.40273851910064,126.71141047754304,11.203171903000465
90.09482764320124,124.71904714642685,58.19482731478359
91.4841499641304,124.14485458859102,12.558862911290028
93.1340006419233,127.54934518396205,72.04404095464272
93.88602939030926,126.0301352375856,86.10080639136784
91.66588466324464,122.51647444579882,16.119388961854014
87.20533866010236,126.65434658043092,29.87987694005843
92.32596920295296,124.06900783969098,18.728098656471914
95.85020627543928,126.330588407233,47.484756248680775
87.34535439621345,125.28170670017448,32.8182039716587
91.5037074048524,123.91226033812768,19.41023835635632
89.85826845621928,124.99521508374484,24.20994954407416
91.79838697100108,120.18477951752337,13.826893098543438
89.67967060269659,124.7128023291663,76.36239699829073
90.70450444826189,123.43370978600886,30.701092655466557
93.12741306402184,125.99046979394228,26.951039481489463
91.12735332250928,124.47500576098788,139.18587316509436
92.16627832144776,125.53055422488252,37.92499025401628
90.08768347780436,122.4006675628456,13.220290138746606
94.60180062831088,125.801450129969,18.469205481854228
86.63511305437044,128.9128377871182,16.194752363637413
89.21803045823869,125.27032072253066,20.0681754464634
91.36392020136093,123.99384911296164,15.712073009886607
92.8042327938974,126.55771236477904,25.84916669467907
90.77261659000104,126.41333687011256,25.21773981227291
90.19151478611268,125.579904958366,114.67178992380146
93.20442517795216,126.72515006800027,60.95989102108538
91.3878511791442,124.23880029393224,54.02421275236266
93.17743939430515,127.7121464490742,31.254548879340955
91.75452481408384,124.46193213753808,11.964167763175746
91.75900526481954,125.83250099055358,148.03603934185972
92.38234186606748,126.15502968700908,21.67390067558261
92.41869241441714,126.14015380173512,18.81666502880204
93.1740889542234,124.29975536467953,25.92273440516133
90.38426349928692,120.74037143979528,22.871299051119244
92.7079363630934,126.03798374580568,89.57668144662343
91.1479373990067,123.13127871599958,110.59529168247074
94.67200699308025,126.62374729925897,93.5838179578372
87.78160265530639,125.59142878985509,12.064309524174906
89.46464879094434,125.61101508974444,35.63281432596009
93.4273359965099,126.79417367599868,57.581503330956046
86.57628913591614,125.56316512192431,24.949382490923348
87.78489134906773,125.14571313426704,24.193586974532117
94.41878483101245,126.34489440809092,24.52995227076134
96.9075615019868,125.748666042178,33.5284714653329
86.83178636364582,127.33845890972474,39.36397911571992
85.79778982753935,126.76527978216237,56.61970041088216
91.98708418730207,124.01123833223414,50.87104185605234
87.08867338807639,126.86903824930516,11.023226195735138
97.30682937382518,125.24668599510258,72.81002033157813
88.15620719781118,122.1966421101998,13.51731655296332
91.07144638836812,127.27373518225646,14.091388915842124
89.72252190474616,125.03586160726688,17.81179067334253
90.8840033473228,123.33963350895692,48.431292929347165
90.31321597887585,126.0120776581508,40.74532626212172
91.15467726916874,124.3001952940514,33.47407303586915
90.34708316517872,123.1329128924122,81.72628417970955
92.0302651569945,124.70059458586518,25.36736978437067
96.3619185699794,124.5087663936824,28.597225189634894
91.59693019171463,124.38650148235423,98.28471210991631
86.79834621130004,127.38509501358396,10.548285412194916
88.94044282207317,124.18395890123996,71.7008056762209
91.7484483236392,125.33509753323648,90.69965610073756
92.97225711761136,126.34011914399814,37.99662571102045
93.79311702333952,126.3353709045334,50.004709116501765
91.06418929622946,124.67770293732951,27.98092888910853
91.48949224552368,126.18666397675776,135.6752196736212
89.34042353424233,127.6650136096306,71.1827179368059
92.57456587800108,127.63361190479424,31.94654157905948
91.80858566242588,127.06530547141864,36.84141360487224
89.4849602203733,123.86157951634854,22.7553133267237
92.04904901477128,129.18428049157689,22.78319457875486
88.44292969240092,126.82808135475284,28.056333204770183
92.68227403601342,125.33740239734016,30.69664128408453
90.61984360180162,125.93006335128872,26.28628648768021
91.2285283774166,127.28567532846606,83.89878205758438
93.83316049340516,125.72137263464197,36.06707151355816
92.47578219411318,122.84965773462176,40.01172317553544
90.05365371476205,124.80255993389646,15.881759205977446
92.4821727783638,126.59623494197184,107.3799481681728
88.13827515603568,127.31075750576268,11.117030255730166
90.87783850450288,125.2631306352742,29.16357379886392
87.65556486095305,126.01805595366648,12.039008205374694
95.79596061545791,124.75159094508396,32.294729637777905
95.5428151403066,124.97935386071356,15.061090202828664
90.57825811444174,126.75609374065168,40.98469795283371
90.08851670919756,124.64412277533704,25.764687028217388
88.52205878382006,123.2604223583102,10.77142446197941
88.71740165170966,124.78978414408812,47.76049779559136
90.61105384259422,121.73884358557872,10.824095736533202
88.93728020295565,124.90912525955072,10.597221438764182
89.29918725699842,120.91761631208053,13.298081758041183
89.0331611550267,125.75399579964842,58.270552818887246
93.74487585894994,125.90283752199336,18.35858549234342
89.57943124505078,125.30542693604056,48.43284439291096
91.09759297624662,125.2799874177407,43.08630335213785
88.56697404304789,121.76090830775738,16.88180230986942
86.89524705423109,125.19221479991532,20.408007658375503
92.54226672182789,126.10431629454224,10.806716056729506
90.45048132235476,125.10536933068352,61.02087709058435
94.9833869730958,126.29927895494924,19.00978756441836
91.14988139172767,125.77815256766134,98.9580166345661
89.07816852492437,129.08180325893088,53.26763511197909
91.38239576467384,123.88170204259154,14.528634943690626
90.20914656370354,126.30867492815736,77.4861847086923
89.82235981615239,124.49858750890505,10.681767684326203
92.24605765282334,124.5263692546614,19.3870164332946
95.42464466164394,127.51944339481292,40.11091995803609
90.90310655457712,124.13102161180213,134.818724895617
93.34613289928552,124.86268121510642,19.536294151867985
91.74059152377306,125.28066604184114,83.70665583080671
95.88485563993125,121.65107213735482,35.77722006604468
87.68418462944229,124.4285888663966,19.608439858083788
89.88972376833586,125.39632934610488,41.61665901958081
92.69722948627752,124.32952681569874,63.11317577267081
90.44839758656634,122.81178305482555,16.936075825136076
93.1980028452277,124.40851389162452,37.52751155516041
92.35445016442678,124.77077841668628,42.812026882225375
91.41314889596038,125.50802551078498,24.49332397983605
93.42059789469688,127.88711748269488,11.443139928759315
89.73883017233892,124.78771885818878,15.45585115147817
89.56391013782206,125.226066595754,37.72606656955347
90.98707749177107,123.78950637980329,20.577146188166527
90.17981772636185,126.31597470747349,11.58385834299324
83.94916387223944,122.29566321354044,30.577178680785664
89.7226502810843,125.71768868857968,54.20949877440204
87.72278675285929,124.1318307051971,61.29471095713588
90.77227695489904,126.91693977645636,45.59346459127365
89.90499135596932,124.61171145177155,16.141908457403975
94.08952735111538,124.1573945409001,33.4200953845521
89.48040143724563,122.79139048289576,71.89425382846176
89.61235945899739,123.82617397582312,59.28381478221272
92.98524252721728,121.63959574181776,30.16652998513724
88.15084373904419,122.17195186322616,17.50039387318367
91.13640540507322,125.77725986846696,141.86675252215989
89.16301570565251,122.22812947712951,11.206753036161372
92.00833778521844,124.9709515377922,35.17608752937707
90.8600817355316,124.8375778892895,45.86231370678656
88.52993232037183,126.40818299006584,20.586848942356383
86.62091393868053,125.18938339464304,87.46746014067027
91.98283248666009,129.80445724415816,37.21025920863421
92.13992976120088,127.60811144356174,17.84128723591857
89.98401108730687,128.12680132371338,45.75033849064711
94.02874299192696,125.30122242963076,22.459780392057013
91.99028962817168,125.94955194665891,12.02769806468423
88.92905468770883,122.93810257975828,56.92292000013963
91.62675134383493,122.58751319605264,21.51488821120477
90.64090966068612,125.82986097413286,17.956469288975484
91.32009070760311,124.31798504579189,71.22945059122544
92.8664136859003,123.92037292101244,10.64496592480784
93.34852195648456,125.71290933941977,29.61061912855574
93.68965440893471,123.87699751729056,53.86591331017675
93.84740194141185,124.5887044503925,13.512000087419844
92.56920191670896,125.8355129627864,20.15827319253478
94.51359058960335,123.58088131106284,11.29014342812042
88.76701163363195,124.22808664702389,141.99933937336905
90.71357644237187,125.24340628859068,24.55116182365953
88.64115973419848,124.0354123538735,44.14997945879341
90.79510115120397,122.72974852294068,56.30178345626759
90.93815326860064,124.43810230449064,26.21694322100169
91.02125812426226,125.92129386332796,73.3882888042256
93.18526208991916,121.28484735684468,15.482871677703956
90.04071612748066,125.96890832949369,151.88334058278437
91.85108380900708,125.86902128694634,15.826773100701018
88.9811035042046,123.94963544479172,22.92926923219223
89.30754959390026,127.29422088343829,11.787490249983057
94.3360210740772,126.14870906816068,15.73101089728556
87.5988465576066,124.89465966410351,17.62512001721759
87.82664237539083,123.39483005909516,17.601032619089292
91.95751223474072,125.28096519097276,72.9797443387427
89.1848908018422,128.4093457313055,14.16113982908201
89.64045255091102,123.48004188713853,103.47029058259838
91.1363915298881,125.673854232897,69.44280353424887
92.85819940623254,129.4379995191902,34.01244344709696
91.03483257794824,124.21071444951892,48.55766739991205
93.7125552979782,127.85627137960677,12.535583417066755
92.709821362581,122.31905692488274,30.50461132936235
89.16632367009348,125.68212888850664,36.92464229764224
89.79578770398341,122.75207689453929,62.2344373883343
95.69050143953636,123.07800908015837,19.319444368032123
89.32943085974844,122.98888569303776,73.26734306321075
90.05827614704104,126.82234454936466,42.227997081546285
93.46272456714136,124.84348664025924,44.196228751865945
87.29491744559675,124.972779679488,73.8263895415646
89.17910633579984,127.738580936875,10.89050534629066
88.00724789863325,127.53708218054987,14.138917222112669
90.86242740497386,125.57716571806878,15.257753041886897
91.64761245073588,127.6168654260722,20.14982028135565
94.68672533571215,126.9448164480358,40.154125838246514
91.69359397826446,126.91403693847307,33.29491020333014
88.48922326450922,126.83863817020332,55.40275690388397
91.99076307974848,123.9651046390633,13.39441051887487
89.53537871388299,126.29175653452027,52.942254422094486
94.3297064171102,126.56865827427484,33.37858057209668
94.24780283733762,125.22114635663289,12.107429508733247
94.69624869331864,124.50704672160803,46.94772985363937
90.16095160637342,127.21889973305473,36.18045187284891
91.524024357932,123.87406590913156,39.09988571424505
91.41832459070282,123.10316924002672,71.56338534630737
88.47622360634826,125.23382014893278,118.90583125433024
91.34436978115262,122.84491201204985,14.180835965014172
94.00030837575112,123.66411276071824,10.74682666847534
90.70845889074468,123.75243899194,10.671158432034217
89.0794794595636,123.28389932926407,30.120630247650404
88.65884374248776,122.78055860659543,44.49357180672457
90.5119226246692,124.30302150281425,185.54586284970935
93.91275767680224,126.3138167815122,26.663253703301024
91.59494169895925,125.15191376501976,45.493967141097215
96.78087419102827,126.50092581350388,41.88385283269429
86.92951500918537,124.45372679633024,19.575575460212196
95.14607188108616,125.69796549647864,25.7951372753627
92.0239732792838,124.51029421682978,77.35757520544396
89.62453482862227,125.08521348437692,17.189802441365735
88.0336420944408,124.84537515184256,29.22859344108441
95.50611386252396,122.68105673132384,16.15636534782515
95.0021420404055,124.05496219480182,54.21076131670109
92.01947680387008,125.9882979515356,65.88797832443767
91.15309280830633,124.1293644765842,52.94176337811181
95.59383699972204,122.1950057490236,14.220819577827474
91.1732704312571,125.4059564399704,86.09149905442793
86.48405910439489,122.99306483499856,38.764230682923404
90.1545185929826,123.19100385457028,44.70936444834134
94.18509999355916,121.68474620902737,57.91921870095885
95.23762452450951,126.023536272203,24.95177491257152
90.06018414738666,124.58973884185428,29.61426546340038
91.60278271279071,126.37721258951017,13.325606524286384
92.66637103088016,126.2597293918086,18.31393848354155
89.08515077590451,123.56665262836492,139.515479656883
92.31441064925043,124.82282719715226,14.61186706519176
91.26665912571326,122.53240720325398,10.294566861536897
93.41127498926264,122.60355102192852,31.876392807180498
90.92531636893018,124.96280398473912,11.013005371165722
90.78370522559068,124.76295422396272,14.27165517773984
89.74596231361329,123.01123987765249,35.14802211754362
97.24693845505072,125.06151272420534,45.08375689475302
91.27223966281235,128.2698954490933,16.699941227735415
90.12156882459988,125.29052534561804,46.77384818534799
90.27592978067486,124.39756658660431,92.56582163346728
89.52109384874606,124.83478265801897,11.60111457037024
91.71517427392082,120.77360175717384,12.50519349274488
97.90777884411958,125.40233576907578,40.94917005160266
89.90141475166092,129.7366255399422,32.42193441876309
95.20559142905508,128.5854038673311,49.45713504960762
93.93283937553709,125.83306522371156,12.554646996668684
92.68356520355871,125.0094246325057,22.32469372994288
91.15185483352438,123.62728158260674,16.031113119365585
91.66077621445466,124.76354854059775,56.77639292783042
89.63480437686198,126.81866809667308,48.10356819186899
91.66070102006216,123.32691667090153,178.25893696143115
88.5308322212139,123.9032231933094,120.41919933670285
91.1838783431172,124.47570650959612,41.52259270397671
93.33448326051824,121.42742733239864,16.6771533540668
92.4784444716083,124.66781506655444,44.20443385826106
87.0954512278846,125.01518753987727,22.73645598068448
94.30231876404258,124.9438361224646,23.91056951641891
89.63104881056424,127.33798865760566,35.93055224057987
94.09372537197862,126.02585572930144,48.75764702466611
94.46696701426676,126.67485141841688,79.28885438861124
88.31093344389085,123.9736723896954,26.430961040620744
96.1545031310579,125.09264681529991,17.096826968500736
96.34612155427725,124.89028153083603,49.62790045380567
92.51591592872964,122.99306634272436,47.744947273813295
93.090269562291,127.04937433371715,67.80369303269973
91.7498161732817,122.76104535230014,27.680119766798672
92.9342537056216,124.16465569713732,114.61474125463432
91.4476907714398,126.8779011662993,18.957576412720183
92.97679921096557,126.01430927203889,21.79972613166781
89.60579023130765,123.9425680755129,54.54675072121495
95.46300655915412,124.55526486227582,14.208003388304103
90.53635436191426,125.0114845114855,18.077606304931606
89.76948695416932,127.37867514764176,18.57907710927553
85.80326049643769,120.13306206265534,29.309625089058784
89.48555883382315,126.7559095964738,65.7697747202845
90.624685514162,128.25527998541833,59.14594963508054
87.61417767549894,124.04402199655348,36.409930409077646
92.30537204697558,124.23122605095828,28.055297449057928
95.91762238467588,124.88812370300042,10.148566689214828
90.18833069043868,121.75322297308902,70.73003700929533
94.62444543115272,122.25329905941314,14.512523626283716
90.85320488330336,129.8200567463238,21.042042640413428
95.97150438413962,124.26031895002863,16.76389163309831
93.86921942389073,126.74884214605602,96.8029716214082
89.00351824769416,125.95800924237646,44.48908704953866
89.69121878176054,123.28940832420882,10.925749532017155
96.87266268236732,125.24804274519848,17.28795994054072
88.62142187221653,124.40149551273008,35.11165317779657
95.55617320709112,126.94753588342007,43.04188951516921
94.1325563359909,126.56420340799544,59.4837352891322
92.49456201221224,123.8347079128359,27.1588749022566
93.65267895252654,126.88794224005368,13.842128879607143
88.65825693932712,124.69072966922543,23.693036878875585
90.25555373866264,122.11473487502408,27.86393756691785
88.32554536343507,124.9994712869824,18.13631946195934
90.74620913975065,121.97235165369844,17.734752925991465
90.5963734318678,123.87089826367414,38.98731190445255
90.24659203460408,125.84239699663635,32.881513130586065
89.60886556594045,125.7241354322324,38.08754074824459
86.5936834713983,126.99626476073011,41.27898779223255
91.43906725964818,124.49893310687328,18.370880328333204
91.04071141768668,125.06424299875108,58.7404905989627
91.51549917949488,125.0260272311763,33.24121414414781
89.53728587154819,123.92278605453228,47.77935173944304
93.64289796519772,126.44878080263835,19.54935226624138
93.21172249352652,124.9431133363296,13.899368785642016
93.45720054534586,123.76005309426598,15.99560703166416
86.65370659457203,126.6456584595896,32.343534991963
90.13669718686032,127.41804182615392,13.390926505614113
85.46696901505082,124.14065503090808,40.08417950723057
92.26586688945522,127.34569107984396,100.72601560374198
91.11646868961836,121.06800987075148,61.30906644123188
88.53386259107899,125.24507126142596,74.678395904621
92.32634794902124,124.0628157650801,38.32381194128591
88.71599142693375,125.08356301979424,25.88132297000732
89.77247108689815,127.03502432110317,23.081814352705443
93.6116833312782,126.57675925789816,55.49557887377346
92.29096757064482,123.99328874619148,61.88286776557105
89.79793769391586,123.8577445752843,26.535799022662307
95.57108874479457,125.43569695977422,13.012360518733772
88.81482012715868,126.5504155733431,28.03168413888355
92.28960395947183,128.9788570033341,50.05363914245598
90.1783442784,127.1279877541374,17.32870980065618
91.93661030082188,126.0177365203922,40.81428064148762
89.49569835101057,123.58781320341822,33.73586240150697
89.95909670468187,123.2658631852798,37.07728142617966
90.15419259523836,121.85799671235304,30.60105144975748
93.04714641154251,124.9312948967812,14.40074837845982
93.08639192890494,124.56155894253966,26.768959769551472
94.48315544159016,124.04071398848464,152.1816042359311
92.1987898359281,127.50140211555026,13.298117501219664
88.88887501962738,122.62537589701095,77.38355537396768
93.86929696550374,122.72329241927152,17.98591923052618
92.62867673316934,124.39676708893654,33.29664073445784
88.12185394515987,124.20134780300955,73.62768449469226
86.66595135148539,126.4236451310167,32.840068977241955
90.45321589590525,125.47544126275578,21.76168127452438
94.09580133845655,124.79344091868091,22.149043036715405
87.4091455594136,123.17820393331846,42.527011808956935
95.72213618636412,124.6449181858056,28.776187839472268
87.6930857033973,124.63411156594216,34.78642780431883
89.83822418790139,124.37704903982956,104.83610281886006
88.69676116409707,122.4790211241741,52.3376997562737
92.64053570074462,124.79658538458142,22.811612844563623
96.72779232346151,126.5379414050748,42.800838186282654
94.14632791324578,124.60146158587098,88.59204078112627
91.4002262166826,123.93263077047804,25.290583987436044
88.42025217173523,120.58213146971195,14.960960359672084
90.1168803802945,125.03579189902052,33.293067963973684
95.9060561172808,122.63330677676636,12.800469386290654
88.01780593545124,124.82689855495543,52.22804305467216
89.60703058243438,125.25246813745464,62.47266204806018
91.28191044515376,124.4809800932398,11.104911041546591
93.94777684582056,125.89762710291278,34.20979056289545
92.386195422213,126.9065598169884,20.937943658428065
89.4746885045302,123.2067879698698,25.17422293319797
93.65334149761485,123.7138473428736,85.5447113955294
89.71916546197448,124.76868540484672,155.44789796080707
86.81850434534496,125.60761323830556,17.015160515182956
88.30409243280855,125.71689097610869,90.03398381766563
93.81475677944498,128.9866701588187,24.37124856001292
90.66309765751328,125.30928580935502,70.7614875746688
94.23544628432307,125.14827748941944,59.18537975072343
90.08455002473728,126.84285854520638,20.9014560877536
90.24138128411072,123.94099991667888,12.531439876022484
92.41707302960324,124.82944721630024,15.717550700999729
91.40362952066876,126.74807581421236,121.40770906381248
93.40528196801051,127.52353378491306,40.73065343608373
90.20343234613767,125.42488361562538,61.86025526229813
91.95784407436534,125.60426053043936,86.82404345848398
91.38694208418076,123.14553337414534,30.02800421644748
92.00780057119417,124.97036173450618,25.257994470087034
95.49283353770016,125.46685476521036,23.743884473701947
90.68657215209852,127.1036031763892,12.118220881123309
93.80334291632012,122.54769685916762,27.36840671879645
94.99704578740688,125.92222568782051,13.350235017951755
87.61734098631698,125.72300804550338,40.71847613192478
93.55786528078264,126.33744354145716,17.30184885994992
92.62648280883572,126.9645886630281,41.51190517973859
90.05327494006794,127.10349124509855,28.47449866274159
93.65723421573333,125.66759329000624,11.797717003114476
90.44331300048788,123.24383782422244,18.20075850871441
88.87993465115504,124.02282273824572,14.603255837007548
97.19099094013424,124.91239408998146,38.652462298596205
89.16340116021361,121.51761290468713,39.33667428457071
91.849889916178,124.55840347581363,32.46242667638603
91.27543573811452,124.45536924594091,26.65813483950087
91.11787796323226,127.00579977863892,27.923365893783465
92.96383897676864,127.5575927830199,16.493325461842407
90.08471067778724,125.96971110432597,23.754555501488056
86.53704886546679,126.35762137547412,49.684309685778345
87.10772477343717,125.40319329526557,17.269862682306815
89.6651768892829,126.86763054390678,106.250426505737
89.64617705086471,125.22761496738194,13.487123625855777
89.5233242142476,125.63741268970514,33.81950431005083
86.18658003380725,125.2710457200264,50.10879634074372
93.31751529895269,124.65024637436768,76.7922554897124
94.9283516725966,124.16839043926876,56.38028891367093
88.43896422326297,126.97479336206388,21.367918768121537
91.09510018866013,126.73875295490976,42.307337071487865
94.3941584967819,126.84395511477362,12.069316023457162
94.88873404111844,126.41259060389898,14.881533212698644
92.42113551185412,125.58160613749251,54.70348599194951
92.54017307309104,123.29126183162668,16.14421465329999
92.33727999209972,124.96652654290838,13.107384735830184
86.54704545073997,123.9340444846996,10.635022553548454
88.10784150739,123.84268135646026,39.39797516464114
93.81162211544743,122.93709233621053,16.908340568677104
94.44548599840836,120.25585916655818,13.882302671713036
90.4222251080378,127.32477265149126,40.97666900691127
91.77829978664882,126.1606889490077,58.0908834653308
92.89077690009807,124.9967581503949,20.394187859129417
94.79430467409456,125.90587645743388,36.19856506134551
93.8768542651506,122.71883530649691,51.35849884615043
92.79792797011078,123.04896086992646,60.1026860153163
92.35342403955072,124.90615332084312,22.38681676946525
93.78709466470988,126.08552093098945,17.631891636128316
91.2009785707297,124.1441571136468,26.97307680156193
92.70612554119704,124.81416000169042,13.886228140148573
90.40177179488607,123.85502798643014,16.599599556815942
94.29808899696154,126.1815415979694,33.625510725766134
91.34846904026864,125.48982507066566,48.83661562181161
89.78006615880116,120.61222137390791,61.077093420875386
88.69904455664536,122.83307458182516,31.30028950205218
84.31992834441434,124.64550327025005,34.97379422404467
88.5058030912353,125.34675433490628,45.02780893290437
92.2510226596147,124.42649160786202,52.95401138756578
89.66682035645266,124.08667390541926,10.281262964933685
94.4696674307583,125.03665637784152,48.889410568338576
90.398695967496,125.97775901217146,58.29378456705245
87.66251978237123,126.8988318636178,16.846025837846913
90.5981867538215,124.48421642523368,11.078496319346629
89.68042826858076,124.54892123975408,51.08120384059132
86.43027673354905,127.07539499466658,20.94139559046572
89.21515236721459,128.2890102756267,72.78206836529917
94.18215660644933,123.637593306678,178.26238692127168
89.46312439701886,121.0460665482214,24.904017983677942
89.85364733686934,120.00285495983644,45.68416806267533
91.7245739755125,124.77032118994003,23.178088351892484
90.29872679389848,128.82284460690877,29.673974856808343
91.1907316132056,125.53938864952752,12.011565355320457
90.96892319177924,126.31664581266934,43.85371173471262
93.66070979257692,125.78526462732329,19.43395558378748
86.82042809211477,125.49425067281427,56.09914568191024
92.866236116885,127.5770404345705,56.62221989420793
89.13804423887396,126.22404573481056,21.93351445997096
93.1811829767568,126.12445312206565,27.075862516576997
92.8682212387738,126.14669914387186,12.783216148076852
91.68251412016076,123.9302721591118,17.47738665941839
90.51679370118865,126.21216216669455,49.91592720729103
92.5463878988041,128.22434356441946,26.406439298457933
91.03132955675808,120.2637133159707,40.33266387339563
91.40015128814096,123.6490496774118,35.45001088630136
94.14870408891568,123.3583482730176,23.493582836467915
90.54242787996736,126.86366598884598,19.567786192901053
86.9614815979504,127.48772281477407,19.004656546017827
87.11262678683383,123.8256529892517,65.34219612946384
89.91213903503669,124.25804080945244,29.789565926613776
87.58875246759673,126.00449122937589,14.29810170693708
89.02675396579667,125.29121319087425,49.05190304354317
86.09904393685079,122.03157627787893,51.75429663482048
90.846348217775,124.07790406780984,42.09682301847832
90.00270231248166,123.67332822520709,11.762410804745125
92.42513445028834,125.61364412994055,81.01517422648928
92.05709791050464,122.8298393909761,19.521555269625843
88.82795003939596,122.32827907401948,52.73836760791483
88.84000338569821,124.4862299645594,27.92092296595171
94.217248756857,125.74606215367012,30.057804763112102
93.24934962105154,126.0945756018246,14.49837397139335
89.93254726455268,124.39832239078436,22.801121667836096
91.01997535790272,123.3377708565747,42.70055142498069
95.9648773679036,125.4911366941682,109.22664938405102
89.6587817807092,124.5257506074822,92.85419358757358
87.23852126640486,125.2533484973607,26.279465568918884
88.81431147554707,124.93758130190648,49.37135689219421
90.46507436259763,126.07090312354366,129.3722853652505
93.37298026661362,122.29070084870496,18.892808427509543
89.49447474386588,124.6482793353637,41.85463779490095
93.2889017591925,127.5026289393064,16.62305245402839
90.95679753054614,122.67649023869548,28.70485504516965
92.43606981090493,124.22700484081928,117.27223392724346
90.6709175032053,125.30364364661489,13.634393307268605
92.116210495273,124.95323676015728,14.919605911643089
93.08205030021648,121.9940174725909,67.03706482789332
90.74451727404607,127.07854966708008,34.71290455350383
92.57017066580904,125.1433556158502,32.231759343563304
94.62501952916824,123.4771204763159,48.49202835621582
88.5789291258108,125.40449363316355,46.91310701807362
92.87185816977812,125.20845383398884,33.52750901852151
93.13013969366092,125.4553832194549,28.391323618201078
93.91393650593416,126.29744023596794,29.88996455244805
94.14993979724774,127.13271901993826,97.39590782198488
89.69912375228935,125.33127961929242,41.57822002942176
88.01307926362738,123.548719924535,11.928895900813796
90.09156755646268,124.88884868018422,59.25939365104397
94.31621708475542,122.97206703555284,56.29240320433711
89.87352473712899,128.50203238316186,16.74549201057622
89.33950151142062,124.43316918654756,73.07027203796463
91.42258206066604,129.7532089086514,71.3404054030731
88.16880642227915,121.9993168073822,28.00278689296879
92.1395990478824,124.47376405259122,28.704792933131888
91.9823586087451,125.52386244194128,81.97955648961043
89.95277739604532,121.13478148783553,33.211317580117615
90.61405331723329,126.9190030704213,13.343829235498132
93.61113773873352,124.73686987016708,61.79654351890599
93.0045770226962,129.6597328841092,24.361403859015525
93.20625414246342,125.79823427498484,57.97188158353199
90.29627331094451,125.91137084651126,25.12396587765341
89.33143281691143,124.33303122010884,15.157648347679553
90.79481398301988,127.0389473403458,21.42734634387131
91.06609523381653,124.82754946511406,68.38494941540087
91.9756992902293,122.18888288717766,19.72641878711393
90.66593476719449,123.79485570806308,133.17091366845216
91.45480856113632,124.0703870103733,16.769989489440274
91.36395794381518,125.91096584446356,16.108495008027152
93.93093458579096,123.25904015605744,41.8648716560411
97.77642522822435,126.07804825328375,27.41188584669616
86.45895641483246,123.49207572611516,31.108459842455083
93.55586597781976,123.03479239134644,26.226226810881844
87.04667969033584,124.17427505197163,43.07138114904067
89.38837561687679,127.15001959568346,10.380630073688067
90.54591795220632,126.76716743698158,48.11979534241282
87.62772700158234,127.57841352689138,76.28870817206284
87.85097554884221,126.02033899615446,68.59527557705675
91.96408706483888,122.76836597907504,33.347675028973015
93.87909155850872,125.54208007994716,62.85132985802272
94.80039370899482,122.2941399140118,22.24843421393001
92.36910902373674,127.15925941524276,15.726157568238868
91.9095427175019,124.56229457236498,47.34530445205851
92.9793007130682,125.72270392743744,27.954260437606365
91.59322980899326,124.99277086115696,41.593189766065045
93.08755638214808,124.95631540584326,23.03330114220913
92.13135399349576,128.24122877321875,14.049335715430756
93.10090575677675,124.88297177237273,44.78214592074659
93.46965537611815,124.52301849155845,15.766845713773645
91.68030959998276,124.91483951793622,45.53987105288916
94.07711708863847,125.52807771113632,31.563474438656485
88.59562293524633,123.63958939598,20.86985835703628
91.07997664462415,122.86017181266764,19.044784398918104
88.26909462063261,124.51833228384768,81.31765276585271
90.30886792915447,128.8317610631148,43.32652652260207
94.63384258846992,124.07766187110455,28.505494744089862
88.67252067404301,123.6401405569158,33.73260696957293
93.00907307520409,123.11858366981603,50.401148489894375
92.0307527165613,123.34883001395892,19.85667744742058
91.03989287583585,121.02170671675398,20.36858403754898
93.8851949525036,126.52300777823882,37.36578551246716
91.81482543746633,124.2312487783461,20.5821015983571
92.28766397853836,124.69062075973504,11.48020879719866
88.20731222152408,121.78774617636978,67.36982594842229
87.81815793528216,120.0089311163521,76.85286671329168
91.23447169157956,126.4728230321188,11.058566304859797
91.0613811389168,127.07332026861906,63.03310958567214
88.75090739105089,123.17715263595797,35.4430101119476
88.57303979639002,123.81160851784716,76.91443316888008
94.13864934193488,125.68850515260152,27.57617571765832
94.69136644416156,124.43790495776778,18.131965591498385
92.24548530603046,124.01593377858954,31.545567907072417
91.59680218754004,127.66356313027572,13.301973804349924
89.4672798373157,123.15404630962372,24.56016212497179
88.39380523144095,122.48330669159012,100.19230393695828
92.8187381576219,123.20575572441732,50.82978479069776
91.48417314475893,121.45734487456492,14.525527316139916
91.54592217509374,123.49937497211214,116.76996697694771
94.9911295303911,125.59166619052422,16.54832651336929
91.51639919734242,126.57405153585,19.88360283734236
91.84921638973984,123.79055390236182,16.957680956477503
93.73737494656318,120.1252769816816,17.418047106022918
87.96857969358014,123.82436086960668,58.673518282769386
91.57578842333103,125.28034789963264,20.42248771109942
89.01538714525212,126.26628808302952,90.53897030758648
92.96369460342412,126.01798725770176,22.703823322697968
95.59773832120732,124.49041691767611,72.19723006896749
91.44867175941616,122.98733091665834,158.0804722593433
90.72698813301584,124.33206357831948,14.229254977479446
94.909080898369,123.92142860452002,19.63640149140705
91.59879600976024,125.3658963111749,25.054790945094247
91.31072073343944,128.3344543640571,81.45242148135743
92.52045236529302,125.90893126294904,47.55632848508276
93.44478324033636,125.71603130140048,21.104649694881964
94.76872023005508,129.0968290074865,13.64766584370439
89.33450271616559,124.92951603988791,24.52740388448081
92.71182641681388,125.68286129720433,28.27722657312368
95.98021426388937,124.50890394524812,23.81600344356218
96.02520485112451,129.70866739809009,26.287439925516424
91.14539591672124,128.85020282050593,44.05859535099049
90.42997721236502,123.98190405445962,23.478747918694168
87.4474676604079,127.77074175224142,40.32595929778128
92.83678974385587,124.29211477755732,38.4468713167853
87.51311520492872,125.06877032121162,13.854044110779911
91.97747841631374,125.32187956840276,79.82272347945323
93.11336595908504,123.8314716964732,12.062624853704111
90.49290195833552,124.69325382584556,32.90499537678541
90.23790090273712,123.8012178349339,14.599330306225468
89.96490796468143,125.1999098410106,20.48845657571133
92.74951739662689,124.96125040154388,35.82567271277222
89.6539955522611,126.68993065546542,34.5369951918474
91.8478689473728,121.589051532881,22.60978048573174
93.80126608611286,122.91934504859222,41.6917366375513
91.68173222767456,121.96861440360512,26.859940258120183
92.00910373523446,124.4815177504703,19.66328559940388
91.38207242617013,124.31215987735538,84.5358865297953
92.04042267037713,121.35742612725512,15.033385105755997
87.23617785981794,124.04973491615758,25.810118443352387
85.10582128709416,127.83106546450172,23.604720596766757
89.07230703343714,124.05499896570508,17.37289447672745
96.53752949449505,125.22979342931198,28.15417817395881
89.80084828345754,124.82720296190818,14.543982462840477
90.70459409766148,125.56220573919386,31.123521084121062
87.51035940767643,125.8967992069765,24.54531834384226
93.10664974313045,122.7249560262342,10.943351341775095
89.28489815772491,124.88103381220674,15.231492215533926
90.38971107158892,123.54142801361157,79.1025180796463
92.6074670862508,125.28387794828885,134.07968788000846
91.77281514319992,125.46180304111203,20.207408946958356
93.29252095951117,124.79340763887252,24.60897169629881
91.33268997543412,124.22002858329672,34.20368926874702
89.49691744665226,124.84158093241857,33.40725364268538
94.46318377419564,125.42061446855736,53.05216414919487
89.78081951912665,124.64669321664036,63.8098314312536
92.81644834352186,126.53792871677508,19.00620127126412
93.30412698821546,127.68834659888358,11.781278734251424
91.17599377222868,126.40815927738952,22.57694195250969
91.28068642358345,121.5014898924788,111.81240347288984
91.16389617800118,127.27686836681764,22.798074865513023
95.37896681601292,121.93427288174674,36.05843570867718
90.36873564276875,125.99842997764566,14.496677725064345
90.27468398418956,125.12342279534616,27.61197020328709
89.05265086459839,125.74824321300984,39.52378617346034
90.08339085525174,124.1256863614498,30.13557312938425
88.04283967560752,125.61969153235874,25.41384084567256
88.60184177976467,124.11900092393849,35.27569361143411
88.9900088893668,124.4861926055164,48.41948600571385
91.70916973788766,126.43159608245502,57.42706801522506
89.18889758763439,124.65681183807342,96.4946663905049
93.43270079455718,129.38841560316726,69.75336625795637
95.96010443689192,124.76236100051766,36.6552714077275
91.38134677544784,122.854035459332,24.115948638410927
92.61473885628934,126.43538342383457,20.09707657180228
89.7540669582661,128.44062147176516,53.039110876508666
93.56902724276762,125.69329083891742,24.659231284071275
90.06462205371459,125.27784552067942,31.478687968421863
88.17167382205595,125.48257690009524,35.8312888352065
91.60340103560524,124.45987702502867,70.20294453739442
89.98399249834715,128.0534634662482,66.31341433097779
90.05012745243087,126.29188083928533,77.07309517861351
92.59214498829344,125.8117525315004,27.843561960052742
94.87593909108202,123.6272092425728,31.42698724738317
90.4207276776896,127.31542470168392,88.26621878694327
92.49352446768322,126.41298483425166,45.38156997133324
90.21524050185036,122.50608448277087,58.95621288359564
88.34466909586547,124.20562696504602,19.80349447529896
92.674316832617,124.54312188516572,43.8864956331026
89.15300247218514,124.86933211615042,50.16738635304101
91.98439376644784,123.78433286730258,63.89916809480202
87.64513687063817,124.78151749840552,50.46719810644282
93.37033571422214,125.48019047633656,14.62428045130665
85.57607516034588,124.217648792779,66.10878024036415
92.37741231785382,124.55647311911372,38.52678472938791
92.0122781875334,124.88406759544142,25.68221419151893
91.33102835634686,126.04075468251152,12.048681417206524
91.08869439617,123.17816390676744,13.529677146342175
95.57901645859474,125.92613211009618,32.18054648166283
91.15788527428327,124.5776465031145,57.47154670592854
93.25189261829708,125.45613642596858,46.83633573350949
90.31598010625312,124.56788965996552,11.545936884881394
91.26217767398622,124.8781931165187,25.46877793648263
95.9308470720567,126.43866678740692,20.49908828140147
90.32824883124192,125.44749659837,17.933982751976785
90.28428990305642,125.45432335399369,89.44877783630284
90.1661626169277,124.85155176282204,21.635933921717488
94.47510700614475,127.3738752999693,29.412936579685727
88.34791589207481,126.775502297792,23.286322858200524
87.74423068404076,125.8744298373357,41.30816855426451
90.99026339970447,124.46806765536928,13.93473532756932
94.72137369885246,126.98179968362354,30.98002546609704
92.95541763561734,123.6679771374621,36.44688281619881
88.19315936895198,124.25288866002978,44.4294018857314
93.26318381490636,125.8798423167744,61.86942141945157
89.75569695424132,124.9834427261684,14.625179048927528
91.47732951927614,122.05051242823836,54.79583522912285
87.9148274326124,126.89325268028718,14.310165847218888
92.88142662262187,128.97820656599416,39.79172720427767
96.0414980396294,128.17370174724113,11.675912791777492
94.5236340646846,124.73849230935092,11.439549770837566
92.15536939437776,126.12364403413947,46.825072767799696
88.7782609215637,123.93439466409498,10.11481711589188
90.93012915545404,120.36277377282757,21.40577185359249
91.9041719511352,124.0283915371685,21.277826358815197
94.91474263788037,128.35046288957423,76.73322723112085
90.95853975830562,126.40210723081216,27.06516017629889
95.20228309560044,124.44091767046118,12.805907254370846
86.96103799866819,123.33439461546836,30.425535046934595
90.87547127207569,124.85515632218429,46.50739427905373
89.62761124713538,124.157527894649,10.131184494752391
91.84775748752416,126.14213538556292,15.479959671136273
89.73918749390552,125.75376173091182,47.45300593805999
90.4709678412677,124.94260412987968,111.48378823121624
93.96905297674137,124.97002763422796,20.616887470097943
93.12145499856096,124.36038506557996,13.340181346361078
91.72741370041764,126.99422540750564,55.67357728343442
91.38661756315656,129.5234341490328,11.48156963354626
88.4188273916728,120.76800125193444,104.25731537632343
92.4249044100702,126.8169807889797,30.818493819650516
89.41695465943573,126.62782588291212,17.029271777577875
93.35426637551492,121.66094735024735,61.809485193486935
91.61575024403804,127.51164778977784,66.98328063216572
88.72134203167046,126.12496573384712,17.147489330621873
88.07876709675,126.65006186483204,42.131677704139285
90.93030133830489,125.27151970511068,73.64711617907079
89.54601458137482,122.9630082482346,43.97871335150335
88.5881372858885,128.08513412842507,21.3775807198053
88.25872351278032,124.15266733078656,41.05498188041494
88.25729582956235,121.4882116634342,25.082296617441024
91.39306564758724,125.4311786335074,20.16545478203856
92.32079322792411,124.07747723159952,23.75581945565017
89.22432795289939,124.2015064961692,31.76155263965218
94.48726931828344,124.60758727958216,19.342554016771736
91.50206004965234,124.6862493511061,10.444072170833252
87.5717863161196,123.21909079871487,10.585505550096313
97.60641738613155,125.79260278902495,26.014777164272363
91.9568000494303,123.52410420934284,37.1258016389055
95.52653075077616,123.86842867761683,43.95349639671689
87.52082260698721,123.93678516540938,121.90832753607536
91.10014994340943,123.84431025865662,10.512787601754017
92.9271913495926,124.1520606630741,59.37613924197839
87.29993473339226,123.25884126973348,19.260341930441044
87.05980768547035,124.16880659328336,20.4148364755497
84.90028231254104,126.65768066854754,31.8918782671621
91.3336637834937,125.99944273193402,41.19265259681552
93.82307391705372,121.52042183373796,10.716333502465496
89.86577362709443,125.0302317868849,55.86318072130457
87.53216725827268,124.75826550035684,28.374443585693378
91.1661034719382,124.04869761025924,20.82546909946939
90.00331716436372,122.95128541865076,12.038565719028126
92.34307829693216,122.18264472222864,18.494914255028
92.3751302654004,126.11971034316734,29.262777658469645
90.56579885801844,128.07163459675422,104.9528021319027
93.51779844274448,125.40045750987308,95.79637487056132
90.00471872240865,126.52250047641206,17.661529881957733
89.82022324537171,129.88419798460774,35.9037196808748
89.72161927617667,123.32420908633674,43.63772971201204
90.63558892111202,125.46866288196688,84.84356205888115
92.36135508023057,123.02798605473802,20.296033986713923
88.72393927836252,120.2362406814596,29.045684113896822
90.52471603264944,125.59125386502603,11.926660374222182
91.80937090428088,122.57060993579086,27.80847361030701
89.64606232350205,123.56444129620884,14.325634017703106
88.92925104968782,125.360375130496,44.14745578819769
93.01513922708337,125.242342304031,19.63525529755279
91.06400840968855,124.37776053837956,17.04075424747072
89.97557074219878,125.2874707219275,129.20503309585715
96.04893863038296,125.92540955493044,107.04023064576364
91.07414847790656,126.07930047828027,16.579241405241348
94.7062260958956,124.53569159766298,100.74235954606156
90.17774106889952,124.9321924164376,35.28701087678219
91.10312872271048,121.95352154498472,39.21308810184853
94.87374060207463,126.5022948365236,96.31267107677488
94.8627264787654,123.85372034740462,106.66815083344596
95.6058486206958,124.48634743372072,48.01069836763756
90.8180732212458,125.90086259497926,15.327176313955288
89.8227110802998,124.57543574185078,30.72822835479808
93.1773124836631,126.76771798082297,17.53378839191529
87.17207050155739,125.32857424981404,66.52455105262376
90.44198223648884,125.0193323181372,13.007848691100069
91.22288892036023,123.92776602035714,29.66919263907417
89.96196783925448,122.80811607530116,42.57982800686637
92.00171739725089,125.05132251973768,25.216794528485508
90.85501874311984,120.12454774604196,159.9686822770705
89.93145325523959,124.6989650143686,52.93974640901723
88.95259971261056,127.38241689720896,85.18749978511518
88.60604978928421,123.05722893589588,13.220998561113753
95.4708846617704,125.98322223090864,31.15403675229453
91.04514159406952,124.78266199255437,11.191239811416
88.32610298705328,124.32399137926556,15.779222303749805
89.7862336021588,125.93203362545904,100.1487433760728
89.1562036942743,123.75699397122006,27.21371829445263
90.48660611486758,126.14092179879052,36.0313630358231
90.1457853012436,125.00412486042867,19.959305451961797
93.83948228661698,122.61334670397808,26.31327680492482
91.91097239696174,129.69557731939278,55.47371474654582
92.94827903848908,125.20000485144811,30.647168498421088
97.4398908044065,127.13468858320294,36.83076290721982
93.78674257468214,122.50536086910564,67.93689535871064
90.9146051370114,126.70795891429631,16.960829797393092
91.50277198729115,126.1009245191133,12.214508110090788
88.9826660015359,123.13151913982138,94.79716879850638
89.45646273365446,122.84820131591998,25.79910249404991
89.25989348631998,123.0002680362733,59.96098124985499
90.40207582463871,123.18394101205796,64.20483996642909
89.90617714087193,125.85563503938737,54.23709199177786
90.6899512324309,124.03078392999778,19.95831705821331
87.53016330510307,123.98885482097636,11.685507074694907
91.50765775915411,128.80893011390782,118.44452608836326
92.4501880295979,126.13518577089756,42.634371803817615
93.3919143802656,125.37622643152476,66.60031684111104
85.71606186639174,123.84548403737956,60.91194251890159
90.06177359617665,125.23082451515212,16.012633949249196
88.01152490402056,123.50438770080396,23.90590719900341
91.26904634984604,128.1032488317092,79.66533247531099
93.2303936923335,125.34162149706256,59.30435106188112
87.5167340970929,124.35574146417922,36.79465069899874
94.41384212482744,123.8005765781853,42.45391661238773
90.36231635745716,123.64357915042258,15.49322290938834
91.69110062610298,126.11831358547914,55.51009917922335
95.7239580184066,123.30677112443338,36.29571901440829
91.42334239060258,124.18124386993352,31.63741730635228
92.68467279303756,120.04255848782654,91.05825501301528
91.21153768599378,125.477091443082,62.72184040384245
91.92607036244895,126.60573332311604,28.58107732687828
91.44906006125412,127.54691684150544,69.34792812614715
95.51043526822336,124.6855766319702,16.516357956971
90.48598889665875,123.75708699233724,22.709267324980438
92.33429116390926,128.26337936362177,22.26659908810684
89.03293096222887,123.3627836299182,125.22662866757848
90.4708385838065,122.38247445211948,34.77107739052393
91.5058028879256,124.78579587367128,98.17526591527604
89.42306696169861,126.09310696779438,30.57077623963168
93.05875847907927,125.05359507179136,24.36613497046513
94.71502771421504,123.73699325798508,15.339202838204551
96.81922607074095,124.0141564850186,56.2822215364936
86.51031953224212,122.63839305327988,10.765486028631733
88.9534544849928,124.71010332484416,18.035340431461208
88.2220794226861,124.27544196009477,31.08354006785721
92.28669668560728,125.50762909496191,15.926306804798646
90.50016464419744,125.05909117644524,25.152945805083377
92.20637588471035,125.52025614799253,70.14021131812765
91.62007026988049,123.52237880880446,20.276633215831623
90.1777058001022,124.68024111350712,43.50661737178388
94.43139190256316,123.81718191594608,43.62757002668608
92.3864195460416,123.81875947435336,11.596827521386682
93.95664964561767,126.34641046058336,33.879238221096685
88.47485031597901,124.51525861883708,49.58140311978306
91.95757438493656,126.35246195413944,44.69778361095477
89.8148516163209,121.73475534762886,24.04836378556442
89.55015966639546,123.82470637286272,40.79441982013336
90.74687710676902,125.27366766198556,13.206613661630907
89.2230198147367,124.91685321665754,127.91896399838969
97.52096251344612,122.41367533359632,15.93029382026534
92.9099089298201,125.0328855562118,115.88102755677322
90.74852721664558,123.86122827776263,13.607575754666277
93.85497211082742,127.04793952000604,50.16915647103124
92.2941331000859,126.58472916315388,29.793675756051403
90.59854521236736,125.80917338070434,20.16764693901141
91.498168218804,121.26712691567496,113.76860707918948
89.24827720047114,128.13825512025682,37.76275980828002
88.58151242625907,122.69745340121604,12.403113965798353
91.65769603201818,123.23092827145442,12.897540289624205
93.23199172601504,125.97304450387948,37.417151432764726
92.00518881067411,122.02472040022364,41.36677842469396
90.72640684356416,125.7625528317614,43.812787073384825
91.86332351526056,125.45507891417932,46.78960673350228
91.0814989982958,125.37823546663336,21.25858595452268
90.77322367844,122.22038797793152,97.9735588282769
95.35478797867214,122.17595239866333,15.04647540589291
86.5326072725881,124.46668788441823,44.19351959047533
92.3024862340151,122.16199708349788,10.465438703932447
89.33983718511469,124.91084564801524,64.94026820543326
91.92655107303,128.5328250740912,10.250642383757343
94.16199796379776,121.60338981859178,27.052730704752065
90.18176877187534,124.89557600788628,12.9159998721583
89.88638833847854,125.47613800231656,51.39557658687283
89.873047847629,123.32876086093788,27.07594767163713
92.86202661188604,127.68081267022431,18.980967474859572
91.7811386693607,128.08364678220937,27.096220976000364
92.31667591133667,125.18387703177802,50.26524125935988
91.7141991464259,126.00572804935594,10.415226965767795
89.74558908498275,126.78866132725962,18.565582794510423
95.53563755380698,123.70592319011742,19.47447742807833
90.5576115448412,128.07953770081792,100.7799986990204
93.3512503540288,125.05117352691693,59.056569984645925
90.93341543497004,126.509917000671,38.77466370392735
90.41260748574696,122.81129790120498,50.74654558704506
92.93050378878438,128.98633990316563,50.17286597120202
91.12589614135932,126.64547177175557,32.10977623590146
91.80827900954452,124.3240139822886,12.127443207611112
91.29414237254193,129.39778504719862,36.34449134119245
92.41796659870444,126.61300461060308,19.39424345757592
90.41307136436356,127.1361269267102,39.847619720650655
92.75158655943508,129.59262213650646,92.59799641329217
93.80790608278352,124.89956661506994,62.24509495621455
86.10643853212737,125.20758559999996,20.375573444384067
93.34944577908938,126.41611867293815,10.66470975968408
87.55783963772043,124.85812072098278,20.745113757089165
89.14887099355734,123.20530391491783,30.95270684402888
89.35336689930645,129.17805773599508,30.26486060691924
89.95711130304187,123.07882244085413,53.37378135216404
88.41566025205465,124.5472428430674,25.81226082391975
94.33218208504994,124.4252281817459,19.04274612743696
94.49747428049668,126.08579099411776,15.247128103846569
90.56665277935274,122.41693894419345,12.19299419802015
88.94465511589436,124.8816999923218,42.738917913589965
93.50115788403218,125.5921810587662,74.03356456774586
88.61936668817357,126.39500323230384,60.48053687984223
89.93271448328629,127.51947113966963,31.708541728519805
93.82463979329866,122.29048720189202,33.00728748819532
92.27429392570676,125.47077528524729,21.036229778701117
85.38334022653264,128.2819627212471,83.528531455085
91.8622545294939,125.49303876830766,23.12841421372559
90.66918607594108,123.15899266210852,31.134383673125804
91.64619616824956,126.45755778652912,72.70159332678361
89.2044723174046,124.18691775593608,24.963490007021427
89.34554465579552,126.87640720115292,27.352295417142315
91.01842126830128,125.78827522070696,43.59312436748671
92.14529477023176,125.34931740566496,45.52016361107429
90.75116365945568,122.04254740644444,17.82529093330194
88.89304077849837,126.43176949652188,15.419929568291456
91.73339285577892,122.85908197918066,10.05982366479132
91.25511134713716,126.69402825901282,48.05423235538792
91.47073477619332,124.33674446562758,31.70406923881153
92.57066087977256,127.0672413204004,12.617575045720628
88.60024068117717,124.79712432489376,18.293831594855064
89.5761130150275,125.57404483788058,18.44512839771361
93.0173377071956,122.94414338578515,106.4635528451802
90.7113406607732,121.11548177497632,26.12407820733925
91.5825974410958,122.51961595650572,33.35494381059449
93.85062922297216,125.57862812094233,46.334565050051374
92.22881661610568,127.0608887914079,71.32847959799855
91.20524667857664,124.93114401775026,32.81093885521687
88.2567587291161,124.48042165381928,14.623989168022757
88.23201739279139,125.14508304748904,24.920473889850545
92.37757678983364,127.44277871002724,12.14635934588116
93.33088629840596,127.35452141348723,45.00335788171569
90.07743050970986,124.64142085411028,48.56022177968195
89.03768958582893,123.29631639933768,33.013927386180825
90.62913813049428,123.09923417581318,65.60767409403763
89.03339014848176,122.71425958821014,67.9252713152037
92.6341753363145,126.32919205150743,74.25479994504094
91.67562683517993,125.6343462297092,58.81853551748315
84.73400256100646,124.32467900032285,16.824817858602554
94.34229249012402,126.62920865453356,24.12262589191605
91.33640419460964,126.22267057827736,27.0468755283856
92.54334481110898,123.0979246012364,17.4581228501101
93.7798655033621,125.35859331096836,22.94752176701145
90.6611203912296,123.85061769087348,12.135655187879353
96.67253965938032,123.65465909784986,48.48374433558763
87.46680337945493,123.3158895559986,42.07709405125924
93.67842682358244,124.19092563912568,47.008810822200005
93.28599348490098,124.80292218408415,17.364259258910288
91.3596907704202,124.6435998388617,42.51327284413711
90.14032013699372,125.21901362209746,29.84883728230073
90.8883307465995,126.4405244972468,53.63912967729937
92.88209484765248,124.79464257196383,55.692299260758425
89.929855532484,124.52538654237549,51.799205827211296
93.80658790192912,127.17347100257795,43.36528855882308
90.12103356928628,123.45623158233846,76.33014232544376
87.36557504612132,124.99766349566605,51.5861667661363
90.53548128011732,127.1119159373449,75.9813463059896
92.31861238512242,123.51661642009762,29.269129174500687
88.48669930095627,124.99497105331812,19.480088407899565
88.82400697216146,124.60994601022378,16.77895762695378
93.54366995800753,124.21804688905274,31.221012986758964
92.89217889385598,126.04495879438082,16.244706713327755
89.56375951281909,121.91280211201736,24.476804698294806
93.80976384568524,124.66525015816076,61.75067323364817
88.84547791022679,123.42035769409524,42.32115339570292
88.84547995102885,123.00551995552544,45.36464524607246
88.53670100446526,126.73442146437569,93.94013978053162
92.07187827462104,123.23695053613422,21.769587716075783
87.37711196583624,128.94904004680794,17.40448190612561
90.00556769470387,125.1489578411193,23.78246274159337
97.1422790808802,126.2135210240739,10.949336243839117
94.05951606996936,120.18846680066558,34.44840711566512
90.79276457633492,129.2911386185301,11.192780550416378
94.39993694512664,125.54457006234632,75.70936669611224
92.4321932898324,125.25267451685588,62.36042061826785
89.7879789707379,121.77031113192608,214.17253659667844
91.88495918837047,125.2892518373072,59.29993353194784
90.79289342196827,125.15521567285884,10.680435198476438
91.13707630681078,123.804902802159,35.05381512409738
87.21150503042341,124.29283927262972,21.25293637463249
90.46618010253115,124.28738047392658,41.86916343848999
90.39573429236022,126.60754966216848,53.3626598900473
90.30956226456502,123.8302875408386,39.32449251966898
91.51942559166582,125.1345121281324,11.191491199829942
88.7155366903121,124.6938692565701,64.44217782078701
93.11697291268996,122.3690412640587,38.9901388274188
94.55761726314948,124.17225118671806,150.26506632361156
92.40698663958035,123.82580354569666,52.40752084359099
93.4295924056693,123.8434767373212,24.79106785144326
92.37537343098616,122.7666312418322,17.797161736125233
89.8849844585279,129.62394696577198,37.25353700256494
93.24510727752376,124.67232715645778,22.552192113107893
87.26942443450852,122.7422850639544,17.133857145626898
92.2356248091292,124.17504312916697,172.99738576044447
87.72658257253602,125.32179713670644,41.452601496582886
94.02038390247826,123.2824755971481,47.66852810754364
91.74042898710503,127.25375772275908,36.97992741067054
89.94326666953172,123.88001829124649,11.644711791759024
90.49284821854911,124.78216236046777,28.19611536371356
89.67243503577102,123.30696077434573,43.69818342817395
96.07305411665205,128.141598095221,24.01012963439044
91.25247682392462,123.65174560763944,45.83412334629156
94.62331493945142,124.34932152312548,19.65943716884301
90.82277321924305,124.42174205465857,40.31312462477169
93.78262865574727,123.16013212099112,37.43642627381923
94.1240538006426,121.08746251817388,28.21855345863338
92.61076000374118,125.1939764123247,64.4877892276837
93.26264194065898,126.84872025350288,10.57991512361923
90.60589167089502,123.74864349779568,55.30170631212718
89.61158931867077,124.40482417976348,64.63348112050326
92.70120189200598,123.2285938165678,58.70776866338606
94.14836850791596,125.35248949868613,33.031924608287895
95.02494392473557,125.06345030572528,25.41927741623321
90.75213537336604,126.64618654388504,36.25380178334342
90.28425209238009,123.51546255113566,23.15164492497022
93.11220245876449,127.0414370465008,26.51482060940217
89.24752121997481,126.89782637534944,12.650689896002705
92.97211868282474,126.82291788008504,74.34560635455443
90.5340798317503,123.86118744679064,50.116679757089216
93.65488526888134,124.6985582310241,20.12800723231203
94.73968448843354,123.1600755112739,10.914580523860703
89.19263006243322,126.13935678482106,66.39568213986018
93.37508991165032,124.67004522941718,22.25163851713102
89.81462007794732,127.70490797416608,60.94379659272188
90.28308228814916,125.44261841109356,93.401808033789
90.16100772233018,124.46596455742646,24.613155361630657
91.20152681200148,125.69988040351882,19.38229145198747
90.12440813501291,124.72786030232048,13.1934367597094
90.90805721835476,126.25210756565932,15.49934060181885
89.4495602316766,125.84189050337228,113.03778433552874
90.38375122631015,124.3069086124128,21.84705916150805
93.85120026138117,124.9339386332291,17.090927058245246
93.19521514442845,125.39913312029104,59.668168892691966
89.60534131814424,124.46395695467312,69.99871546110228
89.4496686474317,125.04643306922058,12.59082591517119
96.6851783439612,124.5748756194471,29.880750506120247
95.78556685866955,123.9686835237236,20.80412127783368
88.22063403770558,125.19162875490258,34.86270979843815
92.2289449508006,123.3995456940184,58.85936974519386
90.46317035038656,122.92103639181906,36.07499324609088
92.75734056083218,123.68441052657366,31.12677531184579
89.97294250119695,122.15026635971152,14.667308404340725
93.4964382421783,127.24519062689984,35.61973658694482
85.40382290005118,124.92506648110982,55.024136315200856
87.16076399715983,126.52678086053318,30.16462476819927
89.7973926684931,129.85688884908356,53.12093045641017
89.2305849153545,124.79869366920904,16.560326756866726
87.27548463566025,123.58750197332472,100.75163537315645
89.51600433253178,123.7072616362716,35.16096044120165
92.58427638008456,124.16907419194146,30.17825425943596
89.59378942111108,124.42001168985898,41.04760411667925
90.15465600043284,124.51594413507158,34.13324249748846
95.59180061085628,124.8160408452202,14.567398828631372
89.89981001270417,123.71128569804829,17.404258710085166
90.86661848937835,124.31998875715836,62.41120480310548
93.31051058087456,126.24685169078344,57.94489090651862
86.25668155461538,124.05818373337404,17.473241798453735
92.45918606432537,124.2859854790362,72.16129491212072
90.32424827323516,123.2750492565601,18.61722320476396
89.2597589642419,122.93658578820845,10.01960812942211
92.58808599904118,125.5857339410524,14.947957532098894
92.24466015817276,123.63226698353104,28.392594814752865
94.31306158152664,121.190910071384,86.05051839117782
90.30903901121027,126.0590229792691,37.2579139012272
93.15169515366544,123.6718156556175,54.0184817041832
95.56150039091364,124.78801021277056,22.48417624996925
90.08990384952348,126.27077802943022,38.6454229282214
93.47474626413086,122.97430577440775,82.44095649375797
91.638894627765,122.42601090149184,31.39155977679213
91.00390306460356,122.28179979888488,30.87105189687858
88.59699833467185,126.94265225273152,34.03266152009407
92.6634991266835,125.01951000319816,27.88272494573133
89.34946552808377,123.88364511918364,18.1337394581162
90.76077701153412,124.3912390979176,19.89889351633747
89.24540525613264,124.96572237869718,24.329053352340036
91.4030302922702,126.54615475423066,43.93962452353169
90.64741489842396,126.9278648315062,89.41347257885438
97.39793155316453,124.6798750796646,24.69749835899691
92.67546404518843,121.83694839328076,54.78220420855525
91.82806848927224,122.62234893190444,22.69743721799568
90.460970784081,124.79984592329863,10.916988939178816
94.4783073469936,121.54135233712772,19.25681176603696
91.81217060305144,124.71874275445576,44.04272910043772
91.78819193201296,123.80672896474027,21.461967263944945
90.5659008417969,122.5605154290164,66.53781003724586
96.182068787514,125.177636126222,109.19870455037292
93.75130616975122,124.17380106933622,148.48343396253915
92.61000995494796,121.62832773294602,21.213736530573637
96.7462082786661,123.9532317262544,22.46418442762102
93.30120012356228,124.06160820492164,12.466883501347414
90.85068636708536,125.59375465111334,63.9765386876058
90.03629583362371,124.7127439440808,16.164011360935213
93.45903472628972,125.77547098387186,30.885631570479674
93.0222206576256,125.6150803833628,51.73042087202525
91.71560083011592,124.87480610369714,80.4148535127522
92.56466765598871,122.7462552047036,52.446755743652425
91.67982399746876,124.7772915963337,10.207051732644842
89.36405996531319,126.18719837294628,25.445323578404484
94.53980416379476,124.82186981071462,74.77711933505304
91.7275574891114,123.41242874754968,77.77509418092686
95.0828720412134,125.505083989776,19.508514574311786
90.39833898590318,122.39947159808165,16.344225856336408
93.55325877077388,125.91733327292886,16.123488844567934
90.7300590179508,125.24045806332562,13.83128865249489
87.21464211741583,125.18960516162508,49.832370129616265
96.02906538252938,124.75743830587756,15.388355986549406
90.43553991411676,125.90556549636996,33.73574786618213
94.0366517784932,125.45095195586686,42.24640601415923
92.62710245897838,126.48435895752046,35.083189720672024
91.98172428132008,126.23481711870195,21.871148576550777
88.4541406990607,124.0946631399792,10.32609844129044
93.72636102024312,125.05906685404928,13.30966808139627
91.83779878564344,123.56054447541112,35.80137988956639
90.37768312738204,129.1464277611156,128.22537316712504
89.10508007864397,125.27007561008804,17.250526951485973
91.24822103703023,122.64442091488948,12.088033195642383
91.18854279636382,124.9820922582288,37.10474326378628
94.2642566883776,126.10996219073492,10.989442062656591
85.61254663383588,124.82889091223488,32.79732532564949
94.58624389497366,125.4202915144904,13.26984699030065
91.407581887258,126.52865819483144,93.5717890595186
89.63375576334074,125.23329543520911,61.234722412160586
90.1218233427276,124.83494821130977,133.25429013613604
94.35849185116436,122.76745758669306,22.809188358361418
91.14769306792216,123.99606634760048,11.549838556405147
89.94905217617774,124.78168417249182,11.626250102351964
90.57414954278762,125.19212131600162,38.55522957572315
87.79784749693074,125.37878892150142,61.560204587698514
88.90748062582388,123.543557697655,29.465320502253373
86.71441091010416,128.7856852482171,22.9613163693945
95.39936652299735,125.09340241232836,59.15280053095358
92.01713251048858,124.7347410753274,12.654719851860444
89.52681100355126,123.1934548664709,28.85974786932528
94.91543315910091,126.62389303160388,29.741052593945398
90.04925403354629,124.91418309879948,24.565024428151293
90.49997780378784,123.26361810522732,13.788801478242007
91.18117417242055,127.57791379936774,91.42933314225876
91.48367933803964,124.24499326398318,32.7511959109994
92.86665396015444,124.17104500005011,10.996128145168848
91.89277697410186,125.6497342731388,29.36479795441597
92.2882262621945,125.55062226857146,15.274162223598122
91.55762280660116,125.3800190733012,42.04915116745912
89.5269336647465,123.299583088503,116.37030213289114
88.01795396170138,126.15070762996083,47.63202329574506
94.32847637977316,123.33296523130092,12.127176980089512
90.20698292633485,125.48486633466946,38.46409504924878
93.44525883109682,124.29667025591648,12.397380554023696
89.31045016136387,121.18100423063426,33.99948881260899
91.07423847791064,124.36599302279174,38.38943556910595
93.825843254587,127.62075121963898,12.180609363397934
91.24573560298992,123.8383713014787,11.284570138930436
94.3783040422059,124.9489970307628,26.299579967997595
90.2130369010989,125.7268311864896,105.18698054782008
91.29325043092278,126.97206317264678,17.47099969459851
88.79407825696205,120.84215523497454,91.6815692788619
90.9438275800294,127.95774873399388,40.26981383602048
93.31756265612135,123.97759372616166,51.87796555946963
91.41330385825616,124.55852737983206,26.78251418208223
91.2148922445201,126.2655472864084,49.44673587461909
91.75630794409804,125.7856910201125,62.198618691781135
92.48998581194304,127.17164767214904,33.315208950753856
90.45595197315652,124.56514928501632,24.294681790821656
90.1705644618631,123.58040759495634,83.97456334214077
90.03078213642237,125.19168136281972,65.77783775025944
94.07084300898492,125.8790812560203,111.2196175742543
89.34211806716019,124.26570398687996,49.09952734245056
97.16398963746074,124.59751770563288,22.73054457571422
89.7326104811906,125.86648832272988,59.10890514206027
90.39581474698406,125.01912883631825,25.33538438344946
91.6934534146606,124.37326119961516,10.783223552106197
87.66109703520547,125.00055371504368,37.75455677511837
87.78607624450365,125.0857586277723,42.32073162414435
91.07136733756454,124.20104787485482,44.946943542919016
93.675227502322,125.32924750112288,93.676075167671
88.31543003428385,124.8826012648619,39.245686076621126
93.61553845774831,125.42932175989976,17.55694386706248
95.5650716761818,125.37954211344778,26.196997358178752
93.23827312944957,127.8447521916452,15.238659874238014
87.64498478537791,126.67803674576416,52.47577101621188
92.60748271813208,123.64112973197577,12.636348798988282
91.84226974088918,126.60374964590486,42.51632289395919
93.63678645616125,125.02198100567064,17.98986387603837
94.27267790106444,123.76247864648444,10.71979913946426
90.6298430409243,128.25423329979645,11.5584622934377
90.26905684152943,128.6178585407085,11.205660655925625
91.37777499637694,125.10454511206422,35.5959476305937
93.350889964533,124.28494215527672,10.341006869872547
91.68019344080597,123.55285209459288,11.232723513264023
96.29873865404942,126.01380780627666,25.20921227549683
93.12530744795392,126.83326625717072,19.657407503100416
92.15985082236357,121.28989899471355,80.3783376924148
90.3815499759286,124.88071060159456,24.08676642918144
93.485484803256,126.8860079167062,33.94646968438243
88.24447645735623,124.3188304601618,11.55690230829437
93.4080055939648,124.30904459720573,63.57872712413681
88.67227605459178,124.40855687563008,59.14265424614568
90.36553714355657,126.82964719144924,17.620400712080652
94.27274414694324,127.28644368572331,60.99816676523061
93.3690750837546,125.2195510926427,89.94904039548362
94.3428525788245,120.43946247265347,22.3499713185657
96.26771986219944,126.0460313214392,71.36592136754172
88.34146076854533,124.66380082713472,12.616611899964042
88.05524089639361,128.72878939605968,17.11445781674083
91.9657569053798,122.97956880235682,51.88650328636433
87.81025476278946,123.54380982324784,11.57968506926125
92.51084513971747,126.14103857690432,25.05460461613233
93.06660757746,124.60821421658564,15.01352831229667
91.7728236739137,127.02556013303617,19.36639002095456
90.69942720525202,127.4350043082919,25.750555106616822
92.02735453339864,127.22172115582696,44.15465599465454
94.33538358316213,127.93221195007932,11.750505085641375
92.02684044637392,123.09852551738136,40.77517357114078
88.58606120358561,126.16360096252583,20.58421034763337
95.38712461607209,122.45982505155378,25.895359304590087
91.74838258180522,124.78335334388476,18.254096338551115
92.57926605142625,127.49001564793308,43.375631326037066
88.85203777440948,124.0971431855204,19.467797393004865
90.65777683898736,126.34669973970736,157.11454691702625
93.78304036300284,126.98085067259736,15.095246990938048
90.7042701077944,128.0290000490916,123.5352015132251
91.0727515069123,126.09521630487843,57.36989527185629
85.46112271527963,125.6898529802743,70.32020702904752
91.10833037845808,120.17801050497172,28.91538233354227
88.90915126769035,123.65697170926065,22.027076012549777
89.28764164738293,120.84357105668016,16.751675533071577
85.22234441287945,124.0855122279223,61.17523076679897
91.09554281558414,120.67507428957106,76.19463206455183
92.93877883148711,126.86940641007956,18.751760702414717
89.64843185676554,126.95506144938648,13.255718493219478
94.446560834419,126.4414793153626,14.038709257499312
90.60254034001214,122.73820185193892,26.814259104783314
90.97961172119771,123.94659976413558,53.905803658690026
93.44461225996594,125.53079525931052,45.364195084600574
90.01938163678459,124.89631663438378,39.451302821505735
91.72846365376492,122.28867554280014,17.404415704003267
93.58228440189608,123.191221026535,11.854452619135245
93.83185714069418,127.57095687544884,37.94190017296498
92.36258503070748,126.1897037511647,66.80308460113264
88.73865546526982,122.07760684241478,22.52546172796652
88.77063182323347,125.18830645399744,89.2929755426726
92.58759786704788,125.01505604842023,28.783555406417403
91.5799117869784,126.73940871577952,12.553625790845548
92.03923550157356,127.56180943062176,26.67460374968716
92.13365764592028,124.76099650610884,34.89785718187409
87.91849878414092,126.83047579042416,30.81113218590516
86.6431477149371,124.75526454400269,12.157581533471838
91.63828625348988,125.48677884644484,47.628401077527286
87.6833822885208,124.91782358507648,43.84380374852799
91.71877341560818,123.22930917337855,20.52181277571043
95.85206302016196,125.61647397869544,17.37284942048727
93.10789250601412,125.78580069655074,42.5266033017712
95.45388807949944,123.99997144891206,37.00229065030192
97.47538313740992,127.0851134370738,49.14453418067583
90.72701492666232,125.50110994889252,21.72603364043454
87.60662273048469,124.19966157549736,42.81375677464453
87.00134221314923,125.03409176711214,85.17687687748558
92.11513044221492,126.4176259580424,25.426301177749
88.32974331319402,123.91749629918286,49.16236388231471
95.9083708589721,125.61120255736202,18.81025311000031
92.91980474023592,124.16357689650528,104.84060709321172
90.14320053933731,124.1885547733754,12.666785172727904
92.9715791051555,125.59735805996442,33.88017828260091
93.3557023941658,121.75661197713282,24.76631632783537
94.65553675671458,126.64668605134702,12.993458983147631
91.17217518347331,123.3914301056134,13.049184561502392
92.73518310918172,123.23239556420036,172.57322588463043
90.2132069215678,124.1561187367482,36.21953553340428
91.81184535740314,124.53269196576684,25.46026026863476
91.0017922360418,126.91471919569312,40.022491145053785
90.63484840294144,123.56189438713648,14.12018860255598
91.80104128974588,124.56292667524536,35.91753182883377
92.89640991861232,122.77565681311528,45.46850462631947
89.90613420065702,124.30093719768156,46.180396175346885
88.17533731632564,126.16437583930974,38.96228140971888
95.13229975986026,125.53911487137874,16.197441669952546
92.23803752031984,125.7046980377032,10.78076158990007
85.94366266676595,125.17466770208262,27.557516648711
91.33538247698095,124.80137150104926,16.553850229226327
93.4333398808536,124.38468937407546,109.29681354954931
85.39035261042498,125.98182958874732,13.43017306323246
90.08355373644407,128.48530497550666,36.42508194471824
92.1843796069957,124.97358401295432,33.38563400908978
93.32994433425483,124.30543307421073,11.761526127608873
90.41652834196574,126.71830907031578,36.4268160428165
92.72160359794113,124.352234311272,33.58057264488715
92.56915872538384,122.34134711223965,40.46462032475164
95.07589874287814,121.24429579573273,61.45520529539705
94.24683992871404,125.877747789155,45.06882924702977
93.04682251226568,127.1485873234115,18.72308208344676
94.39983142408605,126.03070791214182,21.03514949314608
91.1830129283765,127.19261648676076,16.319265716323404
88.02159233839437,127.3902273397999,23.32406921458754
92.50680015555444,126.625321646912,82.68811943705707
91.88769808083713,128.94859803248454,53.64070584029307
91.94485978504449,125.70557129470956,22.0749352870471
90.85409517682038,126.76689656371131,52.34883171336192
88.88511145404127,129.30069886906844,25.94512515647985
93.44840297799392,124.00883121362956,18.66564679374264
93.68209303874676,123.28138815735932,24.236701624514023
95.7888051908686,123.45593582470588,11.921335731342952
87.64680399123542,124.05737316600684,22.433901168839824
95.09851650614546,124.64554911815505,28.030140886362776
88.98048553683081,125.90088642638428,25.35999773133764
95.84937730517318,124.9308457605401,13.669984628342046
92.030043703949,126.50139029571696,60.415669330264336
92.24875303635856,125.80302419690275,37.62453395373954
85.8791425937065,127.5472958563292,25.39794684555873
92.1376222189242,121.65673912330472,15.325781552714176
85.48501298251009,123.15966913882436,71.65138110623012
94.26848947812294,123.68928548505572,58.73835593138072
89.37936589997003,123.2922601090492,25.140964207861355
95.24922940225818,120.5919196721227,14.645959048888852
88.44357681977186,127.45952951371645,94.18738779903676
87.47596502362752,125.6582524037842,52.21127783611146
90.76225820757011,126.26270182086444,29.43597367581959
92.6519715287528,123.1781254096692,62.921919728062726
91.75082122537962,127.45914371912264,15.84956910043728
91.41222217175849,125.3016922069884,11.233583624521993
93.4176815326669,125.06365736236852,36.07114003347478
92.9493196621381,125.1234072845615,92.43676539635644
94.30106740275596,120.91624981501089,100.19337636718306
89.76545024303024,123.77391080683606,12.702078707779126
92.96611876373876,125.9630044175773,60.522706863364114
91.0377346719887,126.76705075245454,11.683317153644456
93.60148156034364,125.62130161746124,27.53294567115896
85.79442443078823,123.7652590720033,62.5198175235584
87.39765190251558,123.7163964108451,23.067040652838703
92.81527721326415,127.38961105109064,62.449330722967794
87.5575516166893,126.14748421686588,56.03067478686085
92.10359698211164,126.71096913634376,37.38113957781685
91.18444300080498,125.02383685022905,16.131067020085478
85.7936146522807,123.95850848616728,32.23241772352276
93.511383810244,124.56942960546216,42.94534938784928
92.66770305442756,125.61748811364504,27.49295022795412
94.63213248728748,125.50890017212048,16.78045320200998
90.5248100929034,125.33599549549588,25.21464313437278
88.49448497570482,128.20473424045406,64.81785813967444
93.5525494883482,125.67408534443604,11.92148456465971
90.18545653604112,125.26668437187509,35.59003226272748
87.74211110743285,124.25463005534056,11.351987834800152
89.51630852421998,124.5626874214346,16.147207513330613
90.38825687591456,126.6261158509769,33.378811574177824
90.40390107690934,120.6359156191552,65.38622445327623
92.3456874609164,126.07669901865984,12.409877193958568
89.77174628257775,125.29725827421493,13.947157556843017
84.41126211852502,122.22040577719484,146.70664276685852
92.73162465416496,121.3599158591677,99.2665192173928
87.44587491886841,126.69512132492488,24.444776032810864
96.897099812133,126.10896616608308,10.12588706566955
94.975534559394,124.24673705790136,25.869118081599563
87.07420162242643,128.0657189696275,22.255816025763558
92.40230822118252,124.03639251341446,15.846970873141252
93.53214750699092,127.047259890497,104.2022400899195
90.7183477181563,126.16403391006334,21.366027814722244
88.3449738473376,124.7728620996028,55.756461800138375
92.10275114553755,125.67050180574417,156.84410547503478
88.3484285464981,126.92740201649882,63.26880594677977
95.74650554866793,123.19366145472168,17.63350839258566
92.60796049906976,125.1884571082233,25.81235310734901
89.94903048598307,123.77459404522332,124.80381569393204
90.02015504182835,126.99924617713972,15.98617645871308
89.99168283209441,125.25851399548718,22.20265032804685
96.22249571243358,125.44837094206189,35.9080854334246
90.21886417542368,123.5637668527872,63.6231836170793
86.93577338682768,126.14797681901436,58.91457088100643
91.45370330612089,125.15002481545253,31.99481480222948
93.6622664750629,123.9208769200734,179.87612510816336
87.024271052858,125.83305872137782,14.281828130501257
89.39573238165919,126.22613069445248,15.185519910209592
91.11666868421536,125.46526876977622,153.14657645903537
92.76223749443928,123.65680913279094,26.2586307001052
90.14916030430796,124.45799800709432,37.025858496640026
90.75055448472196,123.90804923542386,15.282712349255329
89.81961720996888,125.8792926651537,29.144991539672784
96.65755382935308,125.8838148289573,35.33912777239541
86.74270587767285,124.98606020283896,55.45284352979363
90.58254086458317,124.6753243171284,14.287791654257012
88.58939309116403,124.14007732055086,19.087242781980702
92.83539652575908,126.71737095879372,31.62837144178932
93.14486462710016,125.74676778545872,20.198097004986536
90.57770170141885,125.7148116845412,49.79645301399172
90.06693811672851,125.2714724271034,29.139861167409038
92.81451174956024,126.70503949099994,25.69532405113801
93.77878945894568,122.85729872772046,69.34228497427813
88.46933863668124,124.29987667842629,76.39836578809013
90.80729730247457,125.24849004934556,37.26048412661015
94.36707273337986,121.80383925160328,26.84638106610321
92.27966796011722,124.3551511360288,83.26971714610181
89.88563784725734,125.14486481511476,16.64352118321884
89.80520943895817,124.83254085606468,36.60134839010912
97.880105540134,124.00271051538128,38.66816430947423
95.0961391304764,127.55744020770912,60.11804389755483
88.33126382467442,124.47631516287124,10.41877337692713
93.9076580676132,125.07896154365072,41.441466948101535
88.1808379162246,123.350732444432,58.082179003027335
91.4477837720224,126.9854513035721,15.009408544334567
92.2830900902876,121.5747413841735,42.63259225306469
91.21690583597103,124.64238081549502,44.09565004065692
95.18562156118128,125.36370277894775,48.20584583393458
91.0302690745014,121.1863541284161,30.79791117192738
88.4752875632009,127.1537256402948,21.245081238758367
88.88406193800037,125.91619852487666,25.86371251095031
89.13328619344163,125.4126740951846,20.84569505524248
89.43539993354146,124.48187681647248,14.202607519060347
90.84289071620356,124.7985560938056,43.41563320142599
91.6653829947525,124.60418587016191,35.67425938002795
95.15273867681114,125.92094618910475,21.22726776940157
95.20492800681494,123.87152926673048,26.73052237535294
94.95392781418496,129.97154973536146,51.0200265043664
92.35601332677838,125.4820858596163,25.59222542849026
92.09366831555413,124.55868424524226,55.88931830099639
93.59994117085029,123.89379598621696,78.18941672416533
92.47626379103032,123.43156016485274,24.1806861327372
93.99970538701814,124.9544676132144,11.933958187497598
91.36566180067965,124.75682519320944,22.08681072097797
94.0176665885428,124.64805564872624,30.82919461473682
92.77913038845271,124.7389713738702,101.33932736544725
88.18951272834985,125.28124296137824,71.91723971576621
93.69479660290834,126.57780921236252,11.653801868670737
88.64952066713464,123.5117335649556,47.9185842710945
86.05337938244261,127.61793020875189,29.357906542662494
93.55801533908635,127.37398577316132,15.527732085681974
89.86977226428229,123.57144041044378,16.291860248900065
91.55011640886975,122.33174815563886,31.46875618188944
90.63993700067796,124.63735433208146,28.535533419894747
93.46546313369366,120.00873449477857,47.0730718821133
91.87608466487292,126.21930290214176,64.7633090698697
86.39937088086263,125.18274379224025,45.82306697329592
89.86816770093482,127.92127551047746,48.77009106070883
90.65368961390595,125.88393983697324,25.71621317469375
89.69440577583163,120.00375467729476,11.450403977572956
93.62502695972002,125.72206758940531,107.64800967712216
94.95648786858058,123.62921025834282,95.44949670552036
89.72316337446388,128.8961183661724,54.81709496443816
90.74864444018787,128.2800361340043,33.57480892974273
92.52967714112329,129.0594828675426,23.257291576902997
89.88217445648458,124.9083744332116,22.65202483442381
86.64017043065327,126.2483623829598,32.05308435366017
90.83516160418311,123.79744218780652,31.263534543286184
88.31043271287251,122.70480126840924,12.285835835166726
95.43447577669164,125.4033248645841,26.455421505907605
88.4979758415304,124.22621882898991,16.53395982545598
89.33672580209527,124.47766332746612,18.89753574595972
90.15898619233742,126.32750818014,37.19393372886799
94.36304170869028,124.30292860780456,27.14181602190558
91.02708904894912,124.78001527163671,86.032261513329
88.1637697240743,129.2236290092451,11.68862625004096
91.58955599716256,126.0273861241782,13.847398349977391
95.0622269704218,123.72814391083016,13.805720166679867
92.29194937713216,127.31870806769275,22.86962390303205
89.85548083917098,126.42436220284009,24.091706422969157
93.2257979765387,123.1948694839834,39.13275441629095
89.33330488450603,122.9397314832179,13.516367419580511
92.07630874012987,124.6478947445827,11.08717008734476
90.47201878054103,126.2082708658724,165.17858639174204
91.4207701901588,129.15800923106497,11.192110198366535
90.7276219179833,125.07870506597985,27.619507229092065
93.09868294055596,126.25711439804786,31.33286293654927
84.9415045027965,124.4409041989502,69.29478614614197
92.73236309642648,124.0026944183213,144.86403481353358
92.22306220141532,126.03982147940016,29.80484184287126
87.14494068507844,126.20598825965536,155.3624215796158
89.32701189625898,126.4902495370494,13.073173406385912
92.02578328478582,124.4847485808061,46.76324824232468
87.60349039133469,124.6473855854456,18.02675437953005
88.45300907125308,124.77903889826888,61.25608738313134
86.36111031285208,124.16242546740084,18.27913596821866
88.38811923961774,124.4956572520237,24.18985323444473
92.91785918897584,123.62776269467192,80.71092126205764
92.52008958447848,128.29654517741074,30.374782313896244
90.87433051189151,125.07377762541186,101.98649587224756
89.13630125115,124.66018500378584,20.59971456714011
90.45028327731843,125.29000911181502,20.61748549192511
98.31414856153764,127.51783282773306,21.58758345046158
91.74109199717486,123.53038542724155,15.384095162101332
91.09807776337357,125.46607807829808,12.194404394839404
91.1838036273596,125.15907800779831,68.90748436462661
90.01858676954627,125.24221257367662,67.7127254671961
89.84529714998565,123.5785216154451,10.399512792291231
93.27825375858626,125.88625830752378,31.50970270652673
94.0576722516075,126.92612688522854,81.9735856046441
91.95140340528704,126.8573684154949,75.72899043762115
89.46416971706684,127.1737866650162,16.66505901990754
84.97278783033245,124.8929561628269,20.02997624197065
96.99963143986832,123.52577129346464,24.19885991673036
91.5653612961492,121.7874951470431,24.99264744417389
89.2388351780075,127.00239365178211,15.226307756160724
85.45410021955621,124.41146556534244,45.25637756640634
93.1659283067,122.905342431439,30.995797656734297
92.05842730519862,124.17681156667352,57.75391707343345
93.22453730926892,125.67101861867182,41.11431558483668
95.6713843521282,122.15878624853931,26.008323877702384
96.05784698889929,126.16304585610057,103.4689167480742
88.76873627939061,123.219003159789,102.13476465244426
91.43927417021892,122.65651430572838,11.32169500157267
92.92710489307156,124.48092010378272,15.920434445864435
89.0676853706219,124.85157324982472,24.93816022220929
92.4765059589734,121.01678451048156,98.5685179574146
88.66222359996873,123.36773135028037,13.451638539157878
92.14039183998251,124.93233248451294,129.30897207346064
90.02003046466922,124.04134364825588,54.78093446668776
88.22654304344965,126.20787438339484,39.6391511638623
91.85490192914376,124.8646468248024,93.44967815723176
93.09348076104872,126.98391239857357,84.90231303119987
88.95926950936672,125.4119116099756,39.459573659567056
88.19682429393686,125.81290774599174,12.146070308212895
88.7819053185019,124.05666754706102,22.229531751807286
92.35647887201168,126.50138926135634,60.52224484169512
89.20221191868926,123.43195798568144,14.25619575573974
95.28249669014096,128.0029976299802,16.570370294768075
91.16442633350115,125.97505779416232,40.883368891022286
92.03562191626014,127.48287899190284,62.11773827325854
88.47118457244106,124.00333556191684,15.959332908603432
97.48389024966475,124.42585553599704,18.264851744168592
89.32338073690617,127.59088095367092,12.520393780201507
89.70260081423937,125.6742869341568,14.775614033300416
89.55032515592508,123.73891430788466,12.82139287869003
97.23725495369906,123.2330477863746,10.18196201777162
89.25937370738937,126.0929306278506,29.84132969535476
95.75367596809993,124.29249620544456,15.291182500372166
88.89480845453437,124.28030655038349,50.59346069470624
92.71829700459374,127.12214210765372,16.524463240928846
87.11507581973439,122.80398367106405,84.48336186414306
92.43140574672417,126.28219525497798,23.96038300998245
89.58685783170435,123.41401129577926,52.79145606679618
93.03308931209531,123.81411055498484,50.17405367117512
94.1692362141077,121.8380960282899,37.296532081749305
87.54965483072966,124.8157878018995,18.914308447887606
91.49578420755677,126.8863330207144,28.766693464720817
91.312027776789,121.76249966660532,17.723454043901583
95.31538082404984,123.63386226372536,26.53745801686781
84.75516436014024,127.11572483581092,22.56255663674742
87.93401793129317,122.91593000489634,27.655639413403264
93.72757210643314,124.58665110656165,22.99973224271138
94.23916753894471,126.58973764770133,35.246317214891775
92.5634650534318,123.63400872642032,60.1085725120147
92.00473280185211,123.44205452941712,27.05863887649388
92.70433589916736,123.67071607002408,23.541597094939775
90.22760372446427,124.0012664531549,57.38692820808205
94.47707140484604,127.51566756539798,65.93757982354893
97.11627842506178,127.5583576299171,25.07844959753623
89.384702939002,124.53203914874322,11.57872409778051
93.39381969108504,124.55637519310766,51.464666239139966
91.35504102288698,126.29655789675618,23.247496877579284
91.0702041365662,126.33261664731468,16.189323303798865
95.22254710243767,125.96800565164108,51.42233871302194
88.9667803975392,126.7364098123894,29.76824192338844
93.17714234106948,122.3776535868316,104.49087190511555
91.51015846868202,126.32866484561956,32.33633063630812
87.75663898116856,124.75368240366156,18.717503420990543
89.50226880757056,127.90517377725868,11.201701486632771
91.67695407427792,124.49833018258326,42.65784281738989
91.86842302324474,125.13637300318122,64.80911059038908
88.98272509146682,124.7777703976062,14.986756033257006
92.90481499033856,125.15417938028332,49.07144148338983
91.2733526532726,127.02322893997788,37.50758364183733
94.71591296577049,123.66475481332913,49.41927677389403
89.22787404531924,123.09715410911984,37.28782449820377
95.04365283150422,127.4457417215832,25.008220660750247
91.84314768190104,125.78087002468752,22.46566268587116
90.09850541883264,126.8112577841252,71.12589161781466
87.82828845431445,123.17101387451665,12.767881064779848
90.3868198215444,125.67405183757208,66.4270923887604
87.69356544441459,125.13944533754646,32.993981245221875
88.27377940636008,123.6681235772729,16.562856207861184
89.79205256600041,123.56974130541056,68.5440992278192
90.89939328257276,124.39608908095164,42.98184811700967
93.19106934424994,123.96360309464583,101.80499721593044
95.75887555424045,125.47187023530874,48.84810692506703
89.48867486460472,123.67307182751512,13.87945445052656
91.74168738496073,123.83102752668977,34.93206906852568
91.40451499200168,124.34631412290602,37.53249364741749
89.37748404350488,125.3761242906688,15.454842249873089
86.81655194986327,126.40218660896316,24.32837050002287
89.72569316552905,125.77817358315384,115.01614619585388
90.47059364142368,122.30466332459014,86.76451122490677
92.37938253209296,124.21324979656583,36.87383924152206
89.30672165129741,126.03554510726768,16.396664292332282
87.31851863864317,129.10932335070663,30.18774324080186
93.37983724957353,121.18736121917712,32.56505116106088
90.37996342775456,121.87100465687516,22.213908532665467
89.54166129981171,126.65538647685932,31.97614926787196
85.34146862536048,125.16759535637428,27.272490572902203
94.30016911435354,125.66569276239312,19.72018144526429
91.95562158122108,123.7159414135381,34.50498297375565
94.32820502155931,126.53126879716572,22.785451784419703
90.0024091841222,125.73517282365437,30.937063218154496
91.58525115527893,125.07566384370004,21.91972976225372
91.6297679500874,126.66978058924272,29.31751374006345
92.42250894865178,124.92667875260511,22.29880863135252
88.82606532106468,123.57569191292652,50.48887436025902
94.98526100194113,124.69670382372756,29.90869918478557
87.13192251019184,124.56001063302688,31.894984210745484
90.1320468751278,123.73484842538878,38.57201572578451
85.74522380175539,122.02488598917968,18.09957860223878
91.15020954352748,123.33105581717078,13.366866588426644
89.03460836335711,125.690191842622,64.50724544414575
86.20041829294459,125.56587620667288,31.09055938145048
93.0342388519689,124.2037768380003,35.797873369424
89.27380787852292,124.26590019876976,13.80809649189936
88.16442602973152,125.34896179643098,11.625575334308788
91.67305095757524,123.66239494371504,63.90269749845436
94.40412522093878,126.79199544724396,26.430529970836613
91.58191180162402,127.31468741452224,11.222239075895466
93.40833980411897,124.08950311955232,27.884889216254155
88.45707701768494,125.01178555028535,21.37345329206626
94.85394037891572,125.34388247327718,13.143975825944764
91.18553219695671,122.822898886754,111.68485162658772
93.67814826998072,122.82776378169636,70.09021903956483
93.23407154086613,126.235207392587,46.20587900026291
92.2850650489232,126.79814467158482,28.24486086856902
91.92137037478716,125.11004990072362,52.536840237212
89.64635789509632,126.62415050598187,19.935160165934978
94.1603569333314,125.71135941104856,21.483511134669968
96.2417652784093,125.06162107484856,67.32610577660361
91.58250766796922,125.35975812868352,34.5761546729633
93.11125109192508,124.65958987113252,13.146809191175295
92.98278005674749,122.72539768483968,25.64732336880641
85.8912255114907,124.833717095452,81.84972907777906
91.9822106613114,128.29706581799138,52.86354080720343
90.61251553097011,124.90867395692618,52.37312457847659
90.45822514637987,124.09170398635304,38.76201323165312
94.58147443512922,126.42842382582104,28.964779612704906
92.71739585846105,123.18376170850514,16.82715803511455
89.40791512369881,125.97803534297935,53.96806747594876
88.15157428536911,124.5250992348652,35.00097666002583
90.78396808849874,129.59281646080385,60.89160944666738
87.34385354377523,120.00476974634684,33.18929896579151
89.83331319952721,125.88914089792335,63.08218494705273
88.54737684104175,125.00011430074667,51.76011699051769
89.7216768201966,125.33485756794832,95.07704894928402
92.3216558100342,125.45735665482648,23.548598221459315
90.41602789633184,124.39434152509072,93.50641927635635
93.17033706079096,125.51851123452349,53.4854988063027
92.48963264579292,124.34673078272228,50.24491370210375
89.98949726963028,126.21687165151288,11.977610062214705
88.61799143780875,125.2158744997358,132.14266224035916
91.700391871927,123.40391654980304,47.94101470915831
92.600739065409,124.9485859540478,122.67319816682392
87.64015107848091,121.4114669801012,52.34125626704776
89.02933663620938,122.63943519657604,38.11098433214664
89.67212026677441,124.57389769527224,27.640569814400852
94.14111108850352,126.34479058496736,20.69722264816221
96.50393729784246,124.2371692951238,11.773138346091606
87.9673923454941,123.98489176894309,74.71390195116774
92.23456650613498,125.56366559442166,42.78539671665917
95.99765191163984,126.31610246279536,31.07395099552186
93.87307391779494,125.42451497048812,45.302415649090335
90.80177261924824,123.4641713219591,11.17472882687852
93.43602691826116,122.3708304342229,26.37993753868557
90.56010781009188,126.81694719005358,69.93391485898005
90.33322483562618,126.18144480212248,29.336903412695087
94.2711737356507,120.01296112301694,12.606732784440563
90.9021476846522,124.35129917697957,29.650115706485323
90.34012788951492,126.47878507536528,33.93638715009989
87.31832671132285,125.57328022245802,26.195497433777295
93.36597281913473,123.77109829424217,73.05046847318853
92.90529513845377,126.96169816321677,117.10123068135891
93.8152367085048,125.76053243905064,68.52781594141686
92.11375670302048,124.38734749876826,16.420920862301188
91.6103696802686,123.8077671584684,22.136791985488912
93.28900212340082,122.33706437503228,142.99726353226947
89.19587998870061,125.03486428102912,76.53080407605304
89.65457994288361,128.65480163454373,10.66266655056186
92.28493015104983,125.06286747477432,55.90515015770599
96.37756058071942,122.77829550239748,10.317066367049362
88.3742929605238,127.13772680619854,53.05066250872831
91.4384761356603,129.6871859110047,27.01341066769282
92.2325134201166,124.08163576600164,29.44426184032661
92.29216498860173,128.453453860666,75.52394456539909
91.35280463261418,123.165056956705,108.15129253735088
92.39047618225884,123.90966993541365,19.80076777564578
94.52459978366522,120.93494641905886,105.73189122828224
92.1310588596575,124.91626403692788,14.623021088834037
89.80969169899606,124.0137084102285,19.961571791861573
92.15451203754763,120.90131410611716,25.574232415130343
90.0241562314562,123.73418516908951,211.58692484571316
90.80592569844852,129.71212369144047,35.92104157845731
89.3984956583102,127.95803763241702,31.4286811785775
90.41733409159453,127.46288055385568,18.98423626797262
92.98421227665176,124.5317610494404,21.413977143303427
91.60465351224222,126.93828441664697,22.233556981672947
89.30450169893527,123.43254193935115,35.37873829383567
91.8898447289856,129.70750749655883,82.10380088792787
90.07207532547191,120.3182575672112,10.18609064985819
90.95498748120704,124.74868586410088,59.93006298600572
88.46432223328964,126.38838653875077,98.90931154847904
91.79781295390738,124.71363040581905,107.13128926845482
94.27178506097589,126.12899634649077,18.93730600665477
96.5508275788842,123.80249735006645,45.41832605931914
87.7664960925232,122.74009505922255,171.59160005491148
89.70007925341767,121.10828358252624,123.76933917034208
88.78248364082609,121.25681105192564,67.58448267663576
90.88183180476368,125.972065278163,45.62036748931311
94.40377482926314,124.660799279529,31.718525073577684
88.46790829562283,125.17483156755752,38.35163844956622
92.68514615016424,125.12025773372056,24.560380784291
88.05959346481856,126.28724951937774,55.6675225920528
92.51423069967416,127.33639081644922,29.85951710162469
93.08803671798348,125.90874900737988,35.77526687481754
89.15772657290081,124.56091092761258,59.81858013187258
92.2381186784258,128.45519579796203,17.622892338853116
92.00597226853472,127.58534321282266,19.067601444808712
91.1511105986153,129.78378256374117,10.273857216659696
99.1527086676392,125.42562179866904,31.46754015601725
95.42270965348172,125.63495291965724,27.691617995111148
91.8485568107382,125.43825416820265,112.30882209720484
93.1315178927092,124.57162558910665,35.402882984673774
90.61366550430829,125.948347493792,69.72788584991586
95.03625394754776,124.66346963561442,35.26379009302427
89.4678586041865,123.7156734743522,70.74397076073124
92.42613828916394,125.48072485750647,12.910182573431555
92.06615227189369,126.68720636028276,70.5357625677646
88.65283789133866,127.33046092916469,112.09678793520897
92.15131085236412,125.12489621963186,18.5358771586535
90.24851018069609,126.58352397351727,77.77305266140935
87.67458269837104,125.934492052663,32.40238951456614
95.7139935467972,121.35908163330204,19.584451538697778
88.0427262324732,124.84336025966752,16.405374323289855
93.15339631644608,122.72869474888124,120.5517303645666
89.02447432986828,125.60924062045105,35.77924012552251
90.14729627278128,126.36813950410486,18.29638033320325
91.7139011050725,124.2580367392914,43.89122809141864
89.6306730663414,123.0000733326072,17.108523922583874
92.55973687234186,125.2653428373097,17.361212385475934
89.57914175668702,124.9994525913844,14.308426588581485
95.89973511841296,123.76663064662392,12.263230945717693
91.50576553228495,126.21109413442512,16.66032903546923
89.19877572717374,125.42389233855369,17.206511366779978
90.38589500271178,125.58202564188925,24.87404297061181
91.32425332392464,126.0397142293307,19.30987987307087
89.1519240132556,126.07384585939312,55.115590517689306
93.30564892860394,127.179764973634,23.37340886463701
91.16384487074023,120.97339249376846,21.25539019356285
89.00964237200859,125.26893783855856,45.46414166024415
93.738583652586,121.15254805062224,20.876247973472537
89.5322113669321,125.24972674113508,60.07993947682406
94.35509573019156,124.34281763991352,20.44066436414163
89.59468606757308,125.21498771575232,27.735395898087933
93.3096220792976,126.4935451857361,17.653001331954265
90.21915739924238,124.83539376408837,35.19855043157046
95.9434577989899,125.4996797364945,29.29843723716318
91.32595934502444,126.2977841041292,35.976014415912175
93.28424734814052,127.10750367029834,35.27065179417556
90.9165056994859,124.33335125830268,31.940917595868186
87.28841785860088,125.6850632228836,11.575626894181765
94.57563047188587,125.877119736261,21.142141914274447
91.67615019074692,127.58987955671908,18.95653354002856
92.88155991781124,127.94371614883454,54.86684218273012
92.18233850098744,121.19101762171216,59.50113046647727
88.52458473092685,124.50309748179762,13.629994809864735
93.1613895400384,128.19684137912725,40.97698101955928
97.41517441135136,126.4353441332338,35.836567390197786
86.92847046368475,126.31758950030766,28.3948038628197
90.10446896476174,126.30210856847386,32.56827929306921
89.827313027484,123.99849177387254,27.128661365799253
91.20845949046615,128.7911358017607,33.65196557624965
89.6404277979661,127.01561516702736,57.54404737381701
91.5312899901446,125.90461920559385,15.350643237392797
93.81641675720064,123.59714992036209,13.304930647582758
88.27001001887848,124.25037805084388,14.717706871295436
90.78548489666888,125.68802341706646,72.89825651091749
92.45134987681368,124.49811805810248,70.74850794090042
94.75781057816874,127.08318410920896,62.8402606623338
91.54369662161228,126.3253794067249,19.03510042453941
91.02520361725726,125.46094227251656,95.932060687327
93.79942174130154,126.92223809793468,47.17261487728351
91.08332335680548,120.93628085860188,13.580508549782158
92.7876619671835,123.8860177556841,49.94514190801997
93.36291430571396,124.6669982820666,19.651600653598397
95.76044842395436,124.81815140518692,19.177478290184187
91.29585367294736,126.09843581987178,19.81891348450361
92.38984746643864,124.53200986079229,90.067303008132
89.00167280315713,121.10333145728384,10.748594838473949
90.6254747706535,126.09329583855416,45.78989671726352
89.21257289405085,125.95665738415278,48.7651528483952
91.5091754698496,125.07075932629074,12.025143727198412
86.42832225765288,121.78066742940467,82.85076631395503
86.97176415137568,123.658106133813,27.348019226409907
93.67564680554553,124.86677514607204,11.223034044852158
88.25259779167718,124.41146994590748,23.496313514539587
91.68771470665084,125.21140563551398,62.52837008681727
92.43632741640376,126.01393993507114,46.269470079611885
90.39216025575918,124.99691629054612,26.70057574197361
93.22609127784496,125.76425003922904,89.16504444674199
91.2578053867533,124.98004501854992,29.495008420540152
94.03752328431656,126.77242122385351,44.41943219739273
88.92317459075727,125.8893373637249,42.56189435374297
90.64910456917912,125.36899430044566,47.69192958450222
91.83966540478788,123.50916981478822,14.014556653135909
90.53460577914504,125.21978214713135,41.97070404398948
90.53338507096224,123.1359957825742,12.40277971539033
93.20899539501973,125.9119918606176,18.41742258260026
90.88104925645489,124.73270779254852,18.35889425365331
91.66445867851012,126.48153278033746,13.22350639799176
92.16333995449588,126.21942514665687,52.81785371185475
89.56794473078261,124.37185060249487,52.3972108909257
89.17852302192985,125.08394603685646,36.19945726964861
87.3926996110669,122.25209415448168,65.04279834532804
90.79653671614513,120.52935187195897,10.529593522474965
91.8859600836928,123.42188125543196,19.61495628602588
89.74448969299932,124.75055229182006,49.86664472431868
88.44500500521083,125.50112872243812,36.07906562196598
87.91166413723563,123.033772119609,50.60716410036997
90.59283948272736,126.35882973134932,43.73921855304647
92.4975363886231,125.464818684334,16.915695978428044
93.14375333740747,126.19112266838334,43.82848303559954
90.21778213915634,127.28655513328091,68.68489846344116
93.2916514241285,124.44863294116024,108.68907688212408
91.20071429462362,125.52906926918818,13.349754033998128
92.3946044542355,127.2938384036254,60.275501075944746
93.71899555332617,125.21425856457068,35.93632514746346
91.5023136817095,125.04230204907752,55.62387317960883
91.12786395816464,123.5317421703928,46.44871008406067
89.50399068282941,127.55784593699146,11.735671998397894
89.72904127708667,127.19003109494612,67.0846376529611
89.68142765654534,126.6345489068726,30.458551194944576
93.42661323496202,125.27719803314898,83.89492421612421
91.14235372233033,124.0065014811048,14.672960219855876
88.87499938010174,124.41982674742472,82.83938609068014
94.1047771604204,126.18191303606204,14.756318986383118
88.96243222850296,125.76364354426426,17.95332769241387
92.603408483325,124.59095619512092,52.17379194171599
82.7554848297591,126.26290873336568,25.599607634324904
92.1624264812204,124.76230290550816,134.223212367755
91.77613293907103,126.92762023349216,20.4789482013475
89.92993302662931,127.07847260397212,23.13414267878369
92.25205788657344,124.34189477367936,43.88637911321068
86.51477862066875,123.78735059248824,20.86075031131514
94.5674544186634,122.86356019207422,14.659920094267116
93.21281683833826,127.52887810871016,26.494455183753736
90.42344696047576,121.81026039306806,40.93665276681317
94.11384064409228,125.08352940229553,13.081255662736147
94.92351370459028,124.06463178852302,15.476196234106524
93.3667727687458,125.47096461638296,87.20481714261018
94.89392518223796,127.13178304084286,61.690169255696205
89.26331481587702,124.9942313121712,43.914632393386206
90.84536430378913,125.55451757976029,39.72509598144091
91.32721155627104,123.61626255010655,11.193626541071296
89.10130172348158,122.81827245558468,76.48503506369647
92.29637216741476,124.17440596410869,63.58364925689909
92.29523254314188,124.23773765215438,15.360030558584604
94.78273000087442,124.76064359842708,55.519343518340165
89.97140790964858,126.75080656685708,82.30381430899573
93.24643967660484,126.45096021504196,24.478488005210885
91.37673880326211,124.19336277101178,94.78012002758484
92.0488038438276,123.81456149746698,72.32178516872952
88.79599067592699,124.98938614972298,19.35913093789855
92.21756202349437,122.26603154230146,82.98362787229635
92.67876454750026,125.3166421270203,48.30218300655177
90.64701623511787,122.98480274714063,18.91792911666305
91.15451293498263,126.1180508964372,61.948772236830166
98.99948560959751,127.05571973397906,41.69082763316584
90.717953963104,123.01789778284218,19.24351323055229
92.75744638858288,128.16977678756822,42.61769124182972
91.78301484156876,124.9881845962606,20.67553527714017
90.69510553310532,122.93153048700024,13.165982498237868
85.30073255565226,125.3468844585624,19.51199177209237
88.29720898294458,123.34044980102236,12.77651963979926
91.16371926164165,125.66380394596214,26.14389781893739
93.37556264431592,124.8359006847042,15.465033544425866
91.43798210486972,127.2466720940898,61.58578915113588
91.9581489080353,121.02845691235842,11.748759976323532
93.18970988292826,125.32017466899268,30.599654663309487
92.35680938759116,124.885471607635,27.71157867644603
89.86231338454498,123.4887715047074,49.48880650932276
94.30496809067677,126.74926394822536,40.425555355027946
92.46214545493235,123.91166191565112,12.19960043694137
91.50054958470386,127.05888548716716,39.8290828833229
90.99898073035898,125.9035196201312,14.675485189547544
95.53967379320116,128.3582926939309,18.094278879246268
87.95026867672468,124.30951371166536,67.23155857875369
87.63690315277489,125.7638133176558,69.80664095454244
89.38117513106837,128.1224962176675,53.11010388528969
93.71548069584702,122.28130829683738,14.660207050669635
91.11173930347668,126.23499328373389,10.259690830331618
85.11755007402994,122.89944406171738,28.230830312537176
88.59207190573649,125.87503631355028,10.224733869751716
83.38853349285561,126.42874075576329,26.481101191979445
89.51553971341205,123.53450814706667,47.98269830937253
89.30852043735436,126.0445947777838,17.958796100204836
92.4707389515322,123.59033435958456,60.32218998578571
93.48141416492842,124.81197130938666,17.10066246986679
93.34952898195606,123.9920353332316,18.10392897914801
89.97247157299438,124.51469871912006,18.964330264383683
89.4845799461287,125.2881247031272,70.52480273719438
93.3982527805116,129.69346075967815,27.830863388944387
93.62154237676928,121.61149138224869,30.077072255323387
91.10951783468956,123.13139738853414,84.5793778676829
92.51668142807944,126.91426539531972,58.40610402128978
93.44093534063856,125.26185710762736,48.04992862237368
89.28989324286309,124.2238485245026,30.339898881179938
92.42880563492103,124.17264490039727,39.953050156157694
91.10652768331065,120.82439002855185,14.15651158352914
91.89048988693013,124.03234041679104,24.139553309445823
89.25493789131923,126.88309258990998,39.261646007360525
92.4807749183324,124.92240437411184,27.765094246484363
93.58937618489624,126.27269425165404,25.643062824378035
89.27922863927829,123.4529808731832,88.34896673418986
91.55511568913404,125.498183346151,47.17989848168232
92.80636529247808,124.53134608160228,135.15471468348554
94.18080907857276,126.85512477975414,42.935035159143446
89.24460436411432,125.90892411006776,15.763339175671248
93.57573854710635,125.89240409186507,41.326307137965706
87.8446694696145,123.4769913198832,18.449189443229795
88.06211540207875,124.1639972106778,47.92882107150394
94.50324056733626,123.58513322418764,38.59638057590503
91.14151768440058,124.21251756257028,76.89930923839789
88.06011280514728,125.30063447463094,22.055314646755573
95.86177258113078,126.39504497397272,18.56203944596946
90.718087013799,124.8990083150092,142.72038436131675
90.65318024694652,123.68044318812328,49.57171320975361
91.27831010086103,124.51569406056772,18.19356618348556
90.56218932837356,125.64081389488824,18.00992701002938
95.30413424387253,127.42445398263987,73.45655272799863
91.16379497779776,124.92370246538007,111.09953654218492
91.64496516895495,128.9219526448025,22.53692960383507
87.90886873180496,126.4991046026733,10.213512376179535
94.7991384099794,120.78223724271672,44.20653973719187
90.2208314035869,126.45239441374184,62.36458479021527
88.4498319062156,125.5713889493754,56.83132765895835
85.57829298891355,124.33975014506264,38.73610511064776
90.01953214572221,124.9739862047018,21.08489177836173
87.35902640683199,126.94140537467146,54.05526714427887
91.52325458185828,124.1563864484788,98.21059365347374
85.7356464739103,124.2780877445016,25.64965748915194
92.26648696156174,120.51946088240176,54.33072294280159
88.6436633432785,123.2889286309048,57.00726413686459
87.4466057513799,124.99849037734018,101.25961898537028
88.84667566513657,123.68235408732964,35.72597465781834
90.22728459281258,126.24974623302832,10.51344264297983
91.27392672721588,125.59803114671008,106.84262463437452
96.1776728685851,125.2060730724504,14.631689596692858
90.78313927783034,127.33357018910152,42.89368339382783
92.2971529503622,124.92903066983928,61.89016630547507
93.11398397790708,123.11001588405152,14.853751215867728
90.1102129175607,125.69575085654144,41.34563059381371
93.33116373060976,125.50284702169004,71.7643690612573
89.80487368129182,128.30736640738485,38.48892971263915
91.21360221947046,125.65320291479686,15.130906149552004
90.39306975185004,126.8345309997771,12.27076523528098
93.3856350540115,127.51280919115024,58.84233461573673
91.57253716550196,127.73064169585447,61.08314355082565
93.08394138325087,124.96537976409608,30.906797511256748
92.87482128854025,127.412858847588,28.206711030492297
89.95802395101866,122.49671367434972,52.00882980070048
87.41769565645998,124.27328503936202,33.706108133477244
83.38909637071525,124.31393976021904,12.811955832888115
89.4417222702218,125.5028450983337,13.135415056442843
90.60757772965924,126.85609633680482,19.142628383890354
92.51122640290768,123.08149400537408,18.063161363942086
90.55713458241728,122.85888720137272,14.06778144075527
91.47924304059764,123.08153405944086,26.734469680750525
88.43321294932343,125.97290030537594,13.354657712442748
91.99548131304452,120.78226720749002,31.165087134881915
84.44575909349362,126.68623211364282,60.561243422627605
89.46094011752807,124.6334045365842,31.6166530927187
94.53329360634568,123.68745792461428,100.03997191733404
88.63778646478669,123.3854795437928,25.035690695648885
93.71258383951978,126.83169570153892,66.55636071807578
91.91172761590128,127.83255226492228,29.15423119711691
90.34908814894962,122.54927889239676,63.50330181887527
97.10587106950608,122.39143847848324,35.513159306205935
91.3264239331481,125.52344985334749,13.389047871604523
87.50986069459266,122.41109928961887,15.548685147581768
90.25826021716888,124.93331662587136,21.00555704811669
94.14543577051175,120.41682656503843,33.56502124713774
90.07367567796643,120.08467613806776,27.788347211279085
90.24952109014026,123.21235106555214,111.01946376962042
90.04585053173896,124.43254155351607,24.21304810572733
92.17332679318568,127.90890595652245,18.96135282375492
90.44984454958644,123.92812843269036,18.370275490308305
89.25738280866655,121.93709428417824,16.91970809413027
91.2750743821544,125.47557918272008,26.28667517420049
90.58327471101038,123.462897529452,54.86521063006153
91.44020427035892,125.17033114183664,67.42648788414621
93.45205717458929,125.08842958304275,16.62674715854034
93.78698707105336,125.93648944797546,48.47788283022148
91.57608281692076,122.2624973777769,80.9056381062086
91.34164099031884,124.85283838197108,12.564724922162762
92.25824332756665,123.770253329362,24.160617666118696
89.28317227034553,124.19767698322714,87.03013995568114
88.57862983175866,125.04572417427232,46.36002035764628
91.9914625234286,125.4279487487039,11.602775052670394
91.1048229270926,125.92452093408568,235.75610308096563
91.3844976315716,124.1672400947848,58.62614540150302
95.81851073024907,124.70528296835732,31.38373042157245
88.73570700577166,127.33602416434331,20.703123437591145
85.89163106815,124.89391235290086,33.27381454425221
91.0770362282326,122.8085320200687,28.841835220476764
94.40427695496383,125.07455580677448,23.466812559434647
89.70545849728677,123.9170976013458,36.0086958832171
90.6448381494322,123.15161325648874,16.223524541002718
88.74659590259628,122.41409779983636,48.54792752500412
93.41718079449512,123.76696257270818,31.51942372709155
92.54942961253494,124.12043015029352,34.73833046194157
90.22873963270408,123.5082401978418,15.619312843335042
88.9015502833162,124.64842427919626,16.607817698108697
91.4113695196348,123.13030163053216,21.517742813614998
92.6494102436949,123.59563865818272,37.00487598600176
93.16378558113632,125.767038277815,58.69050145550756
87.85343130930558,122.61219546764114,20.58109015532416
93.79424897307103,126.8289861943503,14.372513383967584
90.8530455743033,125.4353724060357,45.86343905015916
87.89214579779015,126.77295025069829,15.082806858870155
87.6334828580108,122.63603766381618,12.258596385894284
87.2467649646793,123.02121768769264,25.451353172687828
91.06874459098375,124.62436061011653,85.78688279507574
94.72170340673676,126.14268153916636,41.51653494211786
91.8717330897655,125.79534046630094,12.843136019515445
92.11198176761737,125.49246688140326,22.339025155516083
89.08983508429367,125.34969727139794,25.438002827956204
89.63517178722515,124.7854951004201,30.586065920304502
90.60586974638257,123.07712698883724,23.697282501995204
92.68639374879776,120.86470064376653,14.925389606321469
93.88962204151352,125.97479651406177,23.70536891186289
84.20344365827921,123.91968518476692,39.68250842538707
87.67309116900687,125.74227942847654,55.51698664387864
89.45405281274608,125.29581519823824,41.55681816248659
90.40472326189509,127.96380802727776,70.48194513563107
96.05609310161483,123.71248381365488,52.43178496263035
92.55928401015048,124.55222629483396,37.99671385999501
94.92538512523625,125.3818047609159,12.702197953440251
89.3025082883284,126.21578899803582,28.697991283829737
93.26556383426583,129.93011241856237,15.733994334451758
87.90959225261881,126.74366645907637,22.35100221224702
88.05327799803666,126.05081665631523,33.94702675217978
95.75055586181364,127.83325911245323,42.673853148084056
90.78773979524452,126.76201304215968,64.2900019016104
93.03843061491852,125.97688218734818,17.27984277798512
95.5069231603052,124.6665224421401,15.109873963265844
93.72032405772008,122.50389028968904,40.50193571333459
94.11102652642262,122.3535757480985,12.036357610263584
92.90162110619036,124.41063201134354,36.81139605399409
92.91159782539454,126.70858735044372,18.85797160590821
89.31501264717863,124.95106495704064,23.603431653342327
87.8622142276085,123.74743990677167,53.08818333991525
96.35546813925012,123.8419707866035,70.68574676445947
92.05724508196327,129.7000459916268,26.97515570379962
86.88228327710567,124.32902843030593,111.9676922966578
88.25235006714225,122.26920656504394,28.05617762570316
94.09822112820667,121.20872902221494,14.622017782581082
89.45310944972204,125.57367767518332,24.801099910452308
91.31263654976468,127.08895501334442,70.77091805158679
91.89601086562251,125.13870478046708,73.92221729688805
88.37398976772333,127.24742129775264,27.53711706868258
90.07125866045783,128.85400105537977,29.92319376385812
89.89492778341314,127.52219283136576,23.734688212168848
92.43141774259628,125.59167904423428,59.63297119121041
87.12966718108144,126.3031805258116,23.47161742307897
91.81724733216464,124.39687509901344,32.28618085487458
92.31719072556004,126.24466347417058,19.41829473202773
87.47165083358512,124.39773706466866,19.752082701173308
90.50515169292788,126.24019559411806,91.27743469951936
91.4564725681552,123.88300058791728,35.82473536878044
92.68388182007082,126.51406296689017,10.892117336738457
91.02215236891328,121.64120382145722,31.3704427090546
90.7097921940295,127.16000186117935,33.67320600287951
89.63831654999872,124.02266839772405,16.44556188764113
90.48209220281856,124.90081032826411,28.859187312495717
91.71270386564596,122.6951731965162,11.14870075310598
87.40945049563584,123.94867153583309,47.88849227827988
92.08685861812988,124.77860436256915,33.17185928771379
95.33614637980124,126.63074537996133,18.35669632777032
91.1547659628122,126.49803967712636,16.31921413537752
91.79357358456666,129.9870841250965,41.0892140483854
92.9547440049586,124.07063817597358,127.3688860775181
91.71383387288093,125.42226327422904,37.20941930911797
93.356076892297,128.85242464647305,113.6561121189309
90.64376688228069,123.69415779848966,33.33192940232165
92.65759667793355,126.08754880921546,28.80537017572
87.904679021529,129.1764843106812,29.035274072844626
88.95155933129811,123.59195202489536,36.17860974073355
88.25168095943344,126.2179265349127,15.383506671102134
90.598564176168,122.9256239409623,82.98340044897219
93.00518242523096,124.34505540394296,62.73992329332102
93.12274744516988,125.06960871429682,113.1338797963832
88.36370114925838,128.9004515257725,18.49701728022051
91.39217531275204,124.6593528582996,28.464189132160836
91.21760218503898,124.1078882380147,39.70650739256602
90.0848311892821,126.03667171527373,19.84541236757631
89.56320855123535,126.47946583476995,26.01594620107532
92.61097197464149,125.19552405765972,45.46642288222622
89.36788131058745,121.80571443776648,150.14807392553763
89.33258490987114,123.66767434840992,19.76738069280789
90.01806549236628,124.30876745360212,30.68596961184167
91.3108791127835,123.89088649058758,44.58024744137453
90.72232794014482,124.36245920449896,71.99247071111864
92.13542333483696,124.53610712975896,21.9728830762846
95.41310890149818,123.033862930283,94.7494155476774
92.0571671504297,123.82202204951491,11.468818348307424
90.97931807330292,123.89510984817052,23.02663267543544
88.9291651331139,126.21323157630984,68.257660988683
91.51998296720744,124.28688402262802,16.66270684750326
88.50978159204674,126.42203610178538,26.590820701642286
90.96403802531977,125.92743405467915,24.61095374100322
88.63169336489354,122.6208232857628,143.6264812876815
85.48665544111502,124.66997095807676,19.1254969977781
92.33957701241924,125.76319797003644,27.184780006621136
92.95795334368384,125.34577262281864,48.34464029579834
90.67938368985472,125.97635394365616,34.13603395921456
89.72429430500222,126.42159019250104,10.99078001871828
88.60997795674658,124.3208130970859,37.13656011669087
91.05374801393975,123.61501489295352,33.24333106256465
95.24664251590276,122.26906489694016,11.971422319080803
91.17530759439,129.19367484666736,34.06797365737013
91.54557405358533,123.21087527492608,65.18368319192726
91.6877573111272,123.1068142613642,182.80376919136285
87.25642979052078,125.03753432163268,21.58305713636636
94.46988112037432,126.61665312284973,16.3676710301671
89.31262638109476,127.64300783471192,11.25850282242191
89.81364222448431,126.88581133349038,22.798600450303717
86.00126495686595,124.28321568020168,19.24587229249017
90.80841856498668,125.27460678130385,19.361176921921405
89.43581919466376,124.41615380134364,60.05429782785279
88.67247945894995,126.59041654987196,12.194870025243617
89.86479734738086,123.47457988896468,91.55801582637773
94.32113933988605,120.85878742060731,42.18394282532265
89.89642247738968,121.92100512990272,114.15928124825535
92.54050997467684,126.6063501566057,87.57176864946744
89.02200246661967,122.79299698520602,36.93095033224476
89.71160635579444,125.39627009319824,17.365501695218747
90.86117102509718,124.8381375449999,17.52236096712817
92.35253097752444,124.73921162182307,55.48814701279556
95.26722343324158,126.62052232799954,29.299479887174847
92.17244343181297,124.48777998397044,67.83055860196214
95.7872617919964,126.30806316744876,44.48222457336295
91.6855965509874,127.21427291389485,65.99383920251596
91.20495582125513,124.68709870170112,48.96640103117783
91.56282412050346,125.88930426349074,15.07715890090302
88.08149850646768,126.24040388144364,17.140032008608873
93.99662280952762,125.98701592562266,10.753910503442247
91.02677494840876,124.14495971856306,64.0987015775649
90.14418952249184,125.78168241743148,28.48235942792493
92.91386877324167,127.65136665342658,16.26612131888664
89.33213562527528,125.94748388734833,12.701552534879449
85.99056725433583,128.12399213056008,30.96188851293325
91.1901858589139,124.19063948282762,14.679848328566212
94.21785660518148,124.73700070928822,27.50544955430757
89.56074410836698,123.38216036770194,36.43164144839082
90.44672993085943,125.3172793713846,11.631656146290291
92.4543931995682,126.5734099055914,103.1497851880208
90.13245373439752,124.29464403146687,16.093349445943623
93.08261085616869,127.00063199954108,34.63732553699027
88.22811800510846,126.59834391937376,34.773686719878725
96.08182434313876,122.313500233046,12.452896331472758
90.04651722105142,126.2238713209534,73.92408332296867
93.91822072901064,123.3329413783799,19.46942883479459
94.47473611236067,126.31907062702712,35.243945574225435
93.90667208637754,123.42377757823496,50.36185726963176
94.74657204894106,126.20951098719507,12.71809038575216
88.98023310211036,124.53836566128736,43.18308216342477
92.6704494076646,123.62399840478834,20.77157196243132
90.55068312753448,125.76965024590989,24.536178404705414
88.13046330716972,127.12553753463986,19.53662687638603
90.71984584031443,126.04997754256802,32.22517214748115
92.77729775611424,124.32462634458214,18.54308725306023
91.11643156643072,123.96663536672374,11.110525606453654
90.33117770029364,122.8954189042366,59.48147310922269
93.57167879013656,122.76049650766991,34.34919399576771
90.72035930151876,125.6493883766547,22.37463645100397
88.00976555966889,123.35658962273934,30.47197757658044
91.30105713614591,124.88312944465495,78.65955161582652
91.6566289777649,126.14464895701566,77.9750757712697
90.18083628078296,125.21729896682886,70.0732986388112
92.30401374101072,127.4343959450346,18.208240796782697
93.61924160304348,125.2606443667528,26.23692168318444
91.80958433140658,123.10054039167522,21.59492544022357
87.97591298533189,124.47428783305078,27.494025372461625
91.05372773898917,124.7478006339497,52.41480448444759
94.35221746561608,125.4689685766174,22.10404469561241
88.06766255595643,126.88739315216944,50.92919637937148
92.2580366602182,127.2812298792279,14.1888291309826
93.94274834874136,124.83229395066805,34.31037981687507
90.92602478776368,125.18861430455462,17.965391122058648
87.47512373879778,123.7000778489533,21.1044691733312
90.1578054709826,126.54876765344255,45.53801534088108
88.47955301482158,126.28151101599651,17.368608192093408
90.912690043034,124.35166218735196,34.75766458701426
89.78718823216798,123.52960589388194,59.642244752107246
92.224289121489,125.61322122491438,20.474019311302904
89.54608623617773,125.9309271696874,51.04158138571517
89.98054464858546,126.10133644964436,24.29059602631996
92.69978863329251,123.1337204681112,20.81909517221756
88.45059142963673,122.64655474435868,89.74428975137545
92.57141453506758,126.3864807130376,33.62923605412162
89.08742170749464,124.41112299955572,80.07607403175099
89.01499220752301,125.35606158745776,13.112416245917707
93.18112295679232,123.16515052522094,47.02265349118843
88.26013427875039,125.2613204663864,26.089799705020035
91.10201155968512,123.31857515860436,27.275940227070528
91.2316859361072,124.95209213534793,54.3875150203997
90.22070952526698,126.83646848419016,62.73486938077478
86.99190614770485,123.50745173137612,26.74113800784543
93.06466424952616,124.25293104060852,22.34566095484573
92.66453477623762,126.86520846282168,12.81946219135003
91.76041992254537,122.92124020520164,107.74700026862824
91.82092358044548,123.531854455192,28.46518858154283
89.92766882761549,127.10128696922332,91.29635350237402
89.04337263433037,123.91487666877428,15.265780506740448
94.1913458000444,127.0227498676428,34.845949888298044
92.39857258107034,125.70281703543404,96.35134407973932
90.68002097026216,126.57105649564002,18.15917719028377
94.38009717260996,124.20431351362356,93.6360127283091
91.8614508955681,126.17014062778316,29.451514403067453
90.19359466590204,123.18435603888604,12.3088582277145
93.09399044438813,123.745471920236,158.14440922868647
91.73963172848252,124.52399643333705,25.72210017902069
90.36411063360568,126.0181803025824,34.48516281800718
90.25153665664293,122.92228945036032,35.481063091318646
92.57422274311394,124.9327821186292,15.37608193926037
96.382627311293,125.96141300932688,57.22792167910717
95.89658332894942,125.61018418842504,73.93405901083528
93.86452476484232,124.12277120985596,13.591916302018127
91.73678926586574,125.2659035364982,28.122030991497287
91.9568467104664,124.32584581919706,21.3911061651842
88.55148499257902,125.07977176965235,33.9916063051404
92.34492339007669,122.83844857152448,21.433992056307154
87.9190543396442,124.9881086750328,21.25584556665796
91.94142613974638,125.52914737719648,28.728243483289702
92.19890239303534,125.13853777109776,50.35165373716579
89.57933651715051,121.66900299980588,26.6704166683821
88.20414638832655,124.4571786457417,22.18064722810568
88.66935082497979,128.7378656579326,21.414488594169622
92.92520058685665,129.4741288753608,54.61595626926946
89.1298223802905,127.5365986440682,10.387136688666184
89.74544073855735,123.83458109064594,90.87058741672848
90.85516551778554,124.57591025943154,68.87706907772522
88.21124838732716,125.6672298714814,29.74644816639717
90.99886273652704,124.09128105024443,120.96127053195065
88.8984991507577,124.50241506984293,17.27243060294236
91.0771015421958,123.57643139525072,17.206306272781827
86.49487969508213,125.47556374743388,12.796692031731965
93.415050700238,124.92633295593106,23.701380005553997
92.16188039976672,120.80229374466356,38.9582376977084
90.9772415082021,125.40089024155758,15.208998136550814
91.15352659062404,124.82501887547386,113.28137478284664
93.39147837087562,126.54764218854989,12.678332280534798
91.15309495510796,125.65458177846337,82.05349375342708
90.2523692430936,125.3819865738422,16.456147244109175
93.33802161668667,124.9870139180335,26.150269196640725
91.40802001750468,126.43275369741494,90.42343619830844
92.95167952273046,122.40347906714098,55.6003476316664
93.99268760133954,126.98290814967078,39.66251513089959
94.48496325276852,123.407760896326,12.23869093343818
87.96169016992022,129.06802276894717,104.93635837859834
92.4519680823784,127.05796771364912,32.80171036211169
88.54086689871836,125.09624308549706,30.97934021683129
89.77782625795409,123.71643969246436,12.596639830099772
92.90229564608777,123.36955612019143,39.02762606256812
92.40236097388014,120.6886161182364,22.47560114300246
92.080389113464,126.03813745057252,27.11080183080093
93.41424604676568,124.10405622818128,16.426986420955842
89.45220185713471,125.8162269237146,16.362607900482104
89.21249774380819,121.76535686722572,53.92951679521977
91.75895004546943,126.49527640040924,19.260536589461616
88.55376575103946,124.06032193928208,53.731570573459074
91.6660271004237,128.0807347731309,21.64436544891622
91.8136594749988,125.61769320624823,90.5291715150417
89.26135278877118,122.92215101218945,16.95311502830072
92.3741368740296,123.43752917385753,28.51796557982461
94.6793125623314,124.76488446168888,24.514188238334192
91.32360808358726,124.87926267020912,59.30656856307958
95.91853293638012,122.6701694940043,10.109890359671644
89.63796763152675,126.08823504373044,11.155505433524388
90.86812515630696,125.4836645486469,11.613011973301546
89.55450747906228,126.47436086410684,17.879122163607306
92.77855470908118,125.42208680265328,82.51774071038216
90.8859824337945,124.31985744488824,35.033623226303995
89.43018245110756,125.27487674909744,11.210835101566529
93.06196823117024,126.25225474698128,14.134942300772362
92.0333934465326,123.80999459762884,60.134252435296645
90.07247925699696,121.61462944566472,70.55652394326742
92.52177834158276,126.56470253383446,10.609807630127335
88.02632291975937,124.50155319096083,51.91788540801696
92.50708747690288,126.08438012710862,33.34583776146174
93.95757207524466,128.44531356597753,43.93102920340273
94.7453407210232,124.82310103270603,23.49105040102256
90.70479829143774,123.11443606785926,16.654200102462372
90.27802939927976,129.9598957859376,37.61548504060578
89.74300200777893,125.09771215352136,27.183529551908773
92.80085631644802,124.05623700549236,11.187587370292867
89.10264086368372,127.39019227755148,33.075426154829884
95.2747045363573,125.13964867746738,91.9190173244721
91.97242165437802,121.88258917794828,26.834523559872547
91.25337266361024,125.02707514265278,12.611837652165022
94.76008985487132,127.9061765036248,39.14675567127874
93.54234309585192,124.38869930622312,11.187166235150318
95.1134001805855,124.69320077751377,24.187145143719537
91.02103047537148,124.87255273094688,32.87841851515832
88.83779701440822,123.101918856215,10.00723101194292
88.08201449078908,124.2177324521712,59.1823566968852
95.3022438863394,124.63912746115912,70.21809997323984
92.55496516437792,126.34510659095528,60.91421905351808
92.8214398257106,129.2312117482295,24.509990095908933
93.21021665464848,123.33055230328956,14.954313987836612
89.30502362662726,124.5999626758614,36.51237632161437
89.77082139021616,127.14353842675654,27.70309069644969
89.83558683898025,123.90470596086172,27.860616675155647
88.45606727822391,124.79749111191724,42.68583519436555
89.83534903900365,125.44184567990531,55.97039674167189
91.24245489742722,125.57301253125937,14.897138687544132
93.11382295596287,123.6918724082588,24.489447095913924
92.08967371240524,122.81360905030476,30.02921055616514
91.71320695584922,120.21848459134516,32.475983953168225
87.67877312809729,126.43829501571584,89.72234480793071
87.49257846732807,125.54134961514995,29.837649390145597
90.43859839540684,121.15031833433548,18.50932357775385
90.22878278415996,124.56875458677916,96.10478272254944
90.76237106022872,123.96131743220612,32.03348428113035
92.32415406762824,126.08529070761956,43.91180059864245
92.76196374669958,125.34147454803878,55.22213156043042
91.15539623668964,126.06480149254396,14.21286928722481
90.44608632842956,126.52925889714864,23.62615573217585
94.03384150823452,122.5394064283076,26.992114489397167
93.03378244149522,123.50490610770764,35.59772979511863
89.94758821467555,123.37845574847952,50.2161794311247
86.62671300289522,121.9591550920522,22.266544450228476
86.35713906954149,123.13608953618122,53.45870347464172
90.4792151067839,124.21649810344394,41.33242839236608
87.98265577061852,125.42205470915732,87.00579676537689
92.65569599486628,122.34629394154382,23.23540352649161
89.09055137634051,126.682354070346,64.15842103045318
91.03649932693848,126.78000419014144,18.100496184847835
92.09000157893406,126.20122284145056,76.14986819135711
93.33243180206053,125.0894366566084,10.276234368219546
93.31124946088592,126.36976692080978,16.746818826397824
90.46738205791952,124.05772676530184,38.51108465593566
90.89945369360252,124.81706280261216,10.857890386348432
92.3667775453657,126.35194906750712,18.4209983156992
86.88433830736153,125.147296989074,25.72950981207909
90.14194570770132,128.9508549411523,81.60630273590033
90.51755050356964,124.7286711201556,12.042900303783629
89.10521405623061,125.6118227954234,35.45178035658552
90.78825281603704,126.5206270569638,73.47387929665405
98.351893473627,126.14863439428534,25.830191782195996
89.17524165298656,126.90713423047974,28.533886117004485
91.30530459322692,126.0364773155226,70.48954357074985
92.92174480111744,124.12131027764173,43.17395783113085
91.94889776322636,124.14497235769711,48.1846355200142
90.78035725232712,125.84739770144624,13.293085829545348
92.65074995741594,125.46154156076072,61.907557115696505
92.1605563857364,125.49331475044156,31.914502910590443
91.9956788832102,123.05327025278883,28.58611251393791
88.31222453563261,124.83742669662674,36.09428168891923
87.88672785888582,124.42920936965992,39.76432623128873
88.48028950385905,127.0955852786288,47.25250575683643
89.38630535510242,122.99025275321132,68.92939266887353
91.13616331815044,124.50111335806795,29.792191072503915
89.50703814122987,124.0620311968831,29.391154321845764
93.42466226743451,124.83640246819428,17.09174590278381
89.24805629429933,124.56708847002592,30.88102874959048
87.86115356132292,122.549591119556,17.982500934925824
90.68285165081844,124.49891396592902,25.806664833242657
91.91605819167631,125.2123830018563,24.337410911391835
93.60613765553934,123.15656432863346,34.62195375260994
89.02381433733547,124.18206091444394,60.25658085936639
88.71531144956782,123.7644899270292,53.59317290147351
92.05525289220029,123.9719726504846,90.84394226069529
89.62408229651788,124.842241873673,98.29812241952057
95.87976855549772,123.45932082361404,18.741301074033185
88.55335504935408,128.25822230567937,25.65844384808134
93.157164827037,123.16740963311685,24.494585568843647
92.92153042251388,125.26097365961051,57.4930666931964
92.14054619778852,125.12283362525078,28.281657775006703
88.42451309592998,121.62976637018902,15.617668638968158
93.0304467289872,126.79568659017454,19.326879081366577
85.61139342446926,126.8707974021262,14.785840464409215
90.96418565062004,123.24264370667336,38.37588696980486
91.52593841176456,125.6737070681006,35.023860140490825
91.00379025371436,126.38767905753828,13.496611835003444
92.8812274677422,126.74379896558403,11.41492345190102
92.27203581027472,126.16194541415094,33.54984365636652
89.68644334691882,126.4864021235173,22.39980918678176
94.4470089029302,122.46406515908582,70.93122264331001
88.58173448874088,124.52744225671488,20.043711860466225
91.75985344440484,123.57580520103362,11.446137802607426
94.68206724591175,124.55326349118506,43.128050180508566
92.84376600552204,123.23050776688616,69.58307782270872
89.60080146325247,123.52039894141028,60.205481406800594
91.5874448104592,125.95272867679226,48.228984025982086
88.9597693536468,125.40112002554208,16.33694951737374
91.54847262385584,123.9023334613369,12.476988876584128
89.96776419333878,125.32475184092354,16.376852654786614
90.57094903978266,124.36354597382072,29.89942372348396
91.9005462594182,125.79797552709395,37.943184302116094
90.44051871652108,123.9448542521487,35.340912907046665
92.19039080371718,125.61643586212612,16.989144684983387
94.64427366555638,128.32202586208234,31.03961956164782
92.59572506663936,123.95247761356138,12.43610208889897
90.10637033745851,123.33157479095446,13.36584849562264
93.189349729367,120.21899282235188,15.256089195044929
91.6257631209056,126.16969460432573,30.0517542960583
93.85845463883932,125.15212628865184,40.5984494049354
85.88286409118035,125.96519537193308,14.144653127623172
87.65254431725519,126.11869809816596,26.880226276466956
85.36208142222664,123.94261428652574,19.635305667055587
90.4307414750272,124.24533041156587,75.61121005819885
90.88953669851531,125.4975896296057,11.2429689257268
90.34944028408825,123.7047481901698,20.596316404416548
90.25323344217972,126.80527325282908,32.434116963835905
90.3506403546953,124.50641921696894,20.841194299216223
89.34411033692864,127.26770649799724,12.06138796715254
90.72294735232956,126.51146590006267,146.26449274036713
91.70469913288686,126.0038184424454,27.541481617858377
88.71380604431491,123.45829109213412,32.784175645322506
83.80236297464845,126.6248471307132,50.19959022959087
85.55926738900554,125.94748211162688,35.56370803939011
91.1733154176127,126.16042499897928,69.33362581670033
93.67019390007977,126.97343393521268,95.515446476037
90.32178636363932,126.16741897496291,17.999456091727925
89.74152904179041,126.82619833128727,11.531883887251114
93.90792458684722,124.44241516799023,19.379744880641628
93.87770960525206,125.13404464429186,25.13920690901923
84.6945779927713,122.9422243965657,19.34999497471829
91.45368733468644,124.11293850925124,11.293503409012342
89.66370238039222,127.93201125310672,33.588240246533005
87.58160710692184,125.36721607782434,15.5335746091634
89.99630228974586,124.94592855793611,52.87162273964465
90.822637759067,124.81994014618598,28.14565972140766
92.04247809730552,124.11361614623536,37.80341206091245
91.58167200161066,125.2599802639321,13.867768883233191
89.94341418743757,122.12186012663632,44.888463556743886
89.66128642475117,124.16869180499836,21.809873658187374
89.5124579831914,123.3951969604433,12.985956547944635
94.13617979664208,124.87148194103764,20.11705531368318
90.3825415538076,124.84484689070112,26.539439856128556
92.7375846582204,124.0975446599144,41.483002147732655
89.82370567255148,122.48792674623328,10.7502217676967
89.97710670542145,125.3068505652618,33.073528089480135
93.50640579728608,120.9429037671708,19.7809299537209
93.16010179198814,122.55113038284912,11.907624734658416
91.78542533626543,124.06792760303514,12.035544566706148
90.95586853608268,123.31469786744212,23.558379197100745
93.46636837415058,123.665381696518,15.797176999880794
94.46333004093032,125.67606852773238,26.559068417308907
87.31696708291068,124.95457011667357,20.90498446635349
91.7418174368219,120.9115723760268,26.124062672212595
90.3003375688061,123.27547917334256,21.11590645053388
91.49545282062914,124.34101897805331,17.745013744338106
90.09390768731456,126.6440623740567,19.838519630871893
91.81263023503112,124.26681011107765,40.588173825409086
93.1127847061041,126.37322158551063,12.343482921658955
87.6023268803357,123.8314230611804,33.06266693207334
89.94596684529625,125.38122343582975,38.076653213900194
90.2926302875481,125.46444807338274,17.65478534276392
88.49679257430253,125.02986260660506,18.91565706598332
89.64755940678843,123.15161079751002,24.025541999501257
87.26802279028574,124.47339966284618,64.35033371999835
92.17463845414196,121.90333869149268,25.23740777859029
85.71079131588348,124.73849544560328,43.02584222927623
87.45563583986905,125.24495425352524,22.600609073058973
90.92434492220158,123.3458025904276,27.365927860980147
91.76293540527888,125.61217858273814,30.5745890584536
90.91501677493656,123.96492161933796,37.43458466981993
92.88453234634711,123.16011981462928,25.18963815553081
94.25397536405342,123.3374461544212,35.28301137098001
90.23050613559408,121.92535650789468,12.447308598064057
91.49363535574608,125.68925904051238,12.260293976339618
92.35882760441864,124.2534505180422,17.180096824754244
90.96544262293796,122.05797111678538,33.484157645289955
88.60572441306111,123.27786256719612,63.67373539298266
92.65515062927392,123.73776862952984,14.008990270866958
87.92392204181742,120.24817411547836,34.41326713083698
92.838773917484,123.89712818540583,97.77424095849383
90.54232237222472,126.46195041830003,26.084187997382724
94.0395028717286,123.98519409234224,61.54018022868806
90.89394519355464,123.32742623732511,18.20198026103891
88.70480801433229,126.3707026165324,11.741011026153874
95.97272422815516,124.21563520673418,34.65319923769037
88.24799283554839,123.6547687742527,38.45545814727484
91.25691132764288,125.58949447972468,36.411454042307206
94.28674831115424,125.32847046650708,33.79672374381393
89.9379066268389,126.31306118873644,19.0108301879036
87.70536032061983,125.18397595576384,13.8101820523031
94.58600430073852,126.0823298527551,65.06057471234539
94.7533871397327,125.76440797338392,22.96855010642411
90.49284927830868,126.87222163385692,36.81504975905384
86.32028026913632,123.38378416871676,145.89265301173137
89.01997920002931,123.44082237163684,15.475516656263007
87.6330561708579,123.48812892719673,63.09591313910323
91.86199970434444,124.08326567396452,97.38231470879865
96.34854623524474,125.63890573975615,27.91324014201062
89.95643193378208,124.6828789028758,16.271016121306864
93.45905549780608,122.5714871962328,32.56044324724413
93.62956641860994,125.87487969248478,85.72349862844453
91.16063315609536,122.33825848326912,11.702082086781672
90.4299439444227,126.51830387714202,10.25169400985249
90.39476855673526,125.13929584358442,15.539293228893374
86.0650703397753,126.7921399656213,47.59358497526205
94.7452505387472,124.78603499567268,10.03855753324828
93.55881150580724,122.82407769115194,32.94281091060895
92.62167058827116,127.24615003658678,43.72989475855918
90.711735730743,125.32038891640832,26.210119434186844
89.94324022295723,126.25773636053486,32.13569508700287
93.90247908800136,127.35260038654094,16.396399997421923
90.6115514140864,126.89543962924974,64.97711077253831
95.60718007089925,121.98231127535558,48.72000839913308
94.99723783054914,125.2620069544602,77.54592111282284
95.3232542985984,124.43343147922684,148.8302497485839
90.82527474207517,128.55242558859197,17.049148611298747
88.74496415724317,125.14357498228884,19.8999006381801
90.2312400359192,126.05615684821952,43.08036711062567
91.94286011235546,124.17471221912228,36.04134520233201
87.99985109223884,125.20511386734442,80.31314788523511
94.0093363586559,126.82480688245298,17.117588366824968
95.65271977482992,125.49078420982542,15.911158163443664
87.91607265650494,126.72975284205803,25.184441735495508
88.34321458750918,126.37275877660804,27.848390446113616
97.92339162314522,123.7607365133076,21.593538172722862
95.29137956574029,127.6844295777696,27.2893995473238
90.41492852693456,123.75751650209163,45.19581542088636
95.54268636952524,124.7825950611022,31.611512360874247
90.82155168653615,125.42608881935271,27.41784446620682
88.2733559862831,127.25170361378105,133.30927922891726
96.09346823392076,123.26886935569138,21.863449085578004
87.96263252286721,122.8381941748696,39.29033444025153
89.26412441022465,123.6660894420393,27.93643220786637
90.7828048888844,127.0020475261386,27.303547039439827
93.39885817717936,126.67392329057076,19.142540206535777
87.58307694559181,126.47375577199044,45.05270283987944
94.74205902179328,123.69865739381316,16.70009001871894
94.12303646733754,127.48994965287422,12.249121578270495
95.00738276330036,125.21946146573562,60.19008046889999
94.1536998292829,125.83890998498096,51.989040288237774
93.37867563579358,127.4678284567984,43.204060121032335
89.05176672319155,129.1965053153451,40.83998762900839
86.16603382359457,128.75022337793624,55.13581518478917
91.22049701623668,124.29968655955368,30.81592474887537
85.60369723934421,126.10341790454451,19.748093770508483
91.07322475688356,125.42177225418388,40.88395508595309
94.04116215606756,123.79436470050906,32.511348908883974
90.26270198428618,124.70901590789028,35.87376193457281
88.61539433095864,125.29867802208086,110.30807889513596
92.10134589882055,124.77233406202,12.292288472562444
92.07095164643016,125.62345081772634,53.84209700046897
92.61453580527706,122.69495091438893,21.20605945709307
90.25144840166296,125.036830295456,20.968843350045294
94.58739106528527,128.66428065515217,18.89812024033615
94.88892517960372,124.62734140485702,92.46343739983674
88.8395237641431,124.46826828857088,51.68380876342012
87.83241949966578,126.00399579778352,41.04547013005947
89.93720482598611,124.67746107728776,12.25387673759934
90.7802790264022,128.36000884211666,102.45939275438796
95.90715342172572,121.21773233121148,17.57931052460918
93.7537140056662,121.847570082348,86.65000291569208
89.81297286680727,123.95520278642007,90.13688335006373
89.62158689788924,125.45654446801343,14.514940611785438
91.39006330400912,124.20132499033257,91.39741823552568
88.34668589704555,125.6310972217983,33.451914074039294
95.07275390384116,123.01086853224378,59.84406395465411
88.89932223321635,124.91451680721856,12.749467291773977
89.75699184850183,125.97488461526422,83.81805617721693
94.28108301031774,125.61384600853178,42.83318546556327
91.95508016537502,122.97574154989871,12.459040539830898
89.37264195508665,121.92222482719862,20.753064560362382
88.31681341141213,127.88297445220071,37.44604298094646
90.15421901444554,123.9385108696231,15.6359495813633
90.5880256088692,125.7299161787383,14.11544674491723
89.36536575301461,120.66066897161144,51.39449158876455
87.73038284134606,121.91777221500874,74.0403343341225
90.9855203165384,124.74590896589596,42.3134429717505
94.54687076081278,123.73961366566957,19.96117857429634
90.29872549706631,125.41006866389336,24.245658960349655
89.9042914248656,124.91399632707568,48.08445473361103
92.83396577536628,129.11904367699367,31.02865532106052
92.98372234552546,128.09877957401218,47.00880846497471
93.89461309106824,124.1220732112486,22.20366969829904
92.96918118465966,128.9440342702564,10.782386317781258
90.72418093415962,126.35535947163945,22.51313175333702
88.73128155146314,124.70899388738368,58.78296415278976
89.88075740155458,125.6617786352702,28.236713498927053
91.42005503945256,124.09697753653464,10.939290742424294
93.46783730958322,124.77766347340346,10.740801415855463
90.55491546784802,124.98470243636449,36.12696827427104
86.95232185416054,125.15902852451276,33.884150127606134
90.20921135563437,127.7330564252968,17.427713744343915
95.02886838019931,128.5739118699557,19.1742996700838
91.66877679741422,122.91360893468143,21.359586871505726
91.40008457894184,128.02904059045076,17.57292367543278
88.16878632802276,123.47724469240936,13.274193999276267
88.41277861767188,127.16861014045904,17.837762736557767
94.6157065018809,124.96658015062478,31.766756718657064
90.090194766553,120.93922980209727,18.770538819898952
91.32363890536163,126.00843139023974,94.67218216940763
85.85057620628719,124.99813283621484,80.9159376522987
90.43170107021392,126.816097498566,25.92331430475229
90.3623618722691,126.32117852283405,49.012233929720125
93.9306460705012,126.15028910118464,22.28176115454503
85.33608984615198,125.91262212524292,34.676804972974296
94.04811332202632,126.38602003294612,72.76012140593423
90.8130214238298,124.20871407661627,15.169458823296086
84.96776486725125,126.92740290658492,70.99943475067631
90.74341859929068,120.01244930286184,28.747248029779755
90.21075201808114,124.11886820513912,61.56684434070849
92.08013420078896,129.31565085713154,30.43725023158494
88.96774765997957,128.55580958963887,10.412011694759748
87.84127392648851,124.8394713659267,45.91890132319561
91.79271555447312,124.6850860126582,56.856584577653344
92.75008904391387,127.08535114145944,25.85557630152812
92.0202163370619,126.75173468952862,17.893536265635316
92.29517775113057,125.0018117352742,10.27730461982669
89.09494483472244,125.02371093698927,10.975524061916088
88.00071561127295,126.85657833558312,76.78938174972626
88.48141758669719,124.76109040402008,11.374043289169084
91.12810533568658,125.1076580994514,25.3325333609923
90.98983482546674,126.22683562704393,27.476846747820428
90.92074228065128,122.52887991568994,74.86559108350735
84.3458411951684,122.85931648032432,35.812939961378646
88.0413512958068,123.78231774957648,58.756820707198486
95.92977759950074,126.47016877679673,73.77099293865666
89.51092656004886,123.35875347769677,25.97737525537964
96.39566703915574,123.21020923936436,18.423174879573185
90.92088874672774,123.20826283599844,13.878153530409662
91.93870674782303,124.26942638245626,13.623090848242722
87.67031994391076,126.10641063646383,25.877866545133827
92.04875736550878,126.92169204160751,15.896898988145171
94.49397288601722,126.42884460930432,12.488021296347442
89.89794351734051,126.7370840467318,67.59047803568217
91.74801046166206,124.32873882875045,15.5477581450656
89.38020653174505,121.77174714867292,53.9926848755286
94.25051510961566,126.20288449164588,22.338551919914085
92.39411472428137,125.95829745225738,13.899475334994875
88.74897405324562,124.51940777697293,36.403167162984886
89.9684003157051,124.22771716242184,29.35123566468564
91.8214462230365,124.78818386641096,23.553807252955536
88.63014550678886,127.66993032826278,15.370938703576858
94.02193119483412,124.15006711209168,24.409319815371404
90.8749339333006,124.43094871620626,14.555002141808414
92.96692331169444,124.75806583151984,19.808155719766265
89.11078523959866,124.85065628635802,99.99896012949564
89.24248362590595,125.1483189332612,11.76489243607355
91.95543181685106,125.61060823461057,63.43775064695581
96.84619540423782,123.33462818387638,14.886533035090771
95.8409408910286,123.37264552285406,73.32948850927367
91.0691408540558,122.68966339620492,14.142672594860665
87.66123189295588,125.20945738993449,11.000495490846877
88.74699915149965,123.0592911536568,77.64244121995567
88.03313190721859,125.87056546044155,15.008189256372294
93.10692999235644,126.1726237118082,49.4700752225469
85.83535397903837,125.88860189844704,47.05159539802382
92.2614501976294,123.93642009284947,44.97074889772738
91.85446374059669,125.0852737312654,17.443179216368954
86.29248335613933,125.23695187338332,57.13392343763823
93.52602318204048,127.56440548918653,21.343137330639017
90.10785676710174,126.35925331703764,17.053418254277958
94.7668135223655,122.58231339724706,13.019621542472084
87.56039950812067,125.64636471616372,23.563757146012566
93.36415079695205,124.64449240879205,52.383904083823374
93.3395841320554,125.0121997350152,18.92653671742856
87.50948309627485,123.03693155807584,40.37520509166168
93.02835783638916,124.06407436300994,17.501487049153333
90.957677481325,125.2538948263046,29.22878024431567
90.99197438958278,127.97390678962492,28.28216009039878
92.50837367294471,124.17753091419073,30.66683789964335
90.59852814057604,125.27577674409272,65.31850827744998
93.03200704254044,124.35624638568584,25.854662132384234
92.06920238180362,126.02299900542612,57.452380664271125
90.07160934975444,123.1761680969426,19.4981457870938
87.21888503819181,126.75906583016166,126.96481579248596
93.70554769621631,123.93601012719522,19.37055739763877
88.52142708288785,124.65218619889087,11.25524486635492
90.30162235216258,120.67343053467124,46.62983405157125
93.08879580490708,124.61886227206077,46.88105886860775
94.95604594494758,126.64588850025036,10.950135644313406
93.5411858109222,124.5430449908404,71.25204934177259
92.62637574469552,124.8422891307622,14.477718679429287
94.07154271627992,124.2074503823928,45.44378037043263
86.15755116135716,129.85757681938492,22.29832646822213
86.41839426671979,122.63073463847532,18.016155147762664
89.63301096925711,123.82459439314792,22.16550599867372
93.24722736167176,126.14831167440184,27.159185482906096
95.2816387901592,122.95902271018883,36.39838693986594
89.35189004618236,123.72849713213832,29.9693190706228
89.11936811882339,127.9260679355877,14.589095235346075
89.17491373524292,124.5560697249706,17.216368176613237
95.57873661528448,123.0092836255562,13.345168961446827
95.1858174188221,122.67093124179355,44.47219027867499
90.71708400176512,126.76737294850098,42.428540339099975
86.36865656523436,121.7922222074709,121.98911918926552
95.09398711728566,124.37056074355762,32.79812634210317
92.44695482391006,127.01079704324522,60.821758422185226
89.7384303770252,124.618043333977,143.34800938997242
92.70887697276876,125.85653006017478,58.459379543424646
95.45490636682524,121.87260887565812,16.63971345055151
92.23977748909928,125.60213942828322,30.77152886884576
90.52974544900786,126.5708243274876,119.1942022256646
86.06402170021572,123.25953820964156,25.73949819155321
91.68056843550714,121.92641718347022,15.651757931772917
88.57254089505123,126.9162256817309,32.64007656935887
89.02127159231357,122.14437348317216,41.92120495363727
92.64663354360124,128.53692251223413,10.007288918435874
89.98064009016139,127.93919204195277,38.13857947518626
92.53543551943233,125.65281145496112,44.320274381490805
91.02366894210331,126.38863945264592,11.969317072958336
94.152065567797,124.77308812251393,25.13772038554067
96.18431936756198,123.40188164154318,32.92128218299494
90.4582284260684,125.40616568141353,95.9520221285516
92.08726522927782,125.4013287184324,47.3446732683233
91.2023310307016,126.01482101537692,25.439722575602453
90.051812600559,124.47202782223636,108.73114640367506
90.7344013959539,124.92738181252872,24.16314226499022
91.1314159557518,129.98539890597277,44.70682030789959
91.50462874612788,125.45768229769918,16.499706657380866
94.47040990918482,125.22339006133708,20.63392145657836
95.21583721104663,125.20226577199628,11.234825298970271
88.42229415561334,122.74560586123629,12.14455809940359
93.7590608507448,123.35484511436546,14.849744155571887
91.31578517915008,123.82465177035084,71.99965895431988
92.75081215848748,125.18475950501056,22.239433766912583
90.41046473480633,122.99641504990676,20.25708225093522
91.73484902104968,124.76834753628232,12.044901772594656
90.55556198625204,125.63894649203532,16.369415519689248
94.42775242751276,126.89444875578052,24.208399404072715
91.55145540507844,124.40946512692273,14.075745529977826
89.72764224203125,124.60608051435308,15.147182942575068
86.40948843098748,125.5434491699376,52.90855467803437
92.08136711694796,124.306170183634,10.478945002625204
93.60681694588988,128.5993061146522,31.190012265363624
91.58279192732223,123.70072559991354,34.82301058388781
91.61782106894148,122.7990015081868,21.278690427713517
93.01241656440718,125.59203813243784,20.491356991044505
90.28485477700065,123.27220709523144,16.41739965470344
93.9184673922454,125.2160367191429,22.91866311596756
94.567560418237,124.80811615307744,16.806775567259123
89.12775843508629,124.14773222539586,36.77913806734969
88.90171631104498,123.6889401321016,46.3942714296581
92.9316087987916,123.81719551763676,10.741905049291832
91.15233075122056,125.18026446037784,25.917978591551925
89.57498509059948,123.6718637135105,22.14671930764203
93.03459700180072,124.55495594457057,36.81181075592035
93.12727855075345,120.73769464726158,86.3235522078615
89.12164678936405,125.92355388818436,125.1993974236182
91.43348956479156,124.58953255750042,39.24472172060903
95.75323119540144,127.23136532549742,68.95222124136652
89.06942267861706,125.64285306514353,128.94608692584092
90.93230041159896,124.79465633557317,38.53484919925221
91.9305633438508,125.93528333262935,57.32908022742739
92.77440586303346,124.7822712232592,16.08030363076704
92.03739941259268,126.84404269411849,52.61461047979547
90.97756081177954,126.89773971811324,60.92807813697277
96.6076190306656,126.21147248317492,23.628345907163737
88.00693236491313,122.24230030500424,36.67019241205786
93.6380204804459,126.95041066730056,25.229279755174726
92.21018405551472,125.14673865707344,22.264194605399
93.37482174650772,121.45217221050989,121.916250951973
93.50286642420951,126.11851446130142,27.462900691232697
88.41415806913513,125.3820599736868,31.42455044104576
88.98209359800514,123.5783041978734,114.6412865631476
94.75591754802352,124.2715390494372,45.44770937143091
92.19991552600828,123.92300857612844,38.84606431660576
96.23460465423932,124.5827504585304,56.57403998164684
91.0511600358517,127.8013888500003,22.3632737768977
90.44777650476352,124.07426292603525,19.469058695813036
94.98541638959937,124.3268546925093,10.888137757635176
91.30738211652417,126.5011312241775,51.20055132771245
88.91123908175676,121.44498746998642,30.49488341232482
87.95511995829123,122.77538034656013,16.922942316632074
93.11903190955616,125.25606532081152,27.460502419098795
92.24014914661986,125.19300190211747,12.01628780468226
87.33086516297982,123.48971693885235,62.341994778855934
90.47572545316096,126.64177838575009,28.741268694440787
86.69154896294991,123.4697093094531,29.98768621775192
90.0038825137767,126.25065275755976,61.7080606141062
95.49814245851007,126.08731714718104,41.20643565519564
88.94183437954163,128.19773789754606,63.16447351153855
90.70772883457288,126.7729957320439,16.59374915428062
94.64564199571916,124.76535085104724,21.449024770257715
90.22268480691028,124.43804331119482,60.25019585824836
89.23096546434599,124.52892867422636,14.2677894521895
89.85899993586737,123.2505306145338,38.897249334954914
92.76648094202147,124.9007551386547,13.600682463825514
91.30124700725725,123.06664226326676,15.099866830912276
88.08157904986952,126.46205694361898,50.82397661336262
93.47367958190576,124.55357977493642,17.717965546530493
92.89849112352908,125.29819904128432,31.70370798840904
95.71449729452644,127.12202235229988,30.28954119865946
89.68526399973875,124.1912277801959,121.30594762816932
88.43611160622699,125.23324404188834,37.94327343304471
96.1499261886548,127.85885233420494,105.99826263359776
93.31740159218695,126.44768913339776,68.63683358061591
90.5464361188487,124.67807399628202,36.264031639805744
91.9512760760159,124.34201168938164,17.044635160171424
93.9058882104128,124.90311313552684,31.383552744816484
96.02661321375876,129.60273405617056,22.936061071293324
92.32859039842452,123.07087522427612,28.05441636151537
92.49848969095495,123.6852770992538,18.776516100107365
91.6184318640666,123.77554978122208,10.347788602381998
89.01729872732516,125.14800480751636,14.189034676160093
92.66035812056856,124.30315263704937,36.58035608136121
91.41175604828511,124.60608546013005,107.71266118661312
93.01366261314844,125.52610721089412,27.94030694136768
92.8494294457708,124.06731898103196,40.70878127864157
88.68243015745306,124.34496287569876,26.02927949702865
90.58430264248403,128.4472958747374,16.951800081470196
91.09642984310628,121.7192515180632,26.146779811146317
92.3617160784934,126.4487074837204,56.20667624328385
91.79855942216706,125.94699053758264,27.477560058516648
92.18666730639296,121.45162565758416,40.88658741029895
90.5151578776754,123.11819860970716,108.25220443146786
86.03292164064499,125.15818801132134,19.457075877024863
92.59864370317293,124.90018168023232,58.81916424973157
91.6621536721268,126.3958812668502,27.22239812610522
91.52125151112229,129.24726604840453,17.458812121510455
93.40166434059684,122.76118312419368,19.935934269424678
94.44640520142526,121.83309158711118,41.502589165164906
91.74769014251272,122.98313047656882,41.80972461125431
91.11951832091424,127.3086880907925,103.85814985013062
88.74123264219128,125.57431808324212,10.090763301941752
90.16036739349038,124.93390651039806,18.547873950419216
92.2201266374424,125.31590436484818,15.998123862802837
91.51115039566292,126.08768663424787,93.69973307437246
93.29390618841188,127.02670325140602,34.33206471571992
96.09395904193752,123.66991153474864,15.595047072944178
90.33376876370498,122.56807901302705,19.881616199608164
91.56994259581704,123.05628630762438,10.012311208927487
87.3998875318935,125.8324267625441,44.945497393325525
92.0774511278578,124.96080062517422,21.539751906074933
91.2846895705306,120.12363788970234,66.1618702223409
92.94591489838274,125.77426678393348,15.115214786800898
91.06128373063252,120.9930045343227,27.615707563219747
92.64505267209248,127.38355763529242,55.60934324434714
90.69249441526118,126.20456151023468,44.18734659148969
89.26402746889394,125.0294998549754,82.09054254493982
89.286083450486,124.84804701662404,10.54589703166964
92.58099265584778,125.662772277177,56.44306725614123
92.40396402233516,126.50734871030424,21.7422312057135
88.23039386159606,121.83367449442171,73.14036753729188
90.53535396868668,128.51873191364058,36.44596530233055
94.15142032798153,123.74417952481453,31.6237775622215
95.80239376505573,124.15652195499376,13.01749556075402
91.27914929756876,122.68321182947632,12.863504081131826
93.2194464465846,126.02486843206998,54.35647215717777
87.25650703465502,123.42341796095036,15.609064174598275
93.6777130298417,127.56968889449324,74.07522728330063
93.29888825476084,127.02795397727668,29.92400826090546
95.92054910412526,125.10016240142168,27.83496137331456
89.24598760852936,121.69124122533935,24.71913959481845
91.29268037481494,123.81007851711526,15.69199047031166
88.12211247057638,123.0909955119632,22.670978995116062
93.2859045385193,124.62420623719836,31.589491832461245
84.78159476808348,124.63798257773637,10.287542237649706
92.12998507079746,121.69863648217846,81.333217361089
89.17342345001889,129.534254093433,33.48174538600938
91.40319644603184,121.19442648694064,32.05162625808154
86.35419489899866,124.95873178567469,69.24860328224831
90.85983445965827,121.59622710871156,28.019611983466035
91.63329103641378,126.95986410603004,44.89114567320279
90.95711777405236,121.23174783955338,40.67045429554527
93.91869839275633,123.67522905822496,26.245329199083205
89.43730252431011,124.64160952483758,82.57885987215876
92.26390305478331,125.98686571789804,13.364574197721762
91.273666794903,125.54223126422065,17.96013476504814
88.04781618186135,125.98835239134112,100.1006887692664
92.97198168171688,121.81264116995384,13.084488495142248
88.62365564897205,125.14613300610053,10.453363460543422
96.0131972176531,126.4612889958774,15.269913905572263
93.5317633390018,127.26472646366506,30.94766256597448
92.96436633641186,127.30687875832992,69.48794422952648
91.67092325808292,127.68675903493876,19.9996843073423
93.2661583735567,123.5479149548333,44.82315839344666
91.3358071709935,125.34705549841352,11.062573487543336
94.56453458961676,124.22509252386524,20.240636454551925
89.9534401459264,124.0605255856026,62.661347660129245
92.06176528157732,124.02223497977192,19.665997721713904
95.4665724963054,124.45416245641944,33.048556229379095
91.28588337152974,125.04880162364066,27.8886842945246
89.57821297526765,127.9298973137524,48.039742825970016
94.28371496698036,122.80810421878807,17.754509437370015
88.17436042953317,124.70148529628368,36.30188119481979
87.91313985923176,124.454040282077,33.11181991572109
88.88007379134733,124.2461571680124,73.71356765894336
88.49023483161625,124.1021750500243,25.93562631437568
92.55207341305471,123.2459990147124,11.0878519463273
89.00069081514799,123.65689294649962,30.67323863210102
91.54954510568642,122.38136738569196,34.23450823345452
91.45296052381372,124.19017115361544,34.550488953512655
91.1544872763274,124.37384034863688,18.71951959915677
87.94376185064277,121.6574241693905,17.230682554756232
89.26881235925897,123.55548269916696,11.85859736269563
92.41913704320764,123.65591687649962,21.813656571537383
88.74654139146688,127.52951746994296,32.889417320272884
89.52815040192685,124.1421288817123,14.658746395708402
91.343036388985,126.74630098346076,59.53234616010839
90.85746140563896,124.10435393051574,15.814621201583844
89.37192801317448,123.79395793030552,22.325875527003703
87.60497507668245,125.0653628267498,17.567517749009422
92.15858091569902,127.04832934459958,26.759503633333782
86.80397375621394,128.19126033830483,19.187851294964176
89.70681241659614,124.64247630138286,37.92382368470935
90.05676020924105,125.9729180153874,36.70924682167983
94.20083501556564,124.08521317433002,88.8912991203951
90.70495457060848,123.75974700743863,31.0608574943584
91.19090562868168,122.04257766095284,30.98819232735125
87.87884133258049,126.13397363686477,20.253499800756643
92.23184244891944,122.10774866635208,42.7305523934746
88.39970678415939,125.86385016276722,75.97902799055468
91.73284458344074,124.96417527021757,65.97359307565858
91.1789401414326,127.08569237907348,45.28154237510824
86.92213842124588,125.5827539597429,30.538530416386315
90.63956916340824,124.23879475084551,21.27358096774777
91.53905430714138,120.68838883444248,24.75673786606575
93.34635982620128,126.53644948825256,70.2364601189386
93.26482921407556,126.33222510672302,17.25238418548221
93.0015363727659,127.22924737662828,23.20022414570962
86.84237731052075,125.23451122424149,18.71337210971625
88.12115371977656,125.7888448255024,24.625943892522685
90.762186180764,123.52413269167212,130.65074801918894
89.48780006041825,126.66142614559293,24.882654729051666
95.9328603172107,127.51045932509032,12.823576513339336
96.6327547776766,127.86282503860711,37.44102627133479
91.0282003852844,124.4515802521455,31.08014027512884
89.85687654412953,126.7863314669446,14.85966569646546
86.10219780037062,128.48560183451963,13.957038479833976
88.69255124265867,127.04755991936786,13.195109947162626
92.04889382976432,123.7830051381817,15.719279628412483
94.6022712322334,122.70013991699751,104.9851601916878
88.95586744058674,126.49642649264533,17.86022849892608
89.5930639405433,125.513143612405,30.31089060758885
91.1133826707682,120.86820227334395,58.90594459021965
87.41151468318138,120.80499582614536,18.81987891367326
89.62948181555812,124.89372313421823,17.865835334648292
92.32367994446584,127.0091621471044,22.41867828088518
92.398151117018,126.48697778259886,14.632370261340906
90.76142680585453,127.1465881701218,68.53444420400575
92.82256444702163,124.22839578477132,21.08242515724405
90.29463513026202,122.97475500774752,49.52969295686096
89.4381227793411,125.35993708895973,12.755989666927448
86.92895509359472,125.28705235867643,77.8467787800988
92.89937438574096,125.58052837941968,11.785755572542728
89.7362173038923,124.92152130176602,14.547486257012558
91.43688429422927,127.69778155208486,27.24928117983452
87.98570579695131,123.91328143134766,14.058970717099449
96.04526877101812,125.50890714912966,29.42345119487677
94.88619082151924,124.79303740802769,53.26884135892778
88.75356758252833,125.00770438459269,154.90935720755968
90.95731944424485,125.73884540865376,44.8130756011122
89.74075337113631,121.98378088313426,65.23292327920979
90.52627570450343,121.97064121682564,41.89340423471382
88.7408826940912,122.868002961513,47.06537939070903
90.41395477590032,125.28896777286532,12.628032513950425
90.7791084075092,126.35311207472996,158.02680794482328
90.3025838687792,123.84118277341706,73.24282384377825
89.45940614575927,122.3758792280031,20.778979862761823
91.4138992627912,125.64989738319127,24.9004965601211
91.76610889415356,122.4162540184862,25.864617007157378
89.68242576771347,123.53925889398138,31.49469708530983
92.95052412297916,126.69236761092256,96.24008780485212
91.9122610813592,127.48138059106076,30.979081972598507
89.08731907276855,126.82713373110512,11.512237655095038
89.05237812868742,128.84996419367636,67.64851384567976
88.36610855952665,124.16370941585834,27.342595093766864
93.45667517536904,124.9240066868337,10.882763733950087
92.6801174067934,126.58731518969752,17.234330791959838
89.53603799496608,124.73451199938174,69.20034431538593
89.4893839542907,126.48811073361657,41.415961518038486
87.58089345149341,123.32280528409078,10.131073319056092
89.3998222678986,125.86497587755346,87.56878072875116
86.8358920151338,120.96242177059553,22.149300309652983
96.88999723629856,125.73579321312114,27.55107485200243
90.77730667717992,123.33615374083276,21.5545281555426
91.2840969077791,124.73507449399376,59.89036897077217
91.89476874546617,124.1435493265059,48.71544004624623
90.05608200230161,126.87209082031131,21.174245576262315
95.46709168682828,123.90937935066624,13.149614963409917
88.11360008596334,124.98089387297374,19.54288519286593
93.49543781136768,125.2832794560655,63.47542421216895
93.55923227597415,121.8713292208784,12.3418835590943
90.48121984774674,122.38733996389938,83.11238319038351
93.77206770154642,124.80286053240252,52.24850346529272
92.0786043186702,122.68684932316488,37.99697152329699
90.97970100316172,125.16602961951492,39.7240755955047
94.34455264059032,127.35842515519556,34.20481497693726
90.53454730457528,124.9942482032924,49.53559280382883
90.65759852798216,125.84141529556888,71.78041931504936
91.1839337606416,125.28345415532492,17.28660633532517
86.58690859076154,122.81304216253076,12.625754111362951
90.0501168039318,123.50588222940988,29.78524722363127
92.58768277308444,124.26732657008894,31.651381277102388
89.19881042656674,123.68247079968044,63.01465985652178
88.79713921764511,120.93410370721142,35.37867462785621
94.36011916460122,124.0887097512712,32.46429632359729
93.43039469726487,124.28725399157446,38.65210820529638
93.74691291574275,121.79778932633008,37.066585960240985
90.56311594279356,120.55901294632874,15.380438177434606
92.33064524204846,125.5801013263675,17.74065859906687
91.67469997833716,127.64638255603133,15.637800687616352
91.98911046328516,125.67063685577313,43.04264113595059
90.4394530066779,122.51870966044676,38.20561707532771
92.10952792327396,126.95268334284368,77.19805222758887
88.85119091464547,122.56158864702712,21.2787652264901
89.73231643347829,125.99706236174389,89.46273642892355
92.23231525948955,126.09764042322246,90.12595883618204
90.00250548940771,123.92481191977728,18.46095444536367
90.08269880520952,127.2950102455473,10.160152437511492
90.8912081204503,124.06106713918288,22.429277481748954
91.61566854909512,125.08540545121696,35.41270345074837
92.0220732256112,122.56091467280012,26.84266658758062
89.34317382503679,123.27814213325031,21.95822970366994
91.78272087793634,125.32691156521574,40.96541189122708
86.96965160009319,123.92879515898368,22.140788438142465
88.98385684125459,126.60114155627996,41.38301824101302
89.70464023384945,126.30020454322164,45.77192012649425
90.16228208170722,126.18800299212326,24.150156573605106
89.96367999263586,126.5392866760696,61.10994760017886
93.31489021920729,126.01049476430612,22.482961042403637
89.5959636788138,123.451011087446,124.1122999542512
88.07851694468782,123.96614661587446,32.355990164753834
91.75395121209128,126.0379340297126,27.183599975623256
90.39394341567288,125.27352361894889,22.49165372149758
93.44859582894712,126.93788921266534,18.769067056494947
89.086408259864,124.48225864472307,11.189483498353695
90.12004535401348,123.60105351026444,29.907201910831223
94.02453963156158,127.1936382458977,24.43596680452439
96.0639127623779,128.19483557502969,34.924113683391155
89.72094306658741,126.57584901296924,13.649198224873665
88.09830425278803,124.74456938946815,184.1794678460344
91.73878252305394,126.86162982050858,23.571956867832345
89.02270211735805,125.28741020537127,66.14730725154027
91.3624509880368,123.0886890663922,14.709651409909924
88.86115619614102,125.08773952099088,121.97940600355676
89.20766509082425,125.95568163403593,18.904977310048217
92.48616809572994,126.40469031377206,68.79761060484759
93.589717274452,125.9779856168988,17.458065307891395
90.86356335966272,123.5130511903185,16.738325084280113
92.93753067374338,123.10451674292749,24.963705939336137
91.55867388991813,125.57995158335883,18.766695332795564
90.84388623149,124.78316546916,10.92913730666937
94.11330261852332,123.91217593252296,50.50232933587525
90.83157469831956,125.18098258044562,48.47011116644982
92.54561808680984,125.890416835227,29.03760048538218
93.63293344747623,125.34112739674634,22.04985510590275
92.44360998316564,122.43967050458826,25.27682963838641
92.61252510302371,126.73173966495254,27.02045335711155
89.14196585692429,124.45502530870564,31.598288610694244
94.4264269120879,120.5906689965813,71.69661944741517
90.23999255086537,125.27082785755474,47.7808170548494
89.49279696748906,125.66107437949326,14.68946290105367
90.70078434811546,123.8962681874587,96.09858404126504
91.73346442473702,121.00020036236278,29.36816420022698
95.1162144273368,125.61090774493664,42.13963258307352
89.46441750109695,127.51665168053218,37.570031949818286
96.02300277668483,126.7248081488332,47.116035403788594
90.69096331732332,124.73558860499372,100.2292956769633
93.23070899623264,128.47286046451885,51.1281042196005
93.42673742571704,125.74886623875472,42.450338480836166
90.50898192485197,123.84767333968084,21.698136539808907
89.5299182954795,126.37357314938257,38.81936965376818
92.46133056443104,126.59069063223154,49.718789655369214
93.2998310183852,123.07753936137944,30.55986343166145
87.4787308895543,124.9065305610798,42.31932867840461
87.19754740555692,127.11613894649815,81.9005744665074
92.15915128486635,127.07327395747176,53.98219614632354
91.72990082435416,124.93416962795072,106.57518668396968
92.94838088220884,123.92555103402182,61.52093321768802
92.08102218741308,123.33414441301338,67.71387179530358
91.8819054443574,124.7760772758918,16.68954346691477
96.44267802689666,126.60728902979793,48.28482528911167
96.81684697872927,122.75118811025844,49.11058392449906
86.72727591278138,125.82299535188643,10.00158484983065
90.01559232374271,126.4499497695676,102.32181122010954
90.53327177753523,126.78998626641032,10.473008285499851
94.2361187499626,127.88367759689746,91.47890093633907
89.43425084851043,124.22504735495414,64.46051254206503
92.4437363329572,123.8473271924937,50.27154307556637
92.31908441513217,125.102250898769,106.50385695568
89.20433066953976,127.9046415493838,91.02310257909568
87.78867022994115,124.40774217395683,12.374047215352611
91.4242864986786,122.41421978287724,30.8616728026087
91.64652668444631,124.53883239980853,44.84200466586714
90.33237503311734,124.51994569448358,57.09303897078589
89.86382835055825,124.60496954183768,36.2414132882402
91.62565549028449,126.80640694729408,81.87976809980033
91.08000404837055,125.7571524225438,95.4149443536559
90.78140446052257,126.22170644793512,33.09230916942789
92.97231437684748,126.33618516489176,82.50452224488974
89.45596130634037,122.67114392220188,66.23226000616874
86.90835892833675,125.79511260438788,32.78617278234542
92.47334512893,128.05654168308342,88.66983353684974
90.03917860414998,125.12070933364436,29.384599866553025
90.3570819694545,126.58828186315438,88.90527116753682
89.4359538653672,124.20629748309224,28.159396895070664
89.13670811969858,126.747074827979,23.72678448709955
94.35136560459983,122.29257335107673,45.98305240479331
92.61106899077645,126.9155874754242,83.91296525099273
89.19848902888461,121.18458773534256,16.6710962332793
91.7058447114066,124.9892624770075,11.29770157294126
89.90797238911334,125.85608943147048,21.890159676955424
90.20296457320516,126.68901546775508,14.16773469474955
92.2743256999534,123.80069218892147,44.88395777307365
90.88459776232652,125.92620715158972,21.12170844368377
91.42730065944336,122.69536245660048,48.35138553916848
90.53664085281368,123.96778403364924,12.767622426582085
88.77592100353168,124.8591742180649,66.18609489147272
84.24707259491397,121.35638679073858,49.53673621257929
91.62749824889056,124.3789196311072,61.492819388341445
86.16549736662964,124.72103354617796,17.511629126601363
93.40118281501812,126.69562110697488,99.10481210530676
89.13214530123194,123.97360125552424,79.75891913829872
94.28927651596608,124.21842725693548,72.55583049599831
89.18531600092145,129.70482543662416,58.49641534079424
94.60387805961984,124.58989491130602,19.24157489440679
88.7603032806404,125.54745731487417,31.105970296440383
94.89059391591708,124.7113270354983,34.308187244754265
93.32391174104096,124.7817990438785,38.7309065662576
91.55625470380106,128.12103905705615,26.79654466560953
88.65753574200772,125.57938182327752,16.9967470360217
91.74590091156436,122.17266591445754,22.36158766808521
94.32166999730052,124.76757206646492,45.69003462837388
86.40013720209362,122.37012617972162,53.54538286731745
91.47882481864276,124.681431829128,27.45896872196091
87.71055690963956,125.7753530402656,28.539498834229704
91.36541463188682,126.16144448179564,43.62586310080062
91.9220577379368,122.68052302015197,33.394260665385886
89.85082748268334,124.54140213193472,69.83169208661525
88.26961091674822,125.55136990972562,41.59750082827459
95.4699912266802,126.7058784567689,68.19771994565819
92.00959745810944,124.49679494094931,16.75644126293235
90.70077464904575,125.51024902975364,64.14281656284581
90.46449167254208,121.0393995066322,44.8243148916299
86.95148285047908,123.90900940893202,31.10586764228564
88.67906222324191,122.62672722270466,59.13216287205511
93.79749880292566,125.1173476400846,72.05714251635064
92.79425270380108,121.99579644600786,20.613792785144664
94.2616991173654,125.299668398983,24.1451847436714
91.48507437556964,124.50376939654454,32.96332801896352
93.7640376828902,124.36771737297585,72.7692676953475
90.01932243294814,124.5360770695041,19.276327501994764
91.63818006632174,124.97700076879512,48.94629265543567
91.34699019840188,123.91927244329288,28.517045538467364
89.12968772898843,125.4932828501327,20.44434523629937
89.22590950075863,123.58957051521836,20.73966304878953
89.68982813817203,125.1168394921926,15.48648676469028
92.44599449815212,122.5262787953929,16.650408558053176
92.81619510072042,125.31945613293637,31.30306176700052
90.84283985139926,122.57283080713408,13.509306226690754
94.29577593048148,124.27342021261254,19.21223887068317
91.67599521819504,128.00821031604153,31.86080655705333
91.1411355228802,126.83143928430452,33.894174564527134
95.6289122140096,126.61239586037092,62.92441256406875
87.34780029583433,127.62045318343212,46.23351485020507
88.61431654100421,124.94507218585102,47.68292527272022
89.01255860914692,125.85287797525906,24.336260978403267
90.7707919937578,124.8978201463024,11.367814620116834
90.1037061080371,124.2096822373166,115.77561886812369
88.87621503550821,124.62360843986664,68.86246887878255
93.55414200538485,123.49860962503408,24.35051089827198
96.76689652111456,122.96809707239224,71.50157409877346
90.68851156685432,125.29253423581387,42.64333323333939
91.88571135206126,127.51324213854204,44.53188137364244
90.9114226425829,123.87660379884696,10.596385298218491
91.47576741227564,126.6423615404326,30.02532107089205
90.57914721477653,124.32623962789616,45.12542693736353
92.33917948641628,123.8497866211017,16.95744355339754
93.60206215697484,129.35330729781566,60.65122466906539
90.63509539271926,122.9233769453538,125.69199458593238
89.21863820483262,126.03507394815868,19.85251085996216
91.9791968891815,125.67359515189536,58.938288205796034
94.7298385532436,124.90133100340611,10.16941685105104
90.36900959360962,120.22534862546529,13.151690319460569
94.95888954830748,125.31221172840064,23.544854019625596
89.10191709732415,125.38301339356327,11.331009949412158
91.96438717718875,127.17807402515427,22.853322328292183
93.60529267919256,125.45273225583036,41.24458039234196
91.5009584304326,123.34847328634918,26.74232801832698
92.64124073309318,126.81689688756356,103.72041133102712
89.2381466698734,123.53883360406158,17.252025936574704
90.11930723417495,126.37285588436282,24.242929370868133
93.3557082313637,125.6280694206193,28.69049382333688
88.80286450318337,124.85598509271632,38.17136336424629
93.94033933414238,128.28175430559702,20.199253611659906
94.3752347215826,127.07487054216786,32.798504765708
89.52838116972492,121.80181799778254,39.32681329397133
93.8085976692132,125.0886246995591,48.22358843445426
92.19888016193008,125.19078298523542,32.61468256973558
89.77353216351639,125.84859450189838,21.67321949179764
92.30764392040028,126.90724494721432,28.523662420704284
90.2325803938565,125.14289909859406,91.27752184569655
94.40619663768514,123.77046615006871,27.440399477635072
92.25675058216788,124.00960101873449,11.031195950415816
94.1682371183778,128.7130710439084,36.97976345212239
91.5133024218623,124.45778024412785,16.20087408424328
95.83992985792332,123.66929935838984,14.721683417695806
90.61045350264487,125.15672547920632,29.06045065677933
86.64292152276809,123.90688942546863,49.65584577436663
90.51181735542596,124.19057253048354,40.44182507326828
87.03747167496259,123.75182884104984,41.092606153324695
93.46008752405471,125.49965798302884,45.82969915171567
94.56923273568934,127.41512536677104,36.51619068429152
91.97770983663474,126.677515479929,12.250491368505536
95.44085481213313,125.53045313442423,32.908874616713845
94.0515768864136,120.7881025204401,11.58096649474365
93.79243382414124,125.52377054123684,47.96874737466968
90.55349270186268,121.57409236410412,50.73954666430686
92.11058110928047,123.77113521697768,33.79645075716159
90.8581421131194,122.1943937036008,14.682609434221709
96.26737374489024,125.25320223425248,58.92029191897714
91.5106291321697,127.11275146146215,23.184093021864257
90.77550090683292,123.03779405337244,56.96321561029719
90.92463271243253,124.5254828960488,24.12405228660597
92.547818462739,123.5985314996591,10.580772839086894
89.78484269894352,123.00063826138783,54.4178671878232
90.99809128608467,124.97150347222156,11.34692783113279
89.66343179203967,127.21774610645356,54.60813111441164
89.80140022766065,122.3444116349922,16.896291909991064
89.05884591860683,128.75072707748828,80.11770488264992
91.36163800933618,125.32136677582535,13.306885771594626
90.83074921398496,125.31100091459284,69.03653509669594
91.1344890608809,124.33405289613891,93.78368816668706
90.89185683517428,124.01324272127655,71.71972527528001
87.62426259203403,125.7459974309592,15.167836668009166
90.589546782444,122.11021649807452,13.352243599278992
91.12055212499712,120.0797218641784,16.65371452881774
91.80928497525258,125.95617528858502,92.63188421702742
88.57098721521776,123.24515822482525,10.65592850081018
89.45293365837914,124.82026705985766,29.82580473610219
89.78211700331873,125.45716406934665,43.46630914671864
93.73174132335777,123.68633409716684,55.75232507324923
94.98284697406768,124.3609069645417,36.73582854505888
87.52480872490902,123.897101379663,16.717429365396452
86.43675457023738,126.75355981407192,17.642385108019827
92.19029040497225,124.00135522483136,31.98464416774594
91.06425985838032,125.21883554028284,34.81330324268933
92.28826196138984,127.06887253489022,60.99060703397487
91.22851517581682,123.98184941153336,34.64588452091603
90.28202224714312,126.51414210198872,20.934484379998064
90.32223704371457,123.13617838422633,50.94816221067438
89.60227954699639,123.09331398069064,17.42674849678923
93.20631118956786,123.88352641271102,45.927233374327685
85.89243897651069,126.4354663088042,12.136855949979807
87.96626686100198,123.24139917129568,31.241374108272144
90.74211130012604,125.52531791611828,21.965997807518868
91.65930415256196,126.49617746959368,27.96689919467005
93.46201699226684,126.47195025261884,20.616473517035544
90.32935454735728,125.28983892822498,64.15823946989921
95.74340155450464,127.40739396458824,112.5318847380848
94.75388608464802,126.72698686287798,24.99423819634931
89.85407738851059,126.42889263823224,66.23156661331268
91.9783259175694,124.5683998644812,26.701130242764872
87.89349499136584,125.41449660221402,55.52391647300795
89.61381357883599,121.07672323437863,58.291299676014525
89.63000211284059,124.54480681935824,22.7443575310625
91.64329690830029,124.23389930478868,10.079068773755472
95.56493133651976,126.15435781895876,16.249166402123613
91.74315095108264,124.91305287931851,19.517888189210364
89.80467599790089,123.4829845460842,15.579235230657652
89.57865175304956,124.54410444153942,28.615224861382067
93.18703138584364,125.92814950236097,14.464590912721802
94.96364733013117,123.555313070152,111.5993360477978
93.29523859349906,121.27085976063388,16.862909229067107
92.01441268412596,123.18912838306451,16.179930404567934
93.01785484679664,124.06150106002174,51.369053719508685
91.81581356715029,125.56920698008456,29.02678419239281
91.63293343233192,123.99994079640626,55.82663860042708
94.44473579921576,125.4772258846378,51.142751106753536
88.18921320487505,124.91418481216778,37.83668566873568
85.59445285871857,123.35312508112882,10.555788431183176
91.59570852212592,124.62554229676864,10.28166674532526
89.10241480004557,128.3567939896598,11.005988220160727
94.01061615250532,126.30370258218429,20.99285422223306
92.85371425717464,125.45638548661938,22.701839299882444
92.241229893864,124.80187725508792,30.309763655842804
88.0272601642785,124.12564206669578,17.51726603229846
91.5388560259086,127.38396932130404,18.340467785073677
94.23511011636975,126.55299631867268,35.706726991802576
93.02187416682636,123.46152917297866,116.06333157218484
91.03796659267634,127.87949015761768,17.24520339213758
93.77528143011769,124.85761454683232,40.15817149466358
91.9374205720556,125.55589813711067,15.969037856105132
91.30253717494536,129.32359696375582,28.756234922390465
93.97674962297546,124.58804512592876,33.13476008985967
92.53278386139698,125.41210944858634,169.92156118596318
91.62690780842723,120.87174165265752,25.28026671430943
89.27254057930719,126.3909970675462,12.803174379368784
93.50189059267994,126.50467750206482,30.922587282912875
92.79116169790858,125.51105056494376,18.744879234669085
90.63284915503152,125.2138173844486,31.857093953596703
89.88300179900372,123.65048716135368,10.45222737858161
89.04425122517345,124.46614345347864,35.53962561221308
92.91396745661666,124.00419326143464,88.01020910952869
88.5335999530274,124.0012271353804,41.09834651114328
90.94937565035862,122.47081055853629,89.92868438767823
89.89881693609556,122.6707535777892,16.694641083019643
94.7324417600638,125.52536486063872,23.59604100321735
90.84760361406288,126.4234050978182,40.348775580726354
90.17222513632878,122.7811114285092,30.43579822992444
91.54766146509428,124.30028413408893,15.322423014276762
94.46715960855154,123.9372794059198,10.451885450282116
88.53462803756273,128.63982613573495,76.22340269737252
94.34579810708118,124.49739467328072,49.24664342215495
95.47156755728606,126.94199823602932,59.98268848235257
86.92874820983594,126.74780618606084,47.161414550366615
95.8332662809662,124.31192033433835,34.66621314776622
93.64816588784292,120.84724297555586,22.107331797085045
92.6476482750947,121.91176276287896,66.72112099250012
90.94144626304954,123.63687652178062,32.119211750532585
93.36614215402408,125.68800754402426,10.151145210248918
90.90243448053984,125.62802996114812,16.600189888284227
94.00395834831812,124.860763184867,15.756032762378716
89.49308977304254,125.71830189189384,20.108692784351305
93.54083827610154,123.35864992799888,31.82202182267367
89.19823633746127,121.5996252702638,92.53483914284604
87.34160229881799,125.18547982073704,76.57012061093513
92.23062865480549,127.27063688779234,20.526169311113243
88.88477299670733,125.34409797806784,47.87433371237674
90.56122369342496,124.7872516186532,12.641029846692383
91.96255069805582,122.8533669435002,60.11733842241056
92.50406866442673,125.70049243549973,49.236325764492015
88.58666375539597,127.39745239611294,11.274574970947022
86.12722771839728,125.59673706209858,10.701457213590531
88.16098291681993,127.03716843941028,14.832831886435676
89.80027440012273,120.11741422978292,84.79381491696992
91.12783532278227,126.04092428455536,65.92030200011581
88.68349522347351,123.9815783931952,13.92100416211452
93.3484307431015,126.35490729341775,71.18492514187682
94.9441659646659,124.16032933147768,38.56459028881248
89.78688356473464,123.9579506628359,12.890382613696236
93.4424679399835,124.53002830133944,64.09601239059218
93.58260720112824,125.00384457038768,61.98655691963409
92.05950748378702,126.56132357854324,13.262376969238298
91.29938799459028,125.11592385694888,10.093796016209916
93.41483303945462,123.95119766811943,13.449109680539673
90.00207582543621,124.5059809024487,43.91493205425388
92.24765877514336,124.38103411270926,51.495037417505685
89.64799090053071,125.08929889160216,93.70332624703596
93.15073138206093,126.55761452377402,11.662156008089797
93.28621754471696,126.90399786408028,42.48259165808663
88.38665286723308,129.6798736510525,22.054073660741206
87.28614991699054,126.24126491256048,19.432942333204423
92.27039092205992,121.93577199159922,17.99829676908964
89.67425390548293,125.92965267774116,35.3672566598115
91.75815527224889,122.98180234797503,35.00376748042221
92.79213896925472,123.74352837130527,14.381522445202624
93.96535122745368,123.72144260789229,63.18999975110162
93.25872217182965,124.31012264392513,100.24129714955778
93.3737438129989,126.70797787012106,23.104292796171777
91.55346459600568,126.24216281293518,37.73918197983487
90.96949378340535,126.55967554154468,21.21905018392122
87.56029829429772,123.69709652535796,20.418277982839488
